country,year,height
germany,1550,167.8
poland,1550,170.1
germany,1650,169.8
poland,1650,168.2
france,1660,162.6
france,1670,161.2
france,1680,161.5
france,1690,161.35
russia,1700,163.9
france,1710,165.0
germany,1710,164.0
ireland,1710,167.9
russia,1710,162.8
united_kingdom,1710,168.0
united_states,1710,171.5
france,1720,163.8
germany,1720,163.7
ireland,1720,166.8
portugal,1720,163.6
russia,1720,162.4
united_kingdom,1720,163.8
czech_republic,1730,166.0
france,1730,166.3
germany,1730,163.8
hungary,1730,167.2
ireland,1730,167.6
italy,1730,167.6
portugal,1730,164.3
russia,1730,163.7
sweden,1730,168.5
united_kingdom,1730,165.5
united_states,1730,172.1
czech_republic,1740,165.8
france,1740,167.1
germany,1740,163.6
hungary,1740,167.7
ireland,1740,167.0
italy,1740,168.3
mexico,1740,165.0
portugal,1740,164.9
russia,1740,163.9
spain,1740,163.3
sweden,1740,169.5
ukraine,1740,163.0
united_kingdom,1740,169.5
austria,1750,164.6
czech_republic,1750,165.1
france,1750,166.2
germany,1750,168.0
hungary,1750,166.9
ireland,1750,166.5
italy,1750,166.5
mexico,1750,163.8
peru,1750,170.4
portugal,1750,165.0
russia,1750,163.0
spain,1750,163.6
sweden,1750,168.3
ukraine,1750,163.5
united_kingdom,1750,169.8
united_states,1750,172.2
czech_republic,1760,163.4
germany,1760,168.3
hungary,1760,167.0
italy,1760,166.0
mexico,1760,164.0
netherlands,1760,169.49
peru,1760,167.1
portugal,1760,165.1
russia,1760,163.3
spain,1760,163.2
sweden,1760,168.0
ukraine,1760,165.3
united_kingdom,1760,169.8
argentina,1770,170.3
austria,1770,163.1
czech_republic,1770,161.5
germany,1770,168.4
hungary,1770,162.5
indonesia,1770,158.2
italy,1770,165.2
mexico,1770,163.8
netherlands,1770,168.61
peru,1770,165.9
portugal,1770,164.4
russia,1770,164.5
spain,1770,164.3
sweden,1770,167.0
ukraine,1770,166.9
united_kingdom,1770,168.3
united_states,1770,172.8
argentina,1780,168.2
austria,1780,161.6
benin,1780,164.8
czech_republic,1780,163.8
germany,1780,165.4
hungary,1780,163.3
indonesia,1780,158.1
italy,1780,165.1
madagascar,1780,161.84
mexico,1780,162.5
mozambique,1780,160.89
netherlands,1780,165.61
portugal,1780,163.8
russia,1780,161.8
sierra_leone,1780,159.6
spain,1780,163.3
sweden,1780,166.8
ukraine,1780,163.3
united_kingdom,1780,167.5
united_states,1780,173.1
angola,1790,160.4
argentina,1790,168.0
austria,1790,163.2
benin,1790,165.8
czech_republic,1790,160.8
germany,1790,163.3
hungary,1790,162.1
indonesia,1790,160.2
italy,1790,165.9
madagascar,1790,162.6
mexico,1790,162.5
mozambique,1790,161.37
netherlands,1790,164.88
nigeria,1790,163.0
peru,1790,166.0
portugal,1790,163.3
russia,1790,160.3
sierra_leone,1790,164.1
sweden,1790,167.8
ukraine,1790,163.3
united_kingdom,1790,166.0
united_states,1790,172.9
angola,1800,158.6
argentina,1800,168.0
benin,1800,163.5
estonia,1800,164.7
germany,1800,164.3
hungary,1800,163.0
indonesia,1800,157.8
italy,1800,164.5
latvia,1800,164.7
lithuania,1800,164.7
madagascar,1800,161.44
mexico,1800,162.1
mozambique,1800,164.1
nigeria,1800,157.3
portugal,1800,164.3
russia,1800,159.8
sierra_leone,1800,163.0
sweden,1800,167.1
ukraine,1800,160.1
angola,1810,160.5
argentina,1810,168.8
belgium,1810,163.1
benin,1810,164.9
brazil,1810,164.3
burkina_faso,1810,166.29
cameroon,1810,165.9
canada,1810,171.5
china,1810,165.7
congo,1810,163.3
congo_drc,1810,163.3
cote_d_ivoire,1810,165.1
croatia,1810,163.2
czech_republic,1810,164.0
finland,1810,171.9
france,1810,163.9
gabon,1810,165.4
germany,1810,167.8
ghana,1810,164.1
guinea_bissau,1810,165.4
hungary,1810,164.7
indonesia,1810,161.277
ireland,1810,168.0
italy,1810,164.1
mexico,1810,161.26
mozambique,1810,164.1
netherlands,1810,166.0
nigeria,1810,165.2
norway,1810,168.6
peru,1810,163.4
portugal,1810,165.493
russia,1810,159.8
senegal,1810,165.4
sierra_leone,1810,164.682
united_kingdom,1810,169.7
argentina,1820,169.9
austria,1820,163.7
belgium,1820,163.7
brazil,1820,164.3
burkina_faso,1820,165.36
canada,1820,171.5
china,1820,165.8
croatia,1820,163.6
czech_republic,1820,163.0
denmark,1820,166.95
finland,1820,170.05
france,1820,163.9
germany,1820,167.3
hungary,1820,164.3
ireland,1820,165.4
italy,1820,165.8
mexico,1820,160.36
netherlands,1820,165.1
nigeria,1820,162.239
norway,1820,167.5
peru,1820,162.6
portugal,1820,166.338
russia,1820,162.1
sierra_leone,1820,162.16
switzerland,1820,167.6
ukraine,1820,164.1
united_kingdom,1820,169.1
united_states,1820,172.2
argentina,1830,170.9
austria,1830,163.4
belgium,1830,164.0
brazil,1830,164.8
burkina_faso,1830,166.72
canada,1830,171.5
china,1830,165.8
croatia,1830,163.5
czech_republic,1830,163.5
denmark,1830,165.4
finland,1830,169.5
france,1830,164.0
germany,1830,166.8
hungary,1830,164.1
ireland,1830,168.1
italy,1830,164.1
mexico,1830,160.36
netherlands,1830,164.2
norway,1830,168.9
peru,1830,162.5
portugal,1830,165.292
russia,1830,163.0
spain,1830,161.0
sweden,1830,168.1
switzerland,1830,166.3
ukraine,1830,164.8
united_kingdom,1830,166.7
united_states,1830,173.5
vietnam,1830,157.9
argentina,1840,169.6
austria,1840,164.8
belarus,1840,163.9
belgium,1840,165.1
brazil,1840,164.6
burkina_faso,1840,162.59
cambodia,1840,161.5
canada,1840,170.4
china,1840,166.2
croatia,1840,161.2
czech_republic,1840,164.8
estonia,1840,166.7
france,1840,164.3
georgia,1840,165.5
germany,1840,166.6
hungary,1840,164.0
india,1840,160.304
indonesia,1840,160.352
ireland,1840,160.9
italy,1840,162.0
kazakhstan,1840,165.3
laos,1840,158.9
latvia,1840,166.5
lithuania,1840,165.3
malaysia,1840,157.3
mexico,1840,162.5
moldova,1840,165.1
netherlands,1840,164.5
norway,1840,168.0
pakistan,1840,165.1
peru,1840,161.3
poland,1840,163.1
portugal,1840,163.539
romania,1840,164.0
russia,1840,164.2
spain,1840,163.7
sweden,1840,167.9
ukraine,1840,164.1
united_kingdom,1840,166.5
united_states,1840,172.2
vietnam,1840,157.2
argentina,1850,168.2
armenia,1850,169.324
australia,1850,170.0
austria,1850,165.8
azerbaijan,1850,170.185
bangladesh,1850,161.807
belgium,1850,166.1
brazil,1850,164.5
cambodia,1850,164.0
canada,1850,172.466
china,1850,166.2
congo,1850,167.605
cote_d_ivoire,1850,170.523
croatia,1850,168.1
czech_republic,1850,165.5
denmark,1850,167.4
egypt,1850,166.35
france,1850,165.2
germany,1850,163.8
hungary,1850,163.7
india,1850,161.823
indonesia,1850,160.58
iran,1850,165.33
israel,1850,169.06
italy,1850,162.9
kazakhstan,1850,164.6
laos,1850,158.8
lebanon,1850,166.45
malaysia,1850,157.7
mali,1850,166.467
mexico,1850,163.4
myanmar,1850,159.9
netherlands,1850,165.3
norway,1850,169.1
pakistan,1850,162.0
peru,1850,161.8
portugal,1850,164.16
romania,1850,163.4
russia,1850,163.4
serbia,1850,166.2
slovakia,1850,164.1
spain,1850,162.5
sweden,1850,168.4
syria,1850,166.34
turkey,1850,168.66
ukraine,1850,163.1
united_kingdom,1850,165.6
united_states,1850,171.1
vietnam,1850,158.8
yemen,1850,162.26
argentina,1860,167.4
armenia,1860,167.62
australia,1860,170.6
austria,1860,166.4
azerbaijan,1860,170.816
bangladesh,1860,162.346
belgium,1860,166.6
brazil,1860,165.0
cambodia,1860,164.8
cameroon,1860,165.145
canada,1860,172.0
china,1860,165.7
congo,1860,166.043
croatia,1860,165.9
czech_republic,1860,166.0
denmark,1860,168.1
egypt,1860,167.69
eritrea,1860,166.282
ethiopia,1860,169.3
finland,1860,167.3
france,1860,165.4
georgia,1860,163.0
germany,1860,165.5
ghana,1860,167.757
hungary,1860,165.3
india,1860,162.979
indonesia,1860,160.43
israel,1860,168.85
italy,1860,163.1
laos,1860,157.8
lebanon,1860,167.16
madagascar,1860,163.918
malaysia,1860,158.2
mexico,1860,162.9
myanmar,1860,163.2
netherlands,1860,166.5
new_zealand,1860,172.4
norway,1860,169.7
pakistan,1860,164.6
peru,1860,161.7
philippines,1860,155.0
poland,1860,165.5
portugal,1860,164.066
romania,1860,164.1
russia,1860,163.3
senegal,1860,172.545
slovakia,1860,163.5
spain,1860,162.7
sweden,1860,169.3
syria,1860,167.98
tajikistan,1860,165.0
thailand,1860,159.9
togo,1860,165.345
turkey,1860,169.06
united_kingdom,1860,166.6
united_states,1860,170.6
vietnam,1860,158.4
yemen,1860,161.12
afghanistan,1870,168.4
argentina,1870,167.6
australia,1870,170.053
austria,1870,167.2
bangladesh,1870,163.684
belgium,1870,166.6
brazil,1870,166.5
burkina_faso,1870,171.2
cambodia,1870,161.5
cameroon,1870,165.715
canada,1870,171.2
chad,1870,169.793
china,1870,165.8
colombia,1870,161.085
congo_drc,1870,165.734
cote_d_ivoire,1870,169.756
croatia,1870,166.8
cuba,1870,167.1
czech_republic,1870,167.0
denmark,1870,168.1
egypt,1870,166.88
estonia,1870,167.6
france,1870,165.5
germany,1870,166.9
greece,1870,168.5
guinea,1870,169.885
hungary,1870,166.388
india,1870,163.782
indonesia,1870,158.085
iran,1870,168.26
ireland,1870,168.45
italy,1870,163.5
kazakhstan,1870,163.4
laos,1870,157.9
malawi,1870,166.65
malaysia,1870,156.7
mexico,1870,163.7
mozambique,1870,167.05
myanmar,1870,160.1
netherlands,1870,167.1
new_zealand,1870,172.4
niger,1870,167.298
nigeria,1870,165.612
norway,1870,170.4
pakistan,1870,165.2
peru,1870,161.3
philippines,1870,159.5
poland,1870,166.3
portugal,1870,164.688
romania,1870,165.367
russia,1870,165.8
senegal,1870,168.157
serbia,1870,169.7
slovakia,1870,165.1
slovenia,1870,168.3
south_korea,1870,163.41
spain,1870,162.6
sri_lanka,1870,162.5
sudan,1870,167.99
sweden,1870,170.3
switzerland,1870,164.7
tajikistan,1870,164.8
tanzania,1870,167.769
thailand,1870,160.2
turkey,1870,170.08
uganda,1870,168.07
ukraine,1870,164.6
united_kingdom,1870,167.15
united_states,1870,171.1
vietnam,1870,159.2
afghanistan,1880,165.69
albania,1880,170.1
angola,1880,168.8
argentina,1880,167.565
australia,1880,171.1
austria,1880,167.7
bangladesh,1880,162.061
brazil,1880,166.1
bulgaria,1880,167.6
burkina_faso,1880,171.463
cambodia,1880,161.7
cameroon,1880,166.556
canada,1880,171.2
central_african_republic,1880,167.1
chad,1880,168.969
china,1880,165.3
colombia,1880,162.08
congo_drc,1880,163.2
croatia,1880,168.9
cuba,1880,166.8
czech_republic,1880,167.6
denmark,1880,169.5
egypt,1880,162.99
eritrea,1880,165.342
ethiopia,1880,167.461
france,1880,165.9
germany,1880,167.9
ghana,1880,167.8
greece,1880,167.26
guyana,1880,159.16
hungary,1880,169.1
india,1880,162.427
indonesia,1880,158.58
iran,1880,165.19
iraq,1880,168.37
ireland,1880,168.7
italy,1880,163.9
japan,1880,157.79
kenya,1880,164.535
kyrgyzstan,1880,165.26
laos,1880,158.7
latvia,1880,170.6
malaysia,1880,157.4
mali,1880,171.043
mexico,1880,163.9
morocco,1880,168.6
myanmar,1880,159.5
nepal,1880,162.433
netherlands,1880,168.5
new_zealand,1880,172.7
niger,1880,173.0
nigeria,1880,167.873
north_korea,1880,162.9
norway,1880,171.1
papua_new_guinea,1880,152.359
peru,1880,161.5
philippines,1880,158.9
poland,1880,166.8
portugal,1880,164.161
romania,1880,164.1
russia,1880,166.6
serbia,1880,167.1
slovakia,1880,165.8
somalia,1880,172.75
south_korea,1880,160.1
spain,1880,163.9
sudan,1880,169.865
sweden,1880,171.2
switzerland,1880,166.8
syria,1880,162.2
tajikistan,1880,166.6
tanzania,1880,168.516
thailand,1880,162.2
turkey,1880,167.414
uganda,1880,166.311
ukraine,1880,165.4
united_kingdom,1880,167.95
united_states,1880,169.5
uruguay,1880,164.98
vietnam,1880,159.3
yemen,1880,160.77
albania,1890,169.8
angola,1890,169.1
argentina,1890,167.792
armenia,1890,166.2
australia,1890,171.3
austria,1890,168.4
bolivia,1890,163.594
brazil,1890,167.1
burkina_faso,1890,167.9
cambodia,1890,160.9
cameroon,1890,164.085
canada,1890,170.7
chad,1890,169.6
china,1890,164.0
colombia,1890,161.855
congo_drc,1890,162.609
cote_d_ivoire,1890,168.83
cuba,1890,166.0
czech_republic,1890,169.783
denmark,1890,169.2
estonia,1890,173.4
france,1890,166.1
georgia,1890,164.26
germany,1890,168.6
ghana,1890,164.2
guatemala,1890,156.3
guinea,1890,164.21
guinea_bissau,1890,168.259
guyana,1890,157.45
india,1890,163.008
indonesia,1890,158.77
iran,1890,165.98
iraq,1890,166.617
ireland,1890,169.1
italy,1890,164.7
jamaica,1890,170.2
japan,1890,157.79
kazakhstan,1890,164.8
kenya,1890,166.0
kyrgyzstan,1890,164.03
laos,1890,159.4
latvia,1890,171.7
lebanon,1890,166.39
libya,1890,166.5
malaysia,1890,158.1
mali,1890,169.376
mexico,1890,163.9
myanmar,1890,161.8
netherlands,1890,169.4
new_zealand,1890,172.0
north_korea,1890,160.7
norway,1890,171.1
pakistan,1890,165.04
philippines,1890,161.5
poland,1890,167.2
portugal,1890,164.15
russia,1890,168.3
senegal,1890,171.75
serbia,1890,168.1
sierra_leone,1890,165.5
somalia,1890,171.4
south_africa,1890,170.364
south_korea,1890,160.7
spain,1890,164.0
sudan,1890,169.836
sweden,1890,172.4
switzerland,1890,170.5
syria,1890,166.876
tajikistan,1890,165.8
tanzania,1890,167.669
thailand,1890,160.9
turkey,1890,168.41
turkmenistan,1890,168.9
uganda,1890,166.425
united_kingdom,1890,167.4
united_states,1890,169.1
uzbekistan,1890,165.2
vietnam,1890,160.5
yemen,1890,162.72
zimbabwe,1890,169.045
albania,1900,169.2
angola,1900,168.1
argentina,1900,167.868
armenia,1900,163.58
australia,1900,172.3
austria,1900,168.9
belarus,1900,166.5
belgium,1900,167.8
bolivia,1900,162.45
brazil,1900,167.5
burkina_faso,1900,171.174
cambodia,1900,160.4
cameroon,1900,166.738
canada,1900,169.9
central_african_republic,1900,167.27
chad,1900,165.8
china,1900,164.0
colombia,1900,161.83
cote_d_ivoire,1900,167.9
croatia,1900,171.508
cuba,1900,166.1
czech_republic,1900,170.7
denmark,1900,170.5
egypt,1900,166.2
estonia,1900,175.3
finland,1900,167.3
france,1900,166.8
germany,1900,169.2
ghana,1900,165.9
greece,1900,169.6
guinea,1900,168.4
guinea_bissau,1900,167.721
guyana,1900,156.8
indonesia,1900,158.96
iran,1900,167.47
iraq,1900,168.56
ireland,1900,170.0
italy,1900,165.6
japan,1900,158.7
kazakhstan,1900,165.0
kenya,1900,166.7
kyrgyzstan,1900,165.1
laos,1900,159.6
latvia,1900,171.4
lebanon,1900,167.28
lesotho,1900,168.0
macedonia,1900,167.669
madagascar,1900,163.151
malaysia,1900,158.9
mali,1900,167.485
mauritania,1900,168.954
mexico,1900,163.9
mozambique,1900,169.613
myanmar,1900,163.0
namibia,1900,166.653
nepal,1900,161.7
netherlands,1900,170.9
niger,1900,168.663
north_korea,1900,160.1
norway,1900,172.03
paraguay,1900,165.615
philippines,1900,160.4
poland,1900,166.568
portugal,1900,163.774
romania,1900,168.289
russia,1900,169.2
senegal,1900,170.384
somalia,1900,171.9
south_africa,1900,169.898
south_korea,1900,160.1
spain,1900,164.6
sudan,1900,167.854
sweden,1900,172.8
switzerland,1900,170.462
syria,1900,167.274
tajikistan,1900,165.1
thailand,1900,162.3
togo,1900,167.0
turkey,1900,168.417
united_kingdom,1900,169.367
united_states,1900,170.0
uzbekistan,1900,165.5
vietnam,1900,159.6
yemen,1900,161.99
zimbabwe,1900,167.63
algeria,1910,168.8
angola,1910,168.0
argentina,1910,168.2
armenia,1910,163.75
australia,1910,172.7
austria,1910,168.9
benin,1910,168.87
botswana,1910,165.42
brazil,1910,166.486
burkina_faso,1910,171.06
cambodia,1910,161.1
cameroon,1910,168.765
canada,1910,171.5
central_african_republic,1910,164.866
china,1910,164.7
colombia,1910,163.545
congo_drc,1910,165.3
cote_d_ivoire,1910,166.621
cuba,1910,167.9
czech_republic,1910,170.8
denmark,1910,170.0
egypt,1910,166.21
estonia,1910,172.0
ethiopia,1910,161.451
finland,1910,170.5
france,1910,167.8
gabon,1910,164.9
germany,1910,170.5
ghana,1910,167.1
greece,1910,168.1
guatemala,1910,156.0
guinea,1910,168.455
guinea_bissau,1910,167.808
india,1910,162.893
indonesia,1910,159.63
iran,1910,167.19
iraq,1910,166.15
italy,1910,166.3
jamaica,1910,167.132
japan,1910,159.605
kazakhstan,1910,163.4
kenya,1910,168.079
kyrgyzstan,1910,165.1
laos,1910,158.6
liberia,1910,165.38
macedonia,1910,168.4
madagascar,1910,163.154
malaysia,1910,159.6
mali,1910,171.449
mauritania,1910,169.395
mexico,1910,163.7
mongolia,1910,162.6
mozambique,1910,166.667
myanmar,1910,160.7
netherlands,1910,172.6
niger,1910,171.598
nigeria,1910,166.794
norway,1910,173.3
poland,1910,169.0
portugal,1910,164.491
russia,1910,169.1
rwanda,1910,172.0
senegal,1910,169.26
sierra_leone,1910,165.8
somalia,1910,171.068
south_africa,1910,169.704
spain,1910,165.1
sudan,1910,169.0
sweden,1910,173.2
switzerland,1910,171.506
tajikistan,1910,165.1
tanzania,1910,164.965
thailand,1910,162.5
tunisia,1910,162.9
turkey,1910,167.95
turkmenistan,1910,167.93
uganda,1910,165.96
united_kingdom,1910,170.866
united_states,1910,172.1
uzbekistan,1910,166.0
vietnam,1910,158.5
algeria,1920,166.241
angola,1920,165.7
argentina,1920,169.0
australia,1920,172.846
austria,1920,170.4
benin,1920,168.127
brazil,1920,166.6
burkina_faso,1920,172.4
burundi,1920,166.14
cambodia,1920,159.1
cameroon,1920,166.657
canada,1920,173.0
central_african_republic,1920,163.573
chad,1920,169.379
china,1920,164.2
colombia,1920,164.655
congo,1920,165.395
congo_drc,1920,163.146
cote_d_ivoire,1920,166.7
czech_republic,1920,173.3
denmark,1920,173.5
egypt,1920,165.11
ethiopia,1920,166.636
finland,1920,172.3
france,1920,168.5
gabon,1920,164.311
germany,1920,173.3
ghana,1920,167.1
greece,1920,168.4
guatemala,1920,158.7
guinea,1920,168.593
guinea_bissau,1920,166.096
haiti,1920,166.9
india,1920,163.465
indonesia,1920,160.93
ireland,1920,171.919
italy,1920,167.3
jamaica,1920,167.894
japan,1920,160.7
kazakhstan,1920,166.0
kenya,1920,167.698
kyrgyzstan,1920,166.2
laos,1920,158.1
liberia,1920,167.59
libya,1920,165.11
macedonia,1920,169.6
madagascar,1920,163.45
malawi,1920,168.42
malaysia,1920,160.3
mali,1920,171.605
mauritania,1920,169.227
mexico,1920,161.12
mozambique,1920,168.639
myanmar,1920,158.9
netherlands,1920,173.5
niger,1920,171.412
nigeria,1920,165.6
norway,1920,176.25
pakistan,1920,167.887
papua_new_guinea,1920,155.603
portugal,1920,164.88
russia,1920,167.0
rwanda,1920,171.566
senegal,1920,171.561
sierra_leone,1920,166.961
slovakia,1920,171.7
slovenia,1920,173.7
somalia,1920,168.69
south_africa,1920,169.214
spain,1920,165.6
sri_lanka,1920,163.885
sudan,1920,170.985
sweden,1920,168.3
switzerland,1920,170.9
tanzania,1920,165.788
thailand,1920,161.2
the_gambia,1920,166.6
togo,1920,168.352
turkey,1920,169.3
turkmenistan,1920,167.5
uganda,1920,167.486
united_kingdom,1920,171.0
united_states,1920,173.1
uzbekistan,1920,165.047
vietnam,1920,158.0
afghanistan,1930,166.8
algeria,1930,169.0
angola,1930,166.7
argentina,1930,169.8
bahrain,1930,160.7
benin,1930,168.2
bolivia,1930,162.5
brazil,1930,167.0
bulgaria,1930,171.7
burkina_faso,1930,171.0
burundi,1930,169.355
cambodia,1930,158.4
cameroon,1930,169.5
canada,1930,172.7
central_african_republic,1930,164.0
chad,1930,170.61
china,1930,166.5
colombia,1930,165.465
congo,1930,164.62
congo_drc,1930,167.308
cote_d_ivoire,1930,167.5
croatia,1930,176.1
czech_republic,1930,175.7
denmark,1930,173.9
equatorial_guinea,1930,169.0
eritrea,1930,164.0
ethiopia,1930,167.27
finland,1930,172.5
france,1930,169.9
germany,1930,174.0
ghana,1930,167.65
greece,1930,167.5
guatemala,1930,158.7
guinea,1930,167.528
guinea_bissau,1930,169.4
haiti,1930,166.707
india,1930,163.688
indonesia,1930,160.69
ireland,1930,173.253
israel,1930,167.5
italy,1930,168.1
jamaica,1930,169.672
japan,1930,161.43
kazakhstan,1930,164.4
kyrgyzstan,1930,164.5
laos,1930,158.6
liberia,1930,167.235
macedonia,1930,168.8
malawi,1930,165.6
malaysia,1930,163.1
mali,1930,168.5
mauritania,1930,170.149
mexico,1930,165.5
mongolia,1930,164.8
mozambique,1930,167.29
myanmar,1930,159.9
namibia,1930,171.11
nepal,1930,160.9
netherlands,1930,174.1
new_zealand,1930,174.625
niger,1930,172.7
nigeria,1930,164.62
north_korea,1930,165.1
norway,1930,176.9
pakistan,1930,163.979
papua_new_guinea,1930,152.432
paraguay,1930,165.363
peru,1930,159.749
philippines,1930,163.375
poland,1930,173.0
portugal,1930,165.57
russia,1930,167.9
rwanda,1930,169.321
senegal,1930,171.109
sierra_leone,1930,165.5
slovakia,1930,173.3
somalia,1930,172.9
south_africa,1930,169.984
spain,1930,165.2
sudan,1930,167.9
swaziland,1930,168.812
sweden,1930,175.5
switzerland,1930,171.3
tanzania,1930,166.6
thailand,1930,161.9
turkey,1930,169.29
uganda,1930,164.892
united_kingdom,1930,173.87
united_states,1930,173.4
uruguay,1930,168.1
vietnam,1930,159.0
argentina,1940,170.6
armenia,1940,167.99
bahrain,1940,163.8
belgium,1940,174.54
bolivia,1940,163.4
brazil,1940,167.1
bulgaria,1940,171.3
burkina_faso,1940,172.451
cambodia,1940,165.0
canada,1940,174.6
china,1940,167.4
colombia,1940,167.05
congo,1940,166.88
costa_rica,1940,166.1
cote_d_ivoire,1940,168.65
cuba,1940,169.4
czech_republic,1940,176.8
denmark,1940,175.9
dominican_republic,1940,167.4
egypt,1940,167.504
ethiopia,1940,168.5
finland,1940,174.8
france,1940,171.7
germany,1940,175.2
ghana,1940,168.6
greece,1940,169.2
guinea_bissau,1940,168.9
india,1940,164.049
indonesia,1940,160.4
iran,1940,167.8
israel,1940,165.746
italy,1940,169.3
jamaica,1940,168.281
japan,1940,162.6
jordan,1940,166.053
laos,1940,161.7
latvia,1940,174.211
lebanon,1940,169.352
lithuania,1940,173.725
malawi,1940,166.202
malaysia,1940,162.6
mali,1940,170.5
mexico,1940,165.8
morocco,1940,168.107
myanmar,1940,164.5
namibia,1940,172.312
nepal,1940,162.383
netherlands,1940,177.5
niger,1940,171.179
nigeria,1940,167.2
north_korea,1940,165.63
norway,1940,177.5
pakistan,1940,168.1
papua_new_guinea,1940,158.875
peru,1940,160.947
philippines,1940,164.6
poland,1940,170.5
portugal,1940,166.385
romania,1940,169.253
russia,1940,169.0
saudi_arabia,1940,169.2
senegal,1940,171.861
slovakia,1940,172.8
south_africa,1940,168.225
south_korea,1940,166.51
spain,1940,166.3
sweden,1940,178.5
tanzania,1940,165.569
thailand,1940,166.2
turkey,1940,167.2
united_kingdom,1940,174.9
united_states,1940,176.1
uzbekistan,1940,170.323
vietnam,1940,162.5
zambia,1940,168.063
argentina,1950,170.8
azerbaijan,1950,171.216
bahrain,1950,164.0
bangladesh,1950,161.555
benin,1950,169.911
bolivia,1950,162.482
brazil,1950,168.2
bulgaria,1950,172.9
burkina_faso,1950,172.226
cambodia,1950,162.4
cameroon,1950,171.251
canada,1950,177.0
central_african_republic,1950,169.3
chad,1950,173.69
chile,1950,169.64
china,1950,169.2
colombia,1950,167.8
comoros,1950,166.8
congo,1950,168.447
congo_drc,1950,168.469
cote_d_ivoire,1950,170.0
croatia,1950,175.1
cuba,1950,169.2
czech_republic,1950,177.7
denmark,1950,179.8
dominican_republic,1950,168.1
egypt,1950,170.09
eritrea,1950,156.7
ethiopia,1950,166.823
finland,1950,178.0
france,1950,173.175
gabon,1950,171.2
germany,1950,176.8
ghana,1950,169.49
greece,1950,173.7
guatemala,1950,159.2
guinea,1950,168.738
guinea_bissau,1950,168.9
haiti,1950,170.377
honduras,1950,163.971
hungary,1950,175.4
india,1950,163.542
indonesia,1950,161.65
iran,1950,168.78
ireland,1950,174.9
italy,1950,171.3
japan,1950,163.6
jordan,1950,169.97
kazakhstan,1950,170.3
kenya,1950,169.884
kyrgyzstan,1950,169.8
laos,1950,162.3
lesotho,1950,167.97
liberia,1950,166.975
madagascar,1950,164.056
malawi,1950,166.617
malaysia,1950,163.6
mali,1950,172.483
mexico,1950,165.093
moldova,1950,172.007
morocco,1950,169.012
mozambique,1950,165.967
myanmar,1950,163.6
namibia,1950,171.906
nepal,1950,161.783
netherlands,1950,178.7
nicaragua,1950,165.615
niger,1950,170.946
nigeria,1950,168.544
north_korea,1950,165.6
norway,1950,178.1
peru,1950,162.226
poland,1950,173.2
portugal,1950,167.41
russia,1950,172.0
rwanda,1950,168.887
saudi_arabia,1950,170.3
senegal,1950,173.913
slovenia,1950,175.8
south_africa,1950,170.1
south_korea,1950,168.6
spain,1950,170.8
swaziland,1950,169.473
sweden,1950,179.3
tanzania,1950,166.195
thailand,1950,166.7
togo,1950,170.8
turkey,1950,166.6
uganda,1950,169.822
united_kingdom,1950,176.0
united_states,1950,177.1
uzbekistan,1950,171.5
vietnam,1950,161.9
zambia,1950,169.635
zimbabwe,1950,170.988
armenia,1960,170.601
australia,1960,176.3
austria,1960,177.0
azerbaijan,1960,171.734
bangladesh,1960,162.15
belgium,1960,176.8
benin,1960,170.688
bolivia,1960,163.182
brazil,1960,169.0
burkina_faso,1960,172.798
cambodia,1960,162.8
cameroon,1960,171.519
canada,1960,178.3
central_african_republic,1960,170.8
chad,1960,174.3
china,1960,170.0
colombia,1960,168.5
comoros,1960,167.0
congo,1960,169.376
congo_drc,1960,168.32
cote_d_ivoire,1960,171.3
croatia,1960,178.2
denmark,1960,180.2
dominican_republic,1960,169.0
egypt,1960,170.632
eritrea,1960,155.75
estonia,1960,174.1
ethiopia,1960,167.512
finland,1960,179.3
france,1960,174.9
gabon,1960,170.7
germany,1960,178.9
ghana,1960,169.771
greece,1960,177.6
guatemala,1960,159.8
guinea,1960,169.621
haiti,1960,171.064
honduras,1960,164.15
hungary,1960,178.2
india,1960,163.883
indonesia,1960,162.41
iran,1960,169.14
ireland,1960,175.8
italy,1960,173.0
japan,1960,165.7
jordan,1960,170.317
kazakhstan,1960,171.4
kenya,1960,170.745
kyrgyzstan,1960,169.8
laos,1960,162.9
lesotho,1960,168.269
liberia,1960,168.648
madagascar,1960,164.954
malawi,1960,167.089
malaysia,1960,164.6
mali,1960,172.727
mexico,1960,166.365
moldova,1960,172.813
morocco,1960,169.913
mozambique,1960,166.269
myanmar,1960,163.0
namibia,1960,172.076
nepal,1960,162.459
netherlands,1960,182.2
nicaragua,1960,165.902
niger,1960,171.44
nigeria,1960,169.769
north_korea,1960,165.6
norway,1960,179.3
peru,1960,163.056
poland,1960,175.3
portugal,1960,169.24
russia,1960,173.6
rwanda,1960,168.804
saudi_arabia,1960,170.8
senegal,1960,174.091
serbia,1960,175.8
south_africa,1960,169.5
south_korea,1960,170.7
spain,1960,174.2
swaziland,1960,169.884
sweden,1960,180.1
tanzania,1960,167.167
thailand,1960,167.5
togo,1960,170.6
turkey,1960,167.4
uganda,1960,170.087
united_kingdom,1960,176.9
united_states,1960,177.3
uzbekistan,1960,171.2
vietnam,1960,161.3
zambia,1960,169.719
zimbabwe,1960,171.076
armenia,1970,171.749
australia,1970,178.4
austria,1970,177.5
azerbaijan,1970,172.039
benin,1970,170.286
bolivia,1970,163.886
brazil,1970,171.6
burkina_faso,1970,172.844
cambodia,1970,162.7
cameroon,1970,171.585
canada,1970,178.8
central_african_republic,1970,169.9
chad,1970,173.8
china,1970,170.0
colombia,1970,168.9
comoros,1970,167.0
congo,1970,169.036
congo_drc,1970,169.049
cote_d_ivoire,1970,171.2
czech_republic,1970,178.7
denmark,1970,180.8
dominican_republic,1970,168.8
egypt,1970,171.248
eritrea,1970,156.0
estonia,1970,179.6
ethiopia,1970,167.49
finland,1970,177.5
france,1970,175.1
gabon,1970,170.5
germany,1970,179.4
ghana,1970,169.926
guatemala,1970,160.3
guinea,1970,169.712
guyana,1970,167.2
haiti,1970,171.254
honduras,1970,164.634
hungary,1970,178.8
india,1970,164.294
indonesia,1970,163.11
iran,1970,170.85
ireland,1970,176.4
italy,1970,174.1
japan,1970,166.8
jordan,1970,170.53
kazakhstan,1970,171.3
kenya,1970,170.902
kyrgyzstan,1970,170.6
laos,1970,163.1
lesotho,1970,168.535
liberia,1970,168.472
madagascar,1970,163.884
malawi,1970,166.729
malaysia,1970,165.5
mali,1970,172.503
moldova,1970,173.535
morocco,1970,170.239
mozambique,1970,165.547
myanmar,1970,161.8
namibia,1970,172.242
nepal,1970,162.71
netherlands,1970,182.3
nicaragua,1970,166.159
niger,1970,171.35
nigeria,1970,169.654
north_korea,1970,166.6
norway,1970,179.5
peru,1970,163.931
portugal,1970,171.38
russia,1970,177.0
rwanda,1970,167.908
saudi_arabia,1970,172.3
senegal,1970,174.736
sierra_leone,1970,167.4
singapore,1970,172.2
slovenia,1970,179.2
south_africa,1970,168.9
south_korea,1970,171.9
spain,1970,175.2
swaziland,1970,170.493
sweden,1970,180.0
tanzania,1970,167.805
thailand,1970,168.5
togo,1970,170.5
tunisia,1970,165.3
turkey,1970,168.6
uganda,1970,169.612
united_kingdom,1970,177.1
united_states,1970,178.3
uzbekistan,1970,172.0
vietnam,1970,160.7
zambia,1970,168.932
zimbabwe,1970,171.34
armenia,1980,171.653
austria,1980,178.8
azerbaijan,1980,172.153
bangladesh,1980,162.377
belarus,1980,176.4
benin,1980,169.163
bolivia,1980,164.191
botswana,1980,167.1
brazil,1980,171.7
burkina_faso,1980,172.829
cambodia,1980,162.5
cameroon,1980,170.967
canada,1980,179.6
cape_verde,1980,168.986
chad,1980,173.3
chile,1980,173.1
china,1980,171.5
colombia,1980,170.6
congo,1980,168.369
congo_drc,1980,167.542
costa_rica,1980,173.6
cote_d_ivoire,1980,171.0
denmark,1980,183.2
djibouti,1980,168.893
egypt,1980,171.283
estonia,1980,179.1
ethiopia,1980,167.253
finland,1980,178.2
france,1980,176.5
gabon,1980,169.7
germany,1980,180.5
ghana,1980,170.005
greece,1980,177.3
guatemala,1980,160.8
guinea,1980,169.49
guyana,1980,170.5
haiti,1980,171.494
honduras,1980,164.663
india,1980,164.437
indonesia,1980,164.01
iran,1980,172.37
ireland,1980,176.6
italy,1980,174.48
jamaica,1980,173.6
japan,1980,171.66
jordan,1980,170.29
kenya,1980,171.221
laos,1980,163.6
lesotho,1980,167.386
liberia,1980,167.264
madagascar,1980,162.874
malawi,1980,166.244
malaysia,1980,175.1
mali,1980,172.238
mexico,1980,167.806
moldova,1980,174.225
morocco,1980,170.29
mozambique,1980,165.15
myanmar,1980,160.1
namibia,1980,171.343
nepal,1980,162.953
netherlands,1980,182.7
nicaragua,1980,166.4
niger,1980,170.651
nigeria,1980,169.503
north_korea,1980,165.6
norway,1980,179.7
panama,1980,170.0
papua_new_guinea,1980,160.9
peru,1980,164.236
philippines,1980,165.6
poland,1980,177.4
portugal,1980,172.13
russia,1980,177.0
rwanda,1980,167.162
senegal,1980,174.254
sierra_leone,1980,165.8
south_africa,1980,168.1
south_korea,1980,173.8
spain,1980,175.6
sri_lanka,1980,165.8
swaziland,1980,170.238
sweden,1980,180.4
tanzania,1980,166.861
thailand,1980,169.7
togo,1980,167.7
trinidad_and_tobago,1980,174.4
uganda,1980,169.274
united_arab_emirates,1980,169.05
united_kingdom,1980,176.83
united_states,1980,179.0
vietnam,1980,160.1
yemen,1980,167.6
zambia,1980,168.194
zimbabwe,1980,171.004
afghanistan,1990,167.1
algeria,1990,171.3
argentina,1990,174.4
armenia,1990,172.4
bangladesh,1990,159.8
bolivia,1990,168.1
brazil,1990,173.0
chile,1990,174.4
dominican_republic,1990,171.7
ecuador,1990,168.1
egypt,1990,169.4
el_salvador,1990,168.7
guatemala,1990,163.1
honduras,1990,165.3
indonesia,1990,165.853
iraq,1990,170.1
jamaica,1990,173.2
jordan,1990,171.8
kuwait,1990,172.9
laos,1990,163.4
malaysia,1990,168.8
mexico,1990,170.3
morocco,1990,169.2
myanmar,1990,165.6
nicaragua,1990,169.3
oman,1990,170.9
pakistan,1990,164.1
panama,1990,172.1
paraguay,1990,172.6
peru,1990,166.5
philippines,1990,166.4
romania,1990,173.3
russia,1990,172.1
saudi_arabia,1990,171.7
sri_lanka,1990,169.4
syria,1990,168.9
tajikistan,1990,168.0
thailand,1990,171.2
tunisia,1990,170.2
turkey,1990,169.7
united_states,1990,175.2
uruguay,1990,168.3
vietnam,1990,162.9
yemen,1990,164.4
afghanistan,2000,161.4
albania,2000,167.9
algeria,2000,169.5
armenia,2000,172.2
azerbaijan,2000,171.8
bangladesh,2000,163.3
bolivia,2000,168.7
bosnia_and_herzegovina,2000,173.2
cambodia,2000,163.9
chile,2000,175.0
colombia,2000,172.2
dominican_republic,2000,173.7
egypt,2000,171.7
el_salvador,2000,170.7
georgia,2000,173.2
guatemala,2000,163.6
guyana,2000,172.9
honduras,2000,167.6
iran,2000,171.1
iraq,2000,169.6
jordan,2000,173.5
laos,2000,163.5
morocco,2000,171.2
myanmar,2000,167.1
nepal,2000,162.0
nicaragua,2000,170.1
pakistan,2000,166.8
panama,2000,170.3
romania,2000,172.3
russia,2000,172.6
serbia,2000,174.3
singapore,2000,174.9
sri_lanka,2000,172.1
syria,2000,171.0
tajikistan,2000,167.6
trinidad_and_tobago,2000,174.5
ukraine,2000,173.1
uzbekistan,2000,170.5
vietnam,2000,165.9
