country,year,number_of_workers_involved
argentina,1927,26888
australia,1927,200757
austria,1927,35300
belgium,1927,45071
bulgaria,1927,2919
canada,1927,22299
china,1927,881289
denmark,1927,2851
estonia,1927,218
finland,1927,13368
france,1927,112634
germany,1927,503217
hungary,1927,24803
india,1927,131655
ireland,1927,2312
israel,1927,562
italy,1927,18660
japan,1927,46672
latvia,1927,5273
netherlands,1927,13500
new_zealand,1927,4476
norway,1927,22456
philippines,1927,8567
poland,1927,236552
romania,1927,6933
south_africa,1927,5158
spain,1927,70616
sweden,1927,9477
switzerland,1927,2058
united_kingdom,1927,108000
united_states,1927,349434
uruguay,1927,4737
argentina,1928,73989
australia,1928,96422
austria,1928,38290
belgium,1928,77785
bulgaria,1928,493
canada,1928,17581
china,1928,204563
denmark,1928,469
estonia,1928,1098
finland,1928,27226
france,1928,210488
germany,1928,780396
hungary,1928,10289
india,1928,506851
ireland,1928,2190
israel,1928,886
italy,1928,2999
japan,1928,46252
latvia,1928,13431
netherlands,1928,16930
new_zealand,1928,9258
norway,1928,8042
philippines,1928,4729
poland,1928,354498
romania,1928,10801
south_africa,1928,5746
spain,1928,70024
sweden,1928,71461
switzerland,1928,5474
united_kingdom,1928,124000
united_states,1928,357145
uruguay,1928,289
argentina,1929,53101
australia,1929,104604
austria,1929,30446
belgium,1929,60557
bulgaria,1929,22339
canada,1929,12946
china,1929,65557
denmark,1929,1040
estonia,1929,1915
finland,1929,2443
france,1929,241040
germany,1929,234543
hungary,1929,15065
india,1929,532016
ireland,1929,4533
israel,1929,679
italy,1929,3252
japan,1929,77444
latvia,1929,26462
mexico,1929,3473
netherlands,1929,21310
new_zealand,1929,7151
norway,1929,4796
philippines,1929,4939
poland,1929,221673
romania,1929,31456
south_africa,1929,2962
spain,1929,55576
sweden,1929,12676
switzerland,1929,4661
united_kingdom,1929,533000
united_states,1929,289000
uruguay,1929,2011
argentina,1930,38299
australia,1930,54222
austria,1930,7173
belgium,1930,64718
bulgaria,1930,3995
canada,1930,13768
china,1930,64130
denmark,1930,5349
estonia,1930,154
finland,1930,1673
france,1930,584579
germany,1930,224983
hungary,1930,5770
india,1930,196301
ireland,1930,3410
israel,1930,393
italy,1930,2863
japan,1930,81362
latvia,1930,1547
mexico,1930,3718
netherlands,1930,10970
new_zealand,1930,5467
norway,1930,4652
philippines,1930,6069
poland,1930,53136
romania,1930,17337
south_africa,1930,5050
spain,1930,247460
sweden,1930,20751
switzerland,1930,6397
united_kingdom,1930,307000
united_states,1930,183000
uruguay,1930,1361
argentina,1931,8442
australia,1931,37667
austria,1931,10264
belgium,1931,23010
bulgaria,1931,9003
canada,1931,10738
china,1931,74188
denmark,1931,3692
estonia,1931,700
finland,1931,53
france,1931,54250
germany,1931,178223
hungary,1931,11195
india,1931,203008
ireland,1931,5431
israel,1931,1946
italy,1931,4141
japan,1931,64536
latvia,1931,2903
mexico,1931,227
netherlands,1931,28210
new_zealand,1931,6356
norway,1931,59524
philippines,1931,6976
poland,1931,109074
romania,1931,14473
south_africa,1931,6284
spain,1931,236177
sweden,1931,40899
switzerland,1931,4746
united_kingdom,1931,490000
united_states,1931,342000
uruguay,1931,1933
argentina,1932,165376
australia,1932,32917
austria,1932,6646
belgium,1932,162693
bulgaria,1932,1449
canada,1932,23390
chile,1932,600
china,1932,71395
denmark,1932,5756
estonia,1932,888
finland,1932,284
france,1932,71561
germany,1932,127587
hungary,1932,4925
india,1932,128099
ireland,1932,4222
israel,1932,1409
italy,1932,598
japan,1932,54783
latvia,1932,4400
mexico,1932,3574
netherlands,1932,32010
new_zealand,1932,9355
norway,1932,6360
philippines,1932,4396
poland,1932,315146
romania,1932,19154
south_africa,1932,4011
spain,1932,269104
sweden,1932,50147
switzerland,1932,5083
united_kingdom,1932,379000
united_states,1932,324000
uruguay,1932,2262
argentina,1933,3321
australia,1933,30113
austria,1933,5657
belgium,1933,39136
bulgaria,1933,3395
canada,1933,26558
chile,1933,748
china,1933,74937
denmark,1933,492
estonia,1933,162
finland,1933,1274
france,1933,87091
hungary,1933,10367
india,1933,164938
ireland,1933,9059
israel,1933,2049
italy,1933,841
japan,1933,49423
latvia,1933,4323
mexico,1933,1084
netherlands,1933,14800
new_zealand,1933,3558
norway,1933,6306
philippines,1933,8066
poland,1933,347460
romania,1933,12402
south_africa,1933,1585
spain,1933,843303
sweden,1933,31980
switzerland,1933,2705
united_kingdom,1933,136000
united_states,1933,168000
uruguay,1933,2117
argentina,1934,25940
australia,1934,50858
austria,1934,137
belgium,1934,36525
bulgaria,1934,5942
canada,1934,45800
chile,1934,3100
china,1934,31473
denmark,1934,11546
estonia,1934,1369
finland,1934,5883
france,1934,100584
hungary,1934,12762
india,1934,220808
ireland,1934,9288
israel,1934,2051
italy,1934,576
japan,1934,49536
latvia,1934,3854
mexico,1934,14685
netherlands,1934,6200
new_zealand,1934,3773
norway,1934,6364
philippines,1934,17662
poland,1934,373022
romania,1934,11059
south_africa,1934,2379
spain,1934,741878
sweden,1934,13588
switzerland,1934,2763
united_kingdom,1934,134000
united_states,1934,1467000
uruguay,1934,862
argentina,1935,52143
australia,1935,47322
austria,1935,89
belgium,1935,104013
bulgaria,1935,252
canada,1935,33269
chile,1935,5433
china,1935,96684
denmark,1935,827
estonia,1935,5043
finland,1935,2274
france,1935,108884
hungary,1935,16674
india,1935,114217
ireland,1935,9513
israel,1935,3648
italy,1935,605
japan,1935,37734
latvia,1935,0
mexico,1935,145212
netherlands,1935,12940
new_zealand,1935,2323
norway,1935,3548
philippines,1935,6527
poland,1935,452550
romania,1935,16174
south_africa,1935,2367
spain,1935,0
sweden,1935,17189
switzerland,1935,874
united_kingdom,1935,271000
united_states,1935,1117000
uruguay,1935,699
argentina,1936,85438
australia,1936,60587
austria,1936,1180
belgium,1936,564831
bulgaria,1936,9651
canada,1936,34812
chile,1936,7758
china,1936,78992
denmark,1936,96862
estonia,1936,2539
finland,1936,2935
france,1936,2422844
hungary,1936,20747
india,1936,169029
ireland,1936,9443
israel,1936,956
japan,1936,30900
latvia,1936,0
mexico,1936,113885
netherlands,1936,10420
new_zealand,1936,7354
norway,1936,15286
philippines,1936,5649
poland,1936,677945
romania,1936,15231
south_africa,1936,2198
spain,1936,0
sweden,1936,3474
switzerland,1936,3612
united_kingdom,1936,316000
united_states,1936,789000
argentina,1937,49993
australia,1937,96173
austria,1937,606
belgium,1937,81544
bulgaria,1937,0
canada,1937,71905
chile,1937,3029
china,1937,79202
denmark,1937,1372
estonia,1937,629
finland,1937,6168
france,1937,323777
hungary,1937,25853
india,1937,647801
ireland,1937,26734
israel,1937,6305
japan,1937,123730
latvia,1937,0
mexico,1937,61732
netherlands,1937,5630
new_zealand,1937,11411
norway,1937,28785
philippines,1937,4667
poland,1937,566599
romania,1937,7251
south_africa,1937,6772
spain,1937,0
sweden,1937,30904
switzerland,1937,6043
united_kingdom,1937,597000
united_states,1937,1861000
uruguay,1937,2023
argentina,1938,8871
australia,1938,143954
austria,1938,0
belgium,1938,32900
bulgaria,1938,0
canada,1938,20395
chile,1938,11373
china,1938,80820
denmark,1938,3650
estonia,1938,1593
finland,1938,4087
france,1938,1133461
hungary,1938,9392
india,1938,401075
ireland,1938,13736
israel,1938,1876
japan,1938,18307
latvia,1938,0
mexico,1938,13435
netherlands,1938,8580
new_zealand,1938,11388
norway,1938,24045
philippines,1938,20426
poland,1938,270574
romania,1938,4137
south_africa,1938,2598
spain,1938,0
sweden,1938,28951
switzerland,1938,706
united_kingdom,1938,274000
united_states,1938,688000
uruguay,1938,4872
argentina,1939,9718
australia,1939,152830
belgium,1939,45763
canada,1939,41038
chile,1939,10923
denmark,1939,523
finland,1939,6120
hungary,1939,26311
india,1939,409189
ireland,1939,6667
israel,1939,2964
japan,1939,20762
latvia,1939,0
mexico,1939,14486
netherlands,1939,6460
new_zealand,1939,15682
norway,1939,15978
philippines,1939,28104
romania,1939,0
south_africa,1939,4807
sweden,1939,2194
switzerland,1939,238
united_kingdom,1939,337000
united_states,1939,1171000
uruguay,1939,16677
argentina,1940,12721
australia,1940,192597
belgium,1940,25519
canada,1940,60619
chile,1940,18810
denmark,1940,257
finland,1940,513
hungary,1940,32457
india,1940,452539
ireland,1940,7715
israel,1940,2221
japan,1940,24184
latvia,1940,0
mexico,1940,19784
netherlands,1940,3296
new_zealand,1940,10475
philippines,1940,17728
romania,1940,0
south_africa,1940,4871
sri_lanka,1940,9732
sweden,1940,3936
switzerland,1940,578
united_kingdom,1940,299000
united_states,1940,577000
uruguay,1940,819
argentina,1941,6606
australia,1941,248107
belgium,1941,0
canada,1941,87091
chile,1941,2931
denmark,1941,65
finland,1941,2164
hungary,1941,767
india,1941,291054
ireland,1941,4895
israel,1941,3803
latvia,1941,0
mexico,1941,12892
new_zealand,1941,15261
philippines,1941,9542
romania,1941,0
south_africa,1941,1846
sri_lanka,1941,4156
sweden,1941,1929
switzerland,1941,722
united_kingdom,1941,360000
united_states,1941,2363000
uruguay,1941,1071
argentina,1942,39865
australia,1942,169263
belgium,1942,0
canada,1942,113916
chile,1942,2740
denmark,1942,3155
hungary,1942,501
india,1942,772653
ireland,1942,5132
israel,1942,8540
latvia,1942,0
mexico,1942,13643
new_zealand,1942,14345
romania,1942,0
south_africa,1942,14008
sri_lanka,1942,949
sweden,1942,1332
switzerland,1942,822
united_kingdom,1942,456000
united_states,1942,840000
uruguay,1942,1273
argentina,1943,6754
australia,1943,296103
belgium,1943,0
canada,1943,218404
chile,1943,48729
denmark,1943,6315
hungary,1943,510
india,1943,525088
ireland,1943,5921
israel,1943,17846
latvia,1943,0
mexico,1943,81557
new_zealand,1943,10915
romania,1943,0
south_africa,1943,8395
sri_lanka,1943,6986
sweden,1943,6926
switzerland,1943,1069
united_kingdom,1943,557000
united_states,1943,1981000
uruguay,1943,1202
argentina,1944,9121
australia,1944,276358
belgium,1944,0
canada,1944,75290
chile,1944,31288
denmark,1944,7690
hungary,1944,0
india,1944,550015
ireland,1944,4387
israel,1944,9835
mexico,1944,44166
new_zealand,1944,29766
south_africa,1944,9225
sri_lanka,1944,16047
sweden,1944,7021
switzerland,1944,1324
united_kingdom,1944,821000
united_states,1944,2116000
uruguay,1944,9496
argentina,1945,44186
australia,1945,315938
belgium,1945,147417
canada,1945,96068
chile,1945,98946
denmark,1945,8526
finland,1945,37129
hungary,1945,6342
india,1945,747530
ireland,1945,8785
israel,1945,9063
jamaica,1945,11619
mexico,1945,48055
netherlands,1945,36540
new_zealand,1945,39418
norway,1945,4074
philippines,1945,623
south_africa,1945,14154
sri_lanka,1945,32389
sweden,1945,133171
switzerland,1945,3686
united_kingdom,1945,531000
united_states,1945,3467000
argentina,1946,333929
australia,1946,348548
belgium,1946,183231
canada,1946,139474
chile,1946,94737
denmark,1946,54241
finland,1946,18936
france,1946,180067
hungary,1946,25926
india,1946,1961948
ireland,1946,10896
israel,1946,28082
jamaica,1946,15605
japan,1946,517415
netherlands,1946,72090
new_zealand,1946,15696
norway,1946,4658
philippines,1946,45537
south_africa,1946,95735
sri_lanka,1946,54496
sweden,1946,1277
switzerland,1946,15173
united_kingdom,1946,526000
united_states,1946,4600000
argentina,1947,541377
australia,1947,327137
belgium,1947,353732
canada,1947,104120
chile,1947,69539
denmark,1947,7542
finland,1947,114739
france,1947,2997559
hungary,1947,4767
india,1947,1840784
ireland,1947,22253
jamaica,1947,13414
japan,1947,218832
netherlands,1947,59920
new_zealand,1947,26970
norway,1947,8250
philippines,1947,23051
south_africa,1947,20012
sri_lanka,1947,55334
sweden,1947,56851
switzerland,1947,6963
united_kingdom,1947,620000
united_states,1947,2170000
argentina,1948,278179
australia,1948,317149
belgium,1948,341422
canada,1948,42820
chile,1948,11059
denmark,1948,2722
finland,1948,16157
france,1948,6561176
india,1948,1059120
ireland,1948,16567
israel,1948,1454
jamaica,1948,3185
japan,1948,2304492
myanmar,1948,11704
netherlands,1948,17740
new_zealand,1948,28494
norway,1948,5919
philippines,1948,49968
singapore,1948,20586
south_africa,1948,3952
sri_lanka,1948,24165
sweden,1948,6061
switzerland,1948,4277
united_kingdom,1948,425000
united_states,1948,1960000
argentina,1949,29164
australia,1949,264577
belgium,1949,50134
canada,1949,51437
chile,1949,20844
denmark,1949,2654
finland,1949,59016
france,1949,4329959
india,1949,685457
ireland,1949,9837
israel,1949,5189
italy,1949,2894180
jamaica,1949,356
japan,1949,1122123
myanmar,1949,2887
netherlands,1949,14340
new_zealand,1949,61536
norway,1949,9010
pakistan,1949,44582
philippines,1949,44943
singapore,1949,935
south_africa,1949,7143
sri_lanka,1949,480286
sweden,1949,1008
switzerland,1949,853
thailand,1949,680
united_kingdom,1949,433000
united_states,1949,3030000
argentina,1950,97048
australia,1950,431701
belgium,1950,149936
canada,1950,192153
chile,1950,78750
denmark,1950,2849
finland,1950,118025
france,1950,1527293
greece,1950,128648
india,1950,719883
ireland,1950,18559
israel,1950,9100
italy,1950,3537104
jamaica,1950,12705
japan,1950,763453
madagascar,1950,762
myanmar,1950,1265
netherlands,1950,17640
new_zealand,1950,91492
norway,1950,4399
pakistan,1950,16836
philippines,1950,38422
singapore,1950,87
south_africa,1950,3277
sri_lanka,1950,28279
sweden,1950,2436
switzerland,1950,288
thailand,1950,430
trinidad_and_tobago,1950,3107
united_kingdom,1950,302000
united_states,1950,2410000
argentina,1951,16356
australia,1951,408592
belgium,1951,121240
canada,1951,102870
chile,1951,88633
denmark,1951,1701
finland,1951,11404
france,1951,1754000
greece,1951,134162
haiti,1951,142
india,1951,691321
ireland,1951,24777
israel,1951,9715
italy,1951,2134735
jamaica,1951,13357
japan,1951,1162585
kenya,1951,6610
madagascar,1951,329
malta,1951,0
morocco,1951,2768
myanmar,1951,5802
netherlands,1951,14226
new_zealand,1951,36878
norway,1951,4255
pakistan,1951,22810
philippines,1951,37317
singapore,1951,1185
south_africa,1951,8273
sri_lanka,1951,312817
sweden,1951,15127
switzerland,1951,985
tanzania,1951,7851
thailand,1951,1600
trinidad_and_tobago,1951,881
united_kingdom,1951,379000
united_states,1951,2220000
argentina,1952,15815
australia,1952,505734
belgium,1952,278064
canada,1952,120818
chile,1952,151715
cyprus,1952,2333
denmark,1952,2397
fiji,1952,797
finland,1952,9370
france,1952,1155693
greece,1952,52469
haiti,1952,113
india,1952,809242
ireland,1952,14851
israel,1952,14010
italy,1952,1471878
jamaica,1952,6328
japan,1952,1623610
kenya,1952,5957
madagascar,1952,1050
malta,1952,15000
morocco,1952,4378
myanmar,1952,7712
netherlands,1952,3794
new_zealand,1952,16297
norway,1952,6399
pakistan,1952,28035
philippines,1952,38879
singapore,1952,10067
south_africa,1952,6459
sri_lanka,1952,11523
sweden,1952,2144
switzerland,1952,1207
tanzania,1952,10547
thailand,1952,900
united_kingdom,1952,415000
united_states,1952,3540000
zambia,1952,42282
argentina,1953,5506
australia,1953,496046
austria,1953,12695
barbados,1953,121
belgium,1953,116724
cameroon,1953,2055
canada,1953,55988
chile,1953,123108
cyprus,1953,4715
denmark,1953,403
egypt,1953,3196
fiji,1953,262
finland,1953,15521
france,1953,1783693
greece,1953,85112
grenada,1953,3272
haiti,1953,0
india,1953,466607
ireland,1953,7144
israel,1953,8804
italy,1953,4679091
jamaica,1953,4641
japan,1953,1341229
kenya,1953,3221
luxembourg,1953,100
madagascar,1953,2721
malaysia,1953,7524
malta,1953,0
mexico,1953,38552
myanmar,1953,3120
netherlands,1953,10802
new_zealand,1953,22175
norway,1953,4917
pakistan,1953,33776
philippines,1953,9683
singapore,1953,8870
south_africa,1953,2658
south_korea,1953,2271
sri_lanka,1953,378082
sweden,1953,26198
switzerland,1953,2079
tanzania,1953,7131
thailand,1953,940
trinidad_and_tobago,1953,1207
uganda,1953,7369
united_kingdom,1953,1370000
united_states,1953,2400000
zambia,1953,6421
argentina,1954,119701
australia,1954,370074
austria,1954,21140
barbados,1954,331
belgium,1954,60618
cameroon,1954,4722
canada,1954,62250
chile,1954,99069
congo_drc,1954,293
cyprus,1954,1477
denmark,1954,7673
egypt,1954,2102
equatorial_guinea,1954,293
fiji,1954,38
finland,1954,19154
france,1954,1318947
greece,1954,49307
grenada,1954,3193
haiti,1954,1400
india,1954,477138
ireland,1954,8294
israel,1954,12123
italy,1954,2045268
jamaica,1954,3186
japan,1954,927821
kenya,1954,1518
luxembourg,1954,110
madagascar,1954,2617
malaysia,1954,10011
malta,1954,220
mauritius,1954,92
mexico,1954,25759
myanmar,1954,1693
netherlands,1954,18740
new_zealand,1954,16153
nigeria,1954,9900
norway,1954,2865
pakistan,1954,69831
philippines,1954,18417
singapore,1954,11191
south_africa,1954,5816
south_korea,1954,26896
sri_lanka,1954,101831
suriname,1954,131
sweden,1954,7718
switzerland,1954,2997
tanzania,1954,4621
thailand,1954,910
trinidad_and_tobago,1954,2686
uganda,1954,6507
united_kingdom,1954,448000
united_states,1954,1530000
vietnam,1954,27305
zambia,1954,44531
zimbabwe,1954,11508
argentina,1955,11990
australia,1955,444647
austria,1955,26011
barbados,1955,1257
belgium,1955,118578
cameroon,1955,6350
canada,1955,60090
chile,1955,128206
congo_drc,1955,605
cyprus,1955,1419
denmark,1955,6257
egypt,1955,3926
equatorial_guinea,1955,605
fiji,1955,1488
finland,1955,42402
france,1955,1060613
ghana,1955,8263
greece,1955,50242
grenada,1955,0
haiti,1955,0
india,1955,5217767
ireland,1955,11841
israel,1955,9861
italy,1955,1403217
jamaica,1955,8219
japan,1955,1033346
kenya,1955,17852
luxembourg,1955,2000
madagascar,1955,2208
malaysia,1955,15386
malta,1955,500
mauritius,1955,0
mexico,1955,10710
myanmar,1955,475
netherlands,1955,21190
new_zealand,1955,20224
norway,1955,9971
pakistan,1955,42103
philippines,1955,14574
sierra_leone,1955,9200
singapore,1955,57433
south_africa,1955,9863
south_korea,1955,20790
sri_lanka,1955,22730
suriname,1955,107
sweden,1955,3855
switzerland,1955,430
tanzania,1955,8877
trinidad_and_tobago,1955,435
tunisia,1955,9282
uganda,1955,7543
united_kingdom,1955,671000
united_states,1955,2650000
vietnam,1955,25465
zambia,1955,39963
zimbabwe,1955,2290
argentina,1956,853994
australia,1956,427983
austria,1956,34249
barbados,1956,1467
belgium,1956,176140
belize,1956,900
cameroon,1956,2200
canada,1956,88680
central_african_republic,1956,1467
chile,1956,105438
congo_drc,1956,1634
cyprus,1956,10952
denmark,1956,66306
egypt,1956,3689
equatorial_guinea,1956,1834
fiji,1956,542
finland,1956,451280
france,1956,981676
ghana,1956,33319
grenada,1956,500
india,1956,715130
ireland,1956,4420
israel,1956,11452
italy,1956,1677750
jamaica,1956,5680
japan,1956,1098326
kenya,1956,5164
luxembourg,1956,0
madagascar,1956,3360
malaysia,1956,48677
malta,1956,370
mauritius,1956,1478
mexico,1956,7573
morocco,1956,76486
myanmar,1956,56
netherlands,1956,37026
new_zealand,1956,13579
nigeria,1956,23623
norway,1956,56173
pakistan,1956,111831
philippines,1956,22678
sierra_leone,1956,380
singapore,1956,12373
south_africa,1956,10050
south_korea,1956,4779
sri_lanka,1956,88760
suriname,1956,1666
sweden,1956,1570
switzerland,1956,286
tanzania,1956,17695
thailand,1956,3673
trinidad_and_tobago,1956,11144
tunisia,1956,14923
uganda,1956,8236
united_kingdom,1956,508000
united_states,1956,1900000
vietnam,1956,24231
zambia,1956,119661
zimbabwe,1956,9773
argentina,1957,304209
australia,1957,337043
austria,1957,19555
barbados,1957,2207
belgium,1957,339055
belize,1957,30
burkina_faso,1957,5404
cameroon,1957,1091
canada,1957,91409
chad,1957,1321
chile,1957,29771
cote_d_ivoire,1957,5750
cyprus,1957,4653
denmark,1957,2540
egypt,1957,5246
el_salvador,1957,0
equatorial_guinea,1957,6613
fiji,1957,4922
finland,1957,58716
france,1957,2963837
gabon,1957,420
ghana,1957,11858
greece,1957,115391
grenada,1957,500
india,1957,889371
ireland,1957,4059
israel,1957,3692
italy,1957,1226787
jamaica,1957,20366
japan,1957,1556835
kenya,1957,21954
luxembourg,1957,0
madagascar,1957,8134
malaysia,1957,14067
malta,1957,731
mauritius,1957,373
mexico,1957,7134
morocco,1957,22818
myanmar,1957,2210
netherlands,1957,1435
new_zealand,1957,15545
nigeria,1957,21797
norway,1957,2792
pakistan,1957,158883
peru,1957,44660
philippines,1957,19706
sierra_leone,1957,1644
singapore,1957,8233
south_africa,1957,9634
south_korea,1957,9394
sri_lanka,1957,367300
suriname,1957,43
sweden,1957,1619
switzerland,1957,71
tanzania,1957,39786
thailand,1957,12977
trinidad_and_tobago,1957,400
tunisia,1957,5405
uganda,1957,3013
united_kingdom,1957,1359000
united_states,1957,1390000
vietnam,1957,2059
zambia,1957,16235
zimbabwe,1957,2555
algeria,1958,51
argentina,1958,277381
australia,1958,282849
austria,1958,28745
belgium,1958,62803
belize,1958,350
burkina_faso,1958,8593
cameroon,1958,627
canada,1958,112397
central_african_republic,1958,2203
chad,1958,145
chile,1958,48395
costa_rica,1958,1008
cyprus,1958,718
denmark,1958,9474
egypt,1958,657
el_salvador,1958,274
fiji,1958,294
finland,1958,14365
france,1958,1112459
gabon,1958,235
ghana,1958,21771
greece,1958,91951
grenada,1958,653
guinea,1958,14881
honduras,1958,3805
india,1958,928566
ireland,1958,12043
israel,1958,6050
italy,1958,1283301
jamaica,1958,20468
japan,1958,1279434
kenya,1958,21395
luxembourg,1958,0
madagascar,1958,1818
malaysia,1958,9467
malta,1958,440
mauritius,1958,1106
mexico,1958,60611
morocco,1958,118762
myanmar,1958,3730
netherlands,1958,5123
new_zealand,1958,13709
nigeria,1958,24660
norway,1958,12541
pakistan,1958,89954
peru,1958,48164
philippines,1958,46634
sierra_leone,1958,1706
singapore,1958,2679
south_africa,1958,8179
south_korea,1958,10520
sri_lanka,1958,82085
suriname,1958,1218
sweden,1958,84
switzerland,1958,815
tanzania,1958,67430
thailand,1958,458
trinidad_and_tobago,1958,1416
tunisia,1958,1412
uganda,1958,5873
united_kingdom,1958,524000
united_states,1958,2060000
vietnam,1958,15450
zambia,1958,27227
zimbabwe,1958,6050
algeria,1959,530
argentina,1959,1411062
australia,1959,237471
austria,1959,47007
barbados,1959,255
belgium,1959,123473
belize,1959,292
burkina_faso,1959,837
cameroon,1959,151
canada,1959,100127
central_african_republic,1959,334
chad,1959,700
chile,1959,82188
congo_drc,1959,913
costa_rica,1959,6160
cote_d_ivoire,1959,2875
cyprus,1959,1734
denmark,1959,5859
egypt,1959,1004
el_salvador,1959,431
fiji,1959,1738
finland,1959,19764
france,1959,939798
gabon,1959,952
ghana,1959,4143
greece,1959,41502
grenada,1959,106
guinea,1959,4034
honduras,1959,0
india,1959,593616
ireland,1959,9305
israel,1959,5873
italy,1959,1900321
jamaica,1959,33273
japan,1959,1215940
kenya,1959,42214
luxembourg,1959,410
madagascar,1959,3021
malaysia,1959,6946
mali,1959,491
malta,1959,12932
mauritius,1959,1436
mexico,1959,62770
morocco,1959,45491
myanmar,1959,234
netherlands,1959,7635
new_zealand,1959,18762
nigeria,1959,20968
norway,1959,2113
pakistan,1959,32691
philippines,1959,26693
senegal,1959,7646
sierra_leone,1959,4148
singapore,1959,1939
south_africa,1959,3703
south_korea,1959,72664
sri_lanka,1959,89772
sweden,1959,1236
switzerland,1959,126
tanzania,1959,82878
thailand,1959,846
togo,1959,620
trinidad_and_tobago,1959,12598
tunisia,1959,1416
uganda,1959,13249
united_kingdom,1959,646000
united_states,1959,1880000
venezuela,1959,6837
vietnam,1959,11752
zambia,1959,2184
zimbabwe,1959,8581
algeria,1960,1828
antigua_and_barbuda,1960,35
argentina,1960,130044
australia,1960,603279
austria,1960,30654
barbados,1960,0
belgium,1960,19140
belize,1960,135
burkina_faso,1960,249
cameroon,1960,226
canada,1960,49408
central_african_republic,1960,2187
chile,1960,88518
congo_drc,1960,350
cote_d_ivoire,1960,1673
cyprus,1960,25223
denmark,1960,19787
fiji,1960,4692
finland,1960,19285
france,1960,1071513
gabon,1960,1522
ghana,1960,9976
greece,1960,56180
grenada,1960,351
guinea,1960,3450
honduras,1960,75
iceland,1960,125
india,1960,986268
ireland,1960,5865
israel,1960,14420
italy,1960,2337906
jamaica,1960,11921
japan,1960,918094
kenya,1960,72545
luxembourg,1960,0
madagascar,1960,2915
malaysia,1960,4596
mali,1960,0
malta,1960,6277
mauritius,1960,845
mexico,1960,63567
morocco,1960,50772
myanmar,1960,1758
netherlands,1960,75500
new_zealand,1960,14305
nigeria,1960,23250
norway,1960,656
pakistan,1960,25749
philippines,1960,15048
senegal,1960,138
sierra_leone,1960,1078
singapore,1960,5939
south_africa,1960,5500
south_korea,1960,64335
sri_lanka,1960,47358
st_lucia,1960,295
suriname,1960,80
sweden,1960,1479
switzerland,1960,214
tanzania,1960,89495
thailand,1960,23
togo,1960,0
trinidad_and_tobago,1960,20898
tunisia,1960,1080
uganda,1960,30877
united_kingdom,1960,818800
united_states,1960,1320000
venezuela,1960,9600
vietnam,1960,7231
zambia,1960,6241
zimbabwe,1960,17746
argentina,1961,236462
australia,1961,300357
austria,1961,38338
barbados,1961,0
belgium,1961,12622
belize,1961,22
burkina_faso,1961,157
canada,1961,97959
central_african_republic,1961,460
chad,1961,2009
chile,1961,111911
congo_drc,1961,519
cote_d_ivoire,1961,3230
cyprus,1961,2205
denmark,1961,153304
fiji,1961,1319
finland,1961,42247
france,1961,2551821
gabon,1961,975
ghana,1961,12259
greece,1961,52994
grenada,1961,1460
honduras,1961,0
iceland,1961,16357
india,1961,511860
ireland,1961,27437
israel,1961,26184
italy,1961,2697770
jamaica,1961,13298
japan,1961,1680011
kenya,1961,26677
luxembourg,1961,0
madagascar,1961,935
malaysia,1961,9045
mali,1961,93
malta,1961,514
mauritius,1961,338
mexico,1961,33184
morocco,1961,130242
myanmar,1961,4348
netherlands,1961,8578
new_zealand,1961,16626
nigeria,1961,36677
norway,1961,22910
pakistan,1961,26502
paraguay,1961,3500
philippines,1961,29283
senegal,1961,0
sierra_leone,1961,318
singapore,1961,43584
south_africa,1961,4991
south_korea,1961,16208
sri_lanka,1961,67236
st_lucia,1961,0
suriname,1961,245
sweden,1961,140
switzerland,1961,0
tanzania,1961,20159
thailand,1961,68
togo,1961,90
trinidad_and_tobago,1961,12322
tunisia,1961,885
uganda,1961,21070
united_kingdom,1961,778500
united_states,1961,1450000
venezuela,1961,11551
vietnam,1961,8881
zambia,1961,12062
zimbabwe,1961,21282
argentina,1962,42386
australia,1962,353853
austria,1962,207459
barbados,1962,512
belgium,1962,21995
belize,1962,392
burkina_faso,1962,145
cameroon,1962,2083
canada,1962,74332
central_african_republic,1962,893
chile,1962,84212
congo_drc,1962,0
cote_d_ivoire,1962,2970
cyprus,1962,4401
denmark,1962,9518
fiji,1962,9
finland,1962,6963
france,1962,1472448
gabon,1962,2374
ghana,1962,1690
greece,1962,56767
grenada,1962,239
honduras,1962,135
iceland,1962,3029
india,1962,705059
ireland,1962,9197
israel,1962,37588
italy,1962,2909831
jamaica,1962,16081
japan,1962,1517844
kenya,1962,132433
luxembourg,1962,0
madagascar,1962,3758
malaysia,1962,232912
mali,1962,0
malta,1962,140
mauritius,1962,13
mexico,1962,80989
morocco,1962,52514
myanmar,1962,849
netherlands,1962,2156
new_zealand,1962,39921
nigeria,1962,18671
norway,1962,1069
pakistan,1962,69482
paraguay,1962,3950
philippines,1962,44597
sierra_leone,1962,4042
singapore,1962,6647
south_africa,1962,2157
sri_lanka,1962,68140
st_lucia,1962,296
suriname,1962,1782
sweden,1962,3529
switzerland,1962,163
tanzania,1962,48434
thailand,1962,81
trinidad_and_tobago,1962,15962
tunisia,1962,393
uganda,1962,25563
united_kingdom,1962,4422700
united_states,1962,1230000
venezuela,1962,4762
vietnam,1962,5497
zambia,1962,51333
zimbabwe,1962,7886
antigua_and_barbuda,1963,711
argentina,1963,207216
australia,1963,412708
austria,1963,16501
bahamas,1963,100
barbados,1963,289
belgium,1963,17722
belize,1963,335
burkina_faso,1963,0
cameroon,1963,1357
canada,1963,83428
central_african_republic,1963,456
chile,1963,117084
cote_d_ivoire,1963,4102
cyprus,1963,3859
denmark,1963,6527
fiji,1963,263
finland,1963,104646
france,1963,2646095
gabon,1963,1588
ghana,1963,940
greece,1963,100607
grenada,1963,370
iceland,1963,21262
india,1963,563121
iraq,1963,380
ireland,1963,16067
israel,1963,86475
italy,1963,3693715
jamaica,1963,10728
japan,1963,1183243
kenya,1963,54428
luxembourg,1963,0
madagascar,1963,4200
malaysia,1963,16861
mali,1963,50
malta,1963,5082
mauritius,1963,2595
morocco,1963,69110
myanmar,1963,308
netherlands,1963,26055
new_zealand,1963,14911
nigeria,1963,19315
norway,1963,10588
pakistan,1963,218601
paraguay,1963,2063
philippines,1963,47520
sierra_leone,1963,1893
singapore,1963,33004
south_africa,1963,3401
south_korea,1963,19990
spain,1963,38572
sri_lanka,1963,92330
st_lucia,1963,94
suriname,1963,0
sweden,1963,2841
switzerland,1963,1120
tanzania,1963,27207
thailand,1963,118
trinidad_and_tobago,1963,17799
tunisia,1963,405
turkey,1963,707
uganda,1963,33281
united_kingdom,1963,592500
united_states,1963,941000
venezuela,1963,2018
vietnam,1963,8064
zambia,1963,41686
zimbabwe,1963,6935
algeria,1964,566
antigua_and_barbuda,1964,1859
argentina,1964,144230
australia,1964,545628
austria,1964,40843
bahamas,1964,380
barbados,1964,293
belgium,1964,40682
belize,1964,616
burkina_faso,1964,0
cameroon,1964,270
canada,1964,100535
chile,1964,138474
cote_d_ivoire,1964,5197
cyprus,1964,413
denmark,1964,7530
fiji,1964,1531
finland,1964,26929
france,1964,2603057
gabon,1964,4694
ghana,1964,2844
greece,1964,164163
grenada,1964,118
honduras,1964,0
iceland,1964,1207
india,1964,1002955
iraq,1964,0
ireland,1964,25245
israel,1964,47168
italy,1964,3245500
jamaica,1964,8560
japan,1964,1050115
kenya,1964,67155
madagascar,1964,192
mali,1964,21
malta,1964,0
mauritius,1964,7302
mexico,1964,247
morocco,1964,88387
netherlands,1964,8498
new_zealand,1964,34779
nigeria,1964,41884
norway,1964,230
pakistan,1964,247702
paraguay,1964,500
philippines,1964,64624
sierra_leone,1964,771
singapore,1964,2535
south_africa,1964,5037
south_korea,1964,1204
spain,1964,119290
sri_lanka,1964,89418
st_lucia,1964,110
suriname,1964,0
sweden,1964,1922
switzerland,1964,350
tanzania,1964,3584
thailand,1964,300
trinidad_and_tobago,1964,8097
turkey,1964,6945
uganda,1964,13268
united_kingdom,1964,883000
united_states,1964,1640000
venezuela,1964,3540
vietnam,1964,33681
zambia,1964,30839
zimbabwe,1964,14866
antigua_and_barbuda,1965,550
argentina,1965,203596
australia,1965,475044
austria,1965,146009
bahamas,1965,190
barbados,1965,366
belgium,1965,18774
belize,1965,900
burkina_faso,1965,220
cameroon,1965,2534
canada,1965,171870
central_african_republic,1965,1500
chile,1965,182359
cyprus,1965,1013
denmark,1965,14194
fiji,1965,194
finland,1965,6959
france,1965,1237071
gabon,1965,699
ghana,1965,7100
greece,1965,255899
grenada,1965,427
honduras,1965,172
iceland,1965,15727
india,1965,1028609
iraq,1965,0
ireland,1965,38917
israel,1965,90210
italy,1965,2309980
jamaica,1965,25316
japan,1965,1682342
kenya,1965,105602
madagascar,1965,36
mali,1965,0
malta,1965,687
mauritius,1965,1660
mexico,1965,610
morocco,1965,19142
netherlands,1965,23213
new_zealand,1965,15267
nigeria,1965,78992
norway,1965,591
pakistan,1965,125241
paraguay,1965,780
peru,1965,135582
philippines,1965,59944
sierra_leone,1965,1320
singapore,1965,3374
south_africa,1965,6228
south_korea,1965,3852
spain,1965,58591
sri_lanka,1965,79603
st_lucia,1965,210
suriname,1965,578
sweden,1965,248
switzerland,1965,23
tanzania,1965,884
thailand,1965,3753
trinidad_and_tobago,1965,7160
turkey,1965,6546
uganda,1965,18181
united_kingdom,1965,876400
united_states,1965,1550000
venezuela,1965,4690
vietnam,1965,12267
zambia,1965,10149
antigua_and_barbuda,1966,684
argentina,1966,235913
australia,1966,394851
austria,1966,120922
bahamas,1966,0
barbados,1966,1969
belgium,1966,41629
belize,1966,1050
burkina_faso,1966,162
burundi,1966,378
cameroon,1966,179
canada,1966,411459
chile,1966,195435
cyprus,1966,1468
denmark,1966,10369
fiji,1966,35
finland,1966,66051
france,1966,3341003
gabon,1966,906
ghana,1966,15027
greece,1966,348738
grenada,1966,242
honduras,1966,0
iceland,1966,1866
india,1966,1410056
iraq,1966,0
ireland,1966,52238
israel,1966,88616
italy,1966,1887992
jamaica,1966,29563
japan,1966,1132406
kenya,1966,42967
madagascar,1966,315
mali,1966,0
malta,1966,615
mauritius,1966,2974
mexico,1966,500
morocco,1966,25728
netherlands,1966,11188
new_zealand,1966,33132
nigeria,1966,40449
norway,1966,1392
pakistan,1966,144489
paraguay,1966,637
peru,1966,126706
philippines,1966,61496
sierra_leone,1966,781
singapore,1966,1288
south_africa,1966,5115
south_korea,1966,30690
spain,1966,36977
sri_lanka,1966,142851
st_lucia,1966,50
suriname,1966,196
sweden,1966,29436
switzerland,1966,38
tanzania,1966,2062
thailand,1966,5413
trinidad_and_tobago,1966,0
tunisia,1966,306
turkey,1966,9937
uganda,1966,5658
united_kingdom,1966,543900
united_states,1966,1960000
venezuela,1966,3184
vietnam,1966,33095
zambia,1966,307167
antigua_and_barbuda,1967,137
argentina,1967,547
australia,1967,483274
austria,1967,7496
bahamas,1967,234
barbados,1967,411
belgium,1967,37621
belize,1967,42
burkina_faso,1967,123
burundi,1967,1340
cameroon,1967,53
canada,1967,252018
chile,1967,225470
cyprus,1967,4015
denmark,1967,10442
fiji,1967,1421
finland,1967,26591
france,1967,2823619
gabon,1967,441
ghana,1967,6326
greece,1967,90750
grenada,1967,74
guatemala,1967,4057
honduras,1967,0
iceland,1967,9371
india,1967,1490346
iraq,1967,4788
ireland,1967,20925
israel,1967,25058
italy,1967,2244203
jamaica,1967,17849
japan,1967,732505
kenya,1967,29985
mali,1967,0
malta,1967,7838
mauritius,1967,194
mexico,1967,8457
morocco,1967,41323
netherlands,1967,1564
new_zealand,1967,28490
nigeria,1967,40785
norway,1967,436
pakistan,1967,257180
paraguay,1967,233
peru,1967,142282
philippines,1967,46928
sierra_leone,1967,1951
singapore,1967,4491
solomon_is,1967,174
south_africa,1967,3531
south_korea,1967,2787
spain,1967,198740
sri_lanka,1967,89851
st_lucia,1967,0
suriname,1967,727
sweden,1967,90
switzerland,1967,65
tanzania,1967,3224
thailand,1967,1060
trinidad_and_tobago,1967,648
tunisia,1967,0
turkey,1967,9463
uganda,1967,5305
united_kingdom,1967,733700
united_states,1967,2870000
venezuela,1967,2973
vietnam,1967,32111
zambia,1967,24006
antigua_and_barbuda,1968,668
argentina,1968,1609
australia,1968,720321
austria,1968,3129
bahamas,1968,1685
barbados,1968,0
belgium,1968,29338
belize,1968,629
burkina_faso,1968,286
burundi,1968,1027
cameroon,1968,5591
canada,1968,223562
chile,1968,292794
cyprus,1968,6557
denmark,1968,28772
fiji,1968,2438
finland,1968,26843
ghana,1968,37625
greece,1968,0
grenada,1968,134
guatemala,1968,7505
honduras,1968,0
iceland,1968,20083
india,1968,1669294
iraq,1968,0
ireland,1968,38880
israel,1968,42146
italy,1968,4862201
jamaica,1968,37642
japan,1968,1163357
kenya,1968,20508
mali,1968,1146
malta,1968,21220
mauritius,1968,13636
mexico,1968,4420
morocco,1968,29825
netherlands,1968,4599
new_zealand,1968,37458
nigeria,1968,11551
norway,1968,486
pakistan,1968,116576
panama,1968,1075
paraguay,1968,138
peru,1968,107809
philippines,1968,46445
sierra_leone,1968,1714
singapore,1968,172
solomon_is,1968,560
south_africa,1968,1953
south_korea,1968,18437
spain,1968,130742
sri_lanka,1968,77217
st_lucia,1968,0
suriname,1968,1919
sweden,1968,379
switzerland,1968,70
tanzania,1968,1906
thailand,1968,1867
trinidad_and_tobago,1968,2481
tunisia,1968,350
turkey,1968,5259
united_kingdom,1968,2257600
united_states,1968,2650000
venezuela,1968,6539
vietnam,1968,15110
zambia,1968,30770
algeria,1969,5349
antigua_and_barbuda,1969,334
argentina,1969,6697
australia,1969,1285198
austria,1969,17449
bahamas,1969,330
bangladesh,1969,113194
barbados,1969,489
belgium,1969,24691
belize,1969,1709
burkina_faso,1969,1496
burundi,1969,1003
cameroon,1969,1857
canada,1969,306799
chile,1969,362010
cyprus,1969,13406
denmark,1969,35856
egypt,1969,15470
fiji,1969,1521
finland,1969,83207
france,1969,1443600
ghana,1969,28369
greece,1969,0
guatemala,1969,3117
guyana,1969,17878
honduras,1969,0
iceland,1969,33739
india,1969,1826866
iraq,1969,1020
ireland,1969,61760
israel,1969,44496
italy,1969,7506983
jamaica,1969,8622
japan,1969,1411898
kenya,1969,38793
mali,1969,19
malta,1969,5892
mauritius,1969,1605
mexico,1969,4442
morocco,1969,17029
netherlands,1969,12403
new_zealand,1969,44041
nigeria,1969,20624
norway,1969,824
pakistan,1969,298137
panama,1969,1835
paraguay,1969,0
peru,1969,91531
philippines,1969,62803
sierra_leone,1969,9864
singapore,1969,0
solomon_is,1969,641
south_africa,1969,4434
south_korea,1969,30499
spain,1969,205325
sri_lanka,1969,63178
st_lucia,1969,0
suriname,1969,5063
sweden,1969,9023
switzerland,1969,33
tanzania,1969,874
thailand,1969,4672
trinidad_and_tobago,1969,2767
tunisia,1969,400
turkey,1969,15134
uganda,1969,32032
united_kingdom,1969,1665000
united_states,1969,2480000
venezuela,1969,21015
vietnam,1969,19356
zambia,1969,16944
algeria,1970,6363
antigua_and_barbuda,1970,25
argentina,1970,2912
australia,1970,1367400
austria,1970,7547
bahamas,1970,153
bangladesh,1970,77680
barbados,1970,0
belgium,1970,111002
belize,1970,44
burkina_faso,1970,287
burundi,1970,110
cameroon,1970,1857
canada,1970,261706
chile,1970,656170
cyprus,1970,4725
denmark,1970,55585
egypt,1970,1311
fiji,1970,887
finland,1970,201556
france,1970,1159619
ghana,1970,21376
greece,1970,0
guatemala,1970,27067
guyana,1970,84056
iceland,1970,15855
india,1970,1827752
iraq,1970,1124
ireland,1970,28752
israel,1970,114941
italy,1970,3721919
jamaica,1970,23181
japan,1970,1720135
kenya,1970,18941
mali,1970,0
malta,1970,23764
mauritius,1970,2073
mexico,1970,14329
morocco,1970,17211
netherlands,1970,52333
new_zealand,1970,110096
nigeria,1970,20015
norway,1970,3133
pakistan,1970,272387
panama,1970,7510
paraguay,1970,0
peru,1970,110990
philippines,1970,36852
sierra_leone,1970,903
singapore,1970,1749
solomon_is,1970,381
south_africa,1970,4168
south_korea,1970,541
spain,1970,440114
sri_lanka,1970,149018
st_lucia,1970,583
suriname,1970,420
sweden,1970,26669
switzerland,1970,320
tanzania,1970,357
thailand,1970,2482
trinidad_and_tobago,1970,11280
tunisia,1970,5887
turkey,1970,21156
united_kingdom,1970,1800700
united_states,1970,3305200
venezuela,1970,23934
vietnam,1970,60653
zambia,1970,307167
algeria,1971,12276
argentina,1971,68632
australia,1971,1326500
austria,1971,2431
bangladesh,1971,35324
barbados,1971,415
belgium,1971,100066
burkina_faso,1971,252
burundi,1971,2498
cameroon,1971,2530
canada,1971,239631
chile,1971,298677
cyprus,1971,6867
denmark,1971,6379
egypt,1971,11425
el_salvador,1971,10614
fiji,1971,5163
finland,1971,403297
france,1971,3234500
ghana,1971,41053
greece,1971,0
guatemala,1971,92
guyana,1971,41447
iceland,1971,1790
india,1971,1615140
ireland,1971,43783
israel,1971,88265
italy,1971,3891253
jamaica,1971,18623
japan,1971,1896252
kenya,1971,14398
mali,1971,0
malta,1971,2103
mauritius,1971,25845
mexico,1971,9299
morocco,1971,82027
netherlands,1971,35560
new_zealand,1971,86009
nigeria,1971,79598
norway,1971,2519
pakistan,1971,107962
panama,1971,15606
paraguay,1971,0
peru,1971,161415
philippines,1971,62138
san_marino,1971,7793
seychelles,1971,117
sierra_leone,1971,2711
singapore,1971,1380
solomon_is,1971,600
south_africa,1971,4451
south_korea,1971,832
spain,1971,196665
sri_lanka,1971,91619
st_lucia,1971,720
suriname,1971,6641
sweden,1971,62919
switzerland,1971,2267
tanzania,1971,654
thailand,1971,5153
trinidad_and_tobago,1971,18022
tunisia,1971,2623
turkey,1971,10916
uganda,1971,23245
united_kingdom,1971,1178200
united_states,1971,3279600
venezuela,1971,39094
vietnam,1971,35623
zambia,1971,24006
algeria,1972,10706
argentina,1972,61259
australia,1972,1113800
austria,1972,7096
bangladesh,1972,43615
barbados,1972,1353
belgium,1972,70570
burkina_faso,1972,42
burundi,1972,3712
cameroon,1972,3901
canada,1972,706474
chile,1972,393954
cyprus,1972,21431
denmark,1972,7601
egypt,1972,11864
el_salvador,1972,3919
fiji,1972,5104
finland,1972,239732
france,1972,2721348
ghana,1972,2336
greece,1972,0
guatemala,1972,4868
guyana,1972,44597
iceland,1972,1100
india,1972,1736737
ireland,1972,22274
israel,1972,87309
italy,1972,4405251
jamaica,1972,30286
japan,1972,1543557
kenya,1972,28006
mali,1972,0
malta,1972,11999
mauritius,1972,150
mexico,1972,2684
morocco,1972,100767
netherlands,1972,19548
new_zealand,1972,60429
nigeria,1972,29656
norway,1972,1185
pakistan,1972,125588
peru,1972,130643
philippines,1972,33396
san_marino,1972,5904
seychelles,1972,2150
sierra_leone,1972,860
singapore,1972,3168
solomon_is,1972,425
south_africa,1972,9224
south_korea,1972,0
spain,1972,236421
sri_lanka,1972,55037
st_lucia,1972,490
suriname,1972,2826
sweden,1972,7145
switzerland,1972,526
thailand,1972,7803
trinidad_and_tobago,1972,8486
tunisia,1972,18458
turkey,1972,14879
uganda,1972,23301
united_kingdom,1972,1734400
united_states,1972,1713600
venezuela,1972,24654
vietnam,1972,9138
zambia,1972,30770
australia,1973,803000
austria,1973,78251
bangladesh,1973,35027
barbados,1973,2549
belgium,1973,70134
burundi,1973,2382
cameroon,1973,8124
canada,1973,348470
chile,1973,711028
cyprus,1973,2790
denmark,1973,337100
egypt,1973,4222
el_salvador,1973,618
fiji,1973,13737
finland,1973,678193
france,1973,2245973
ghana,1973,3917
guatemala,1973,22711
guyana,1973,34692
iceland,1973,729
india,1973,2545602
ireland,1973,31761
israel,1973,122338
italy,1973,6132747
jamaica,1973,18726
japan,1973,2236119
kenya,1973,14125
malta,1973,12513
mauritius,1973,29738
mexico,1973,8395
morocco,1973,52320
netherlands,1973,58113
new_zealand,1973,115865
nigeria,1973,43504
norway,1973,2380
pakistan,1973,126930
panama,1973,1414
peru,1973,416251
san_marino,1973,6757
seychelles,1973,100
sierra_leone,1973,612
singapore,1973,1312
solomon_is,1973,145
south_africa,1973,98378
south_korea,1973,0
spain,1973,303132
sri_lanka,1973,260602
st_lucia,1973,560
suriname,1973,5073
sweden,1973,4252
switzerland,1973,0
thailand,1973,177896
trinidad_and_tobago,1973,18741
tunisia,1973,18473
turkey,1973,12286
uganda,1973,5834
united_kingdom,1973,1527600
united_states,1973,2250700
venezuela,1973,45508
zambia,1973,16944
argentina,1974,271697
australia,1974,2004800
austria,1974,7295
bangladesh,1974,57387
barbados,1974,550
belgium,1974,60764
burundi,1974,3395
cameroon,1974,6313
canada,1974,580912
cyprus,1974,8498
denmark,1974,142352
ecuador,1974,5948
egypt,1974,13172
el_salvador,1974,37406
fiji,1974,7974
finland,1974,370700
france,1974,1563540
ghana,1974,32371
guatemala,1974,43934
guyana,1974,61932
iceland,1974,30948
india,1974,2854623
ireland,1974,43459
israel,1974,27141
italy,1974,7824397
jamaica,1974,21194
japan,1974,3621049
kenya,1974,22144
malta,1974,8573
mauritius,1974,8449
mexico,1974,17863
morocco,1974,65463
netherlands,1974,2979
new_zealand,1974,70904
nigeria,1974,62693
norway,1974,22149
pakistan,1974,141150
panama,1974,232
peru,1974,362737
san_marino,1974,12268
seychelles,1974,159
sierra_leone,1974,438
singapore,1974,1901
solomon_is,1974,317
south_africa,1974,59114
south_korea,1974,22609
spain,1974,557300
sri_lanka,1974,27073
st_lucia,1974,1271
suriname,1974,3438
sweden,1974,17470
switzerland,1974,299
thailand,1974,105883
trinidad_and_tobago,1974,55555
tunisia,1974,21000
turkey,1974,25546
united_kingdom,1974,1626400
united_states,1974,2778100
venezuela,1974,17463
zambia,1974,7725
australia,1975,1398000
austria,1975,3783
bangladesh,1975,28327
barbados,1975,823
belgium,1975,90159
burundi,1975,5539
cameroon,1975,3861
canada,1975,506443
cote_d_ivoire,1975,6381
cyprus,1975,1132
denmark,1975,59128
ecuador,1975,11913
egypt,1975,40527
el_salvador,1975,2902
fiji,1975,12180
finland,1975,215140
france,1975,1827142
ghana,1975,15301
guatemala,1975,8336
guyana,1975,68616
iceland,1975,20843
india,1975,1143426
ireland,1975,29124
israel,1975,114091
italy,1975,14109732
jamaica,1975,10993
japan,1975,2732184
kenya,1975,4148
malta,1975,5262
mauritius,1975,70075
mexico,1975,9680
morocco,1975,35768
netherlands,1975,268
new_zealand,1975,74820
nigeria,1975,214560
norway,1975,3282
pakistan,1975,129385
papua_new_guinea,1975,10205
peru,1975,617120
san_marino,1975,18164
seychelles,1975,40
sierra_leone,1975,1195
singapore,1975,1865
solomon_is,1975,1264
south_africa,1975,23488
south_korea,1975,10256
spain,1975,504200
sri_lanka,1975,19081
st_lucia,1975,600
suriname,1975,1999
sweden,1975,23631
switzerland,1975,323
thailand,1975,94747
trinidad_and_tobago,1975,35679
tunisia,1975,40671
turkey,1975,13708
united_kingdom,1975,808900
united_states,1975,1746000
venezuela,1975,25752
zambia,1975,17121
australia,1976,2190100
austria,1976,2352
bangladesh,1976,14517
barbados,1976,282
belgium,1976,117800
burkina_faso,1976,6679
burundi,1976,8440
cameroon,1976,1377
canada,1976,1570921
cote_d_ivoire,1976,15404
cyprus,1976,1007
denmark,1976,87224
ecuador,1976,7016
egypt,1976,793
el_salvador,1976,25300
fiji,1976,5990
finland,1976,496830
france,1976,2022500
ghana,1976,32360
greece,1976,300759
guatemala,1976,5757
guyana,1976,82142
iceland,1976,35219
india,1976,736974
ireland,1976,42281
israel,1976,114970
italy,1976,11897819
jamaica,1976,12169
japan,1976,1356025
kenya,1976,12964
malta,1976,3724
mauritius,1976,67841
mexico,1976,23684
morocco,1976,83061
netherlands,1976,15255
new_zealand,1976,201085
nigeria,1976,55273
norway,1976,21586
pakistan,1976,77502
panama,1976,2080
papua_new_guinea,1976,5207
peru,1976,258101
philippines,1976,72689
san_marino,1976,6214
seychelles,1976,0
sierra_leone,1976,800
singapore,1976,1576
solomon_is,1976,55
south_africa,1976,28098
south_korea,1976,6570
spain,1976,2556800
sri_lanka,1976,55995
suriname,1976,2044
sweden,1976,8715
switzerland,1976,2395
thailand,1976,65342
trinidad_and_tobago,1976,26729
tunisia,1976,67386
turkey,1976,7240
united_kingdom,1976,668000
united_states,1976,2420000
venezuela,1976,33932
zambia,1976,5619
australia,1977,596200
austria,1977,43
bangladesh,1977,76675
barbados,1977,0
belgium,1977,74217
burkina_faso,1977,0
burundi,1977,2600
cameroon,1977,0
canada,1977,217557
costa_rica,1977,10592
cote_d_ivoire,1977,9437
cyprus,1977,670
denmark,1977,36305
ecuador,1977,802
egypt,1977,1042
el_salvador,1977,32879
fiji,1977,10045
finland,1977,738630
france,1977,1919900
ghana,1977,47304
greece,1977,559858
guatemala,1977,8670
guyana,1977,89687
haiti,1977,792
iceland,1977,48043
india,1977,2193215
ireland,1977,33805
israel,1977,194297
italy,1977,13802955
jamaica,1977,12557
japan,1977,691908
kenya,1977,7288
malta,1977,10980
mauritius,1977,9629
mexico,1977,13411
morocco,1977,60433
netherlands,1977,44120
new_zealand,1977,159407
nigeria,1977,143099
norway,1977,2429
pakistan,1977,49093
panama,1977,205
papua_new_guinea,1977,7713
peru,1977,1315361
philippines,1977,30183
portugal,1977,307957
san_marino,1977,31608
seychelles,1977,0
sierra_leone,1977,1050
singapore,1977,406
solomon_is,1977,278
south_africa,1977,15335
south_korea,1977,7975
spain,1977,2955000
sri_lanka,1977,44874
st_lucia,1977,1170
suriname,1977,2845
sweden,1977,13101
switzerland,1977,1380
thailand,1977,4868
trinidad_and_tobago,1977,5413
tunisia,1977,88335
turkey,1977,15682
uganda,1977,1780
united_kingdom,1977,1165800
united_states,1977,2040100
venezuela,1977,63923
zambia,1977,9166
zimbabwe,1977,2934
australia,1978,1075600
austria,1978,699
bangladesh,1978,113209
barbados,1978,0
belgium,1978,101703
burkina_faso,1978,245
burundi,1978,519
cameroon,1978,5965
canada,1978,401688
colombia,1978,22628
costa_rica,1978,20168
cote_d_ivoire,1978,7406
cyprus,1978,7735
denmark,1978,59340
ecuador,1978,538
egypt,1978,3900
el_salvador,1978,7169
fiji,1978,4408
finland,1978,161290
france,1978,704800
ghana,1978,42913
greece,1978,471305
guatemala,1978,144956
guyana,1978,52060
haiti,1978,1615
iceland,1978,29910
india,1978,1915603
ireland,1978,32558
israel,1978,224354
italy,1978,8774193
jamaica,1978,35170
japan,1978,659966
kenya,1978,9459
mali,1978,480
malta,1978,5133
mauritius,1978,42813
mexico,1978,14976
morocco,1978,73672
netherlands,1978,9894
new_zealand,1978,157903
nigeria,1978,67748
norway,1978,4459
pakistan,1978,58565
panama,1978,867
papua_new_guinea,1978,3726
peru,1978,1398387
philippines,1978,33731
san_marino,1978,12664
sierra_leone,1978,4792
singapore,1978,0
south_africa,1978,14153
south_korea,1978,10598
spain,1978,3863900
sri_lanka,1978,62657
st_lucia,1978,1308
suriname,1978,772
sweden,1978,8319
switzerland,1978,1240
thailand,1978,6842
trinidad_and_tobago,1978,10921
tunisia,1978,21433
turkey,1978,9748
united_kingdom,1978,1041500
united_states,1978,1623600
venezuela,1978,25337
zambia,1978,42067
zimbabwe,1978,2908
australia,1979,1862900
austria,1979,786
bangladesh,1979,114248
barbados,1979,45
belgium,1979,61844
burundi,1979,2325
cameroon,1979,745
canada,1979,462504
colombia,1979,29712
costa_rica,1979,25671
cote_d_ivoire,1979,6784
cyprus,1979,7185
denmark,1979,156589
ecuador,1979,2387
egypt,1979,5235
el_salvador,1979,29432
fiji,1979,4686
finland,1979,225170
france,1979,967200
ghana,1979,40606
greece,1979,1262433
guatemala,1979,42170
guyana,1979,106366
haiti,1979,2141
honduras,1979,27354
iceland,1979,805
india,1979,2873575
ireland,1979,49621
israel,1979,250420
italy,1979,16237444
jamaica,1979,9714
japan,1979,449504
mali,1979,140
malta,1979,3398
mauritius,1979,64698
mexico,1979,17264
morocco,1979,88087
netherlands,1979,37341
new_zealand,1979,158195
nigeria,1979,223691
norway,1979,2773
pakistan,1979,38733
panama,1979,1161
papua_new_guinea,1979,12191
peru,1979,841144
philippines,1979,16728
portugal,1979,266513
san_marino,1979,979
sierra_leone,1979,4665
singapore,1979,0
south_africa,1979,23064
south_korea,1979,14258
spain,1979,5713200
sri_lanka,1979,56044
st_lucia,1979,1009
suriname,1979,2186
sweden,1979,32315
switzerland,1979,463
thailand,1979,16203
trinidad_and_tobago,1979,10239
tunisia,1979,22430
turkey,1979,21011
uganda,1979,2469
united_kingdom,1979,4607800
united_states,1979,1727100
venezuela,1979,23268
zambia,1979,10846
zimbabwe,1979,1237
australia,1980,1172600
austria,1980,24181
bangladesh,1980,164032
barbados,1980,2166
belgium,1980,30432
burkina_faso,1980,12200
burundi,1980,195
cameroon,1980,0
canada,1980,441025
chile,1980,29730
colombia,1980,30915
costa_rica,1980,24750
cyprus,1980,49833
denmark,1980,62063
ecuador,1980,16065
egypt,1980,89
el_salvador,1980,12110
fiji,1980,3100
finland,1980,407260
france,1980,500800
ghana,1980,69883
greece,1980,1407821
guatemala,1980,68683
guyana,1980,40752
haiti,1980,3688
honduras,1980,34431
iceland,1980,4220
india,1980,1900333
ireland,1980,30879
israel,1980,91451
italy,1980,13824641
japan,1980,562921
malaysia,1980,5016
mali,1980,340
malta,1980,764
mauritius,1980,3760
mexico,1980,42774
morocco,1980,67250
netherlands,1980,25647
new_zealand,1980,127651
nigeria,1980,141676
norway,1980,18752
pakistan,1980,24710
panama,1980,2438
papua_new_guinea,1980,11311
peru,1980,481484
philippines,1980,20902
portugal,1980,289600
san_marino,1980,11650
sierra_leone,1980,1825
singapore,1980,0
south_africa,1980,58213
south_korea,1980,48970
spain,1980,2287000
sri_lanka,1980,78555
st_kitts_and_nevis,1980,34
st_lucia,1980,190
suriname,1980,3439
sweden,1980,746677
switzerland,1980,3582
thailand,1980,3230
trinidad_and_tobago,1980,7541
turkey,1980,84832
uganda,1980,16482
united_kingdom,1980,833700
united_states,1980,1366300
venezuela,1980,67964
zambia,1980,28434
zimbabwe,1980,90788
australia,1981,1247200
austria,1981,17115
bangladesh,1981,117031
barbados,1981,2219
burundi,1981,205
cameroon,1981,585
canada,1981,338548
chile,1981,24882
colombia,1981,22560
costa_rica,1981,7380
cyprus,1981,8253
denmark,1981,53463
ecuador,1981,12255
egypt,1981,2886
el_salvador,1981,5324
fiji,1981,4600
finland,1981,488860
france,1981,329000
ghana,1981,29414
greece,1981,401757
guatemala,1981,1350
guyana,1981,88372
haiti,1981,3686
honduras,1981,9273
iceland,1981,4392
india,1981,1588004
ireland,1981,31958
israel,1981,315300
italy,1981,8226626
japan,1981,247114
kenya,1981,18117
madagascar,1981,1028
malaysia,1981,6789
mali,1981,24
mauritius,1981,5522
mexico,1981,31512
morocco,1981,38729
netherlands,1981,8600
new_zealand,1981,135006
nigeria,1981,359379
norway,1981,4294
pakistan,1981,47236
panama,1981,7835
papua_new_guinea,1981,9530
peru,1981,856915
philippines,1981,98585
portugal,1981,403900
san_marino,1981,11019
singapore,1981,0
south_africa,1981,83887
south_korea,1981,34586
spain,1981,1944900
sri_lanka,1981,124160
st_kitts_and_nevis,1981,977
st_lucia,1981,634
suriname,1981,6250
sweden,1981,99211
switzerland,1981,15
thailand,1981,22008
trinidad_and_tobago,1981,2588
united_kingdom,1981,1512500
united_states,1981,1080800
venezuela,1981,29562
zambia,1981,76776
zimbabwe,1981,25583
australia,1982,706100
austria,1982,91
bangladesh,1982,21788
barbados,1982,6084
burundi,1982,263
canada,1982,444302
chile,1982,2367
colombia,1982,60119
costa_rica,1982,13387
cyprus,1982,3957
denmark,1982,53185
ecuador,1982,15776
egypt,1982,771
el_salvador,1982,373
fiji,1982,4500
finland,1982,165820
france,1982,397700
ghana,1982,4707
greece,1982,352737
guatemala,1982,0
guyana,1982,81564
haiti,1982,3464
honduras,1982,13387
iceland,1982,40740
india,1982,1469029
ireland,1982,29952
israel,1982,838700
italy,1982,10483018
japan,1982,215701
kenya,1982,22372
luxembourg,1982,0
madagascar,1982,2233
malaysia,1982,3525
mali,1982,360
mauritius,1982,6967
mexico,1982,25173
morocco,1982,43768
netherlands,1982,69766
new_zealand,1982,155969
nigeria,1982,1140882
norway,1982,24581
pakistan,1982,22409
panama,1982,1333
papua_new_guinea,1982,7226
peru,1982,572263
philippines,1982,53824
portugal,1982,262500
san_marino,1982,16981
singapore,1982,0
south_africa,1982,140937
south_korea,1982,8967
spain,1982,1058900
sri_lanka,1982,82963
st_kitts_and_nevis,1982,220
st_lucia,1982,0
suriname,1982,8421
sweden,1982,5136
switzerland,1982,55
thailand,1982,7061
trinidad_and_tobago,1982,2546
united_kingdom,1982,2102900
united_states,1982,655800
venezuela,1982,14869
zambia,1982,4056
zimbabwe,1982,14404
australia,1983,470200
austria,1983,208
bangladesh,1983,175787
barbados,1983,1031
burundi,1983,849
canada,1983,329309
chile,1983,4373
colombia,1983,85112
costa_rica,1983,8303
cyprus,1983,3975
denmark,1983,40919
ecuador,1983,13913
egypt,1983,50
el_salvador,1983,2680
fiji,1983,800
finland,1983,419870
france,1983,37800
ghana,1983,15076
greece,1983,224315
guatemala,1983,0
guyana,1983,103519
haiti,1983,2808
iceland,1983,14
india,1983,1460465
ireland,1983,30482
israel,1983,188300
italy,1983,6844170
japan,1983,224129
kenya,1983,12851
luxembourg,1983,0
madagascar,1983,324
malaysia,1983,2598
mali,1983,3010
mauritius,1983,12732
mexico,1983,45949
morocco,1983,31070
netherlands,1983,20307
new_zealand,1983,140730
nigeria,1983,816793
norway,1983,1018
pakistan,1983,29163
panama,1983,6677
papua_new_guinea,1983,8029
peru,1983,785545
philippines,1983,33638
portugal,1983,273600
san_marino,1983,12850
singapore,1983,0
south_africa,1983,64469
south_korea,1983,11100
spain,1983,1483600
sri_lanka,1983,53140
st_kitts_and_nevis,1983,275
st_lucia,1983,852
suriname,1983,2613
sweden,1983,14372
switzerland,1983,985
thailand,1983,10532
trinidad_and_tobago,1983,4702
united_kingdom,1983,573800
united_states,1983,909400
venezuela,1983,17417
zambia,1983,9217
zimbabwe,1983,744
australia,1984,560300
austria,1984,268
bangladesh,1984,400336
barbados,1984,582
burundi,1984,620
canada,1984,186916
chile,1984,3595
colombia,1984,30624
costa_rica,1984,13165
cyprus,1984,4000
denmark,1984,50764
ecuador,1984,13866
egypt,1984,0
el_salvador,1984,26311
fiji,1984,3900
finland,1984,558700
france,1984,42100
ghana,1984,10550
greece,1984,159126
guyana,1984,60300
haiti,1984,2644
honduras,1984,3643
iceland,1984,12360
india,1984,1949029
ireland,1984,30992
israel,1984,528600
italy,1984,7356525
japan,1984,155058
kenya,1984,7663
luxembourg,1984,0
malaysia,1984,2751
mali,1984,66
mauritius,1984,5951
mexico,1984,65359
morocco,1984,38115
netherlands,1984,16158
new_zealand,1984,160279
nigeria,1984,44470
norway,1984,30635
pakistan,1984,30702
panama,1984,755
papua_new_guinea,1984,4730
peru,1984,702859
philippines,1984,65306
portugal,1984,230500
san_marino,1984,5303
singapore,1984,0
south_africa,1984,181942
south_korea,1984,16400
spain,1984,2242200
sri_lanka,1984,87322
st_kitts_and_nevis,1984,0
st_lucia,1984,0
suriname,1984,11847
sweden,1984,23676
switzerland,1984,50
thailand,1984,6742
trinidad_and_tobago,1984,12380
turkey,1984,543
united_kingdom,1984,1464300
united_states,1984,376000
venezuela,1984,12134
zambia,1984,27750
australia,1985,570500
austria,1985,35531
bangladesh,1985,198118
barbados,1985,886
belgium,1985,37500
brazil,1985,5431000
burundi,1985,166
canada,1985,162333
chile,1985,8532
colombia,1985,10481
costa_rica,1985,11215
cyprus,1985,8082
denmark,1985,581297
ecuador,1985,9248
egypt,1985,2700
el_salvador,1985,30336
fiji,1985,5500
finland,1985,170020
france,1985,22800
ghana,1985,2830
greece,1985,785725
guyana,1985,93718
haiti,1985,3030
honduras,1985,744
iceland,1985,6434
india,1985,1078801
ireland,1985,168675
israel,1985,474000
italy,1985,4842821
jamaica,1985,4656
japan,1985,123393
kenya,1985,17207
luxembourg,1985,0
malaysia,1985,9021
mali,1985,60
mauritius,1985,10317
mexico,1985,57354
morocco,1985,40425
netherlands,1985,22570
new_zealand,1985,182154
niger,1985,6954
nigeria,1985,18554
norway,1985,6557
pakistan,1985,35858
panama,1985,795
papua_new_guinea,1985,5510
peru,1985,237695
philippines,1985,111265
portugal,1985,199000
san_marino,1985,9799
singapore,1985,0
south_africa,1985,239816
south_korea,1985,28700
spain,1985,1511200
sri_lanka,1985,54781
st_kitts_and_nevis,1985,0
st_lucia,1985,40
suriname,1985,3772
sweden,1985,124512
switzerland,1985,366
thailand,1985,648
trinidad_and_tobago,1985,6932
tunisia,1985,95612
turkey,1985,2410
united_kingdom,1985,791300
united_states,1985,323900
venezuela,1985,12945
zambia,1985,23749
australia,1986,691700
austria,1986,3222
bahamas,1986,0
bangladesh,1986,105977
barbados,1986,85
brazil,1986,7146000
burundi,1986,732
cameroon,1986,46
canada,1986,484255
chile,1986,3900
colombia,1986,12371
costa_rica,1986,37928
cyprus,1986,4796
denmark,1986,56735
ecuador,1986,11963
egypt,1986,1755
el_salvador,1986,18251
fiji,1986,617
finland,1986,602730
france,1986,21800
ghana,1986,7459
greece,1986,1106330
guyana,1986,47550
haiti,1986,3777
iceland,1986,847
india,1986,1644882
ireland,1986,50227
israel,1986,215200
italy,1986,3606692
jamaica,1986,4764
japan,1986,118032
kenya,1986,33588
luxembourg,1986,0
malaysia,1986,3957
mali,1986,37
mauritius,1986,1883
mexico,1986,82700
morocco,1986,31653
myanmar,1986,0
netherlands,1986,17029
new_zealand,1986,100633
niger,1986,40
nigeria,1986,28831
norway,1986,165742
pakistan,1986,12929
panama,1986,8057
peru,1986,249291
philippines,1986,169479
portugal,1986,231500
san_marino,1986,6600
singapore,1986,61
south_africa,1986,424390
south_korea,1986,46900
spain,1986,857900
sri_lanka,1986,36683
st_kitts_and_nevis,1986,0
st_lucia,1986,630
st_vincent_and_the_grenadines,1986,0
suriname,1986,2538
sweden,1986,66304
switzerland,1986,36
thailand,1986,5241
trinidad_and_tobago,1986,1230
tunisia,1986,19555
turkey,1986,7926
united_kingdom,1986,720200
united_states,1986,533200
zambia,1986,5344
argentina,1987,5464166
australia,1987,608800
austria,1987,7302
bahamas,1987,175
bangladesh,1987,88795
barbados,1987,988
brazil,1987,8304000
burundi,1987,333
canada,1987,581882
chile,1987,9900
colombia,1987,6559
costa_rica,1987,5250
cyprus,1987,18257
denmark,1987,56878
ecuador,1987,13904
egypt,1987,67
el_salvador,1987,3963
fiji,1987,2234
finland,1987,99289
france,1987,18600
ghana,1987,10166
greece,1987,1270602
guyana,1987,57757
haiti,1987,2675
iceland,1987,8423
india,1987,1769877
ireland,1987,26221
israel,1987,814500
italy,1987,4272733
jamaica,1987,5386
japan,1987,101132
kenya,1987,27960
luxembourg,1987,60
malaysia,1987,3178
mali,1987,20
malta,1987,322
mauritius,1987,11009
mexico,1987,201700
morocco,1987,37049
myanmar,1987,0
netherlands,1987,12562
new_zealand,1987,80092
niger,1987,4073
nigeria,1987,38648
norway,1987,2462
pakistan,1987,12992
panama,1987,1727
peru,1987,304100
philippines,1987,89574
portugal,1987,81300
san_marino,1987,4683
singapore,1987,0
south_africa,1987,591421
south_korea,1987,934900
spain,1987,1881200
sri_lanka,1987,22648
st_kitts_and_nevis,1987,90
st_lucia,1987,0
st_vincent_and_the_grenadines,1987,0
suriname,1987,460
sweden,1987,10517
switzerland,1987,0
thailand,1987,2927
trinidad_and_tobago,1987,2695
tunisia,1987,21075
turkey,1987,29734
united_kingdom,1987,887400
united_states,1987,174300
zambia,1987,19437
argentina,1988,3256771
australia,1988,894400
austria,1988,24252
bahamas,1988,350
bangladesh,1988,28874
barbados,1988,862
belgium,1988,23200
brazil,1988,7136000
canada,1988,206796
chile,1988,5600
colombia,1988,24569
costa_rica,1988,2975
cyprus,1988,5590
denmark,1988,29591
dominica,1988,0
ecuador,1988,51684
egypt,1988,0
el_salvador,1988,4405
fiji,1988,717
finland,1988,244072
france,1988,27200
ghana,1988,2798
greece,1988,449441
guyana,1988,39358
haiti,1988,2126
iceland,1988,11642
india,1988,1191033
ireland,1988,10218
israel,1988,327200
italy,1988,2712084
jamaica,1988,6568
japan,1988,74856
luxembourg,1988,0
malaysia,1988,2192
mali,1988,0
malta,1988,8731
mauritius,1988,9153
mexico,1988,13757
moldova,1988,0
morocco,1988,14118
myanmar,1988,0
netherlands,1988,5233
new_zealand,1988,103981
niger,1988,2676
nigeria,1988,23789
norway,1988,8332
pakistan,1988,8231
panama,1988,549
peru,1988,679300
philippines,1988,75848
portugal,1988,155500
san_marino,1988,1139
singapore,1988,0
south_africa,1988,161679
south_korea,1988,293600
spain,1988,6692200
sri_lanka,1988,20206
st_kitts_and_nevis,1988,0
st_vincent_and_the_grenadines,1988,48
suriname,1988,663
sweden,1988,95150
switzerland,1988,131
thailand,1988,2084
trinidad_and_tobago,1988,1005
tunisia,1988,52017
turkey,1988,30057
united_kingdom,1988,790300
united_states,1988,118300
zambia,1988,9794
argentina,1989,1737228
australia,1989,709800
austria,1989,3715
azerbaijan,1989,334914
bahamas,1989,0
bangladesh,1989,59701
barbados,1989,2654
belarus,1989,3700
belgium,1989,19500
brazil,1989,14099000
canada,1989,444747
chile,1989,17900
colombia,1989,19780
costa_rica,1989,7145
cyprus,1989,12462
denmark,1989,27212
dominica,1989,220
ecuador,1989,51175
egypt,1989,650
el_salvador,1989,50937
fiji,1989,1283
finland,1989,158476
france,1989,20300
ghana,1989,8925
greece,1989,795744
guyana,1989,113320
honduras,1989,44704
iceland,1989,2028
india,1989,1364254
ireland,1989,3692
israel,1989,209800
italy,1989,4451833
jamaica,1989,10173
japan,1989,85786
kenya,1989,21279
luxembourg,1989,0
malaysia,1989,4761
mali,1989,270
malta,1989,12999
mauritius,1989,4472
mexico,1989,12539
moldova,1989,89800
morocco,1989,53190
myanmar,1989,0
netherlands,1989,15356
new_zealand,1989,78921
nicaragua,1989,15200
niger,1989,1254
nigeria,1989,104193
norway,1989,11287
pakistan,1989,29655
panama,1989,0
peru,1989,208200
philippines,1989,56541
poland,1989,353100
portugal,1989,296100
san_marino,1989,25400
senegal,1989,4181
singapore,1989,0
south_africa,1989,197564
south_korea,1989,409134
spain,1989,1382100
sri_lanka,1989,42843
st_kitts_and_nevis,1989,0
st_vincent_and_the_grenadines,1989,13
suriname,1989,2005
sweden,1989,34102
switzerland,1989,22
thailand,1989,5528
trinidad_and_tobago,1989,6735
tunisia,1989,48485
turkey,1989,39435
ukraine,1989,293100
united_kingdom,1989,727000
united_states,1989,452100
zambia,1989,19963
algeria,1990,301694
australia,1990,729900
austria,1990,5274
azerbaijan,1990,340786
bahamas,1990,0
bangladesh,1990,14554
barbados,1990,1083
belarus,1990,10700
belgium,1990,9800
brazil,1990,14243000
canada,1990,270471
chile,1990,25010
colombia,1990,20348
costa_rica,1990,26085
cyprus,1990,8045
denmark,1990,37386
ecuador,1990,24392
egypt,1990,2406
el_salvador,1990,3914
fiji,1990,3214
finland,1990,244759
france,1990,18500
ghana,1990,6942
greece,1990,1303973
guinea,1990,45008
guyana,1990,61474
honduras,1990,45567
iceland,1990,77
india,1990,1307863
ireland,1990,10309
israel,1990,571200
italy,1990,1633996
jamaica,1990,22390
japan,1990,84303
luxembourg,1990,700
malaysia,1990,98510
malta,1990,2404
mauritius,1990,1700
mexico,1990,19445
moldova,1990,0
morocco,1990,21280
myanmar,1990,0
namibia,1990,6231
netherlands,1990,24978
new_zealand,1990,50007
nicaragua,1990,2400
niger,1990,1288
nigeria,1990,275895
norway,1990,60674
pakistan,1990,61579
panama,1990,0
papua_new_guinea,1990,5676
peru,1990,258234
philippines,1990,68412
poland,1990,115700
portugal,1990,128900
russia,1990,99500
san_marino,1990,6923
senegal,1990,4173
singapore,1990,0
south_africa,1990,341097
south_korea,1990,133900
spain,1990,977000
sri_lanka,1990,65937
st_kitts_and_nevis,1990,0
st_vincent_and_the_grenadines,1990,12
suriname,1990,1023
sweden,1990,73159
switzerland,1990,578
thailand,1990,4298
trinidad_and_tobago,1990,3850
tunisia,1990,133392
turkey,1990,166306
ukraine,1990,130900
united_kingdom,1990,298200
united_states,1990,184900
zambia,1990,51606
algeria,1991,71581
australia,1991,1181600
austria,1991,92707
bahamas,1991,0
bangladesh,1991,454
barbados,1991,604
belarus,1991,63200
belgium,1991,11200
bolivia,1991,619000
brazil,1991,16805000
burkina_faso,1991,321
canada,1991,253334
cape_verde,1991,14
chad,1991,604
chile,1991,46215
costa_rica,1991,3821
cyprus,1991,4782
czech_republic,1991,4900
denmark,1991,37861
dominica,1991,0
ecuador,1991,9664
egypt,1991,1100
el_salvador,1991,4129
fiji,1991,1133
finland,1991,166772
france,1991,18800
ghana,1991,5557
greece,1991,476082
guinea,1991,4032
guyana,1991,98440
honduras,1991,63631
hungary,1991,24148
iceland,1991,751
india,1991,1342022
ireland,1991,17975
israel,1991,38800
italy,1991,2952242
jamaica,1991,23312
japan,1991,52762
luxembourg,1991,0
malaysia,1991,4207
malta,1991,589
mauritius,1991,426
mexico,1991,14079
moldova,1991,0
morocco,1991,40591
myanmar,1991,0
namibia,1991,692
netherlands,1991,42050
new_zealand,1991,51962
nicaragua,1991,28800
niger,1991,2272
nigeria,1991,269530
norway,1991,396
pakistan,1991,116306
panama,1991,0
papua_new_guinea,1991,725
peru,1991,180728
philippines,1991,55390
poland,1991,221300
portugal,1991,119000
russia,1991,237700
san_marino,1991,119
senegal,1991,3553
singapore,1991,0
slovakia,1991,20736
south_africa,1991,172096
south_korea,1991,175100
spain,1991,1983800
sri_lanka,1991,63762
st_kitts_and_nevis,1991,0
st_vincent_and_the_grenadines,1991,55
suriname,1991,534
sweden,1991,2508
switzerland,1991,51
thailand,1991,10045
trinidad_and_tobago,1991,2843
tunisia,1991,48761
turkey,1991,164968
ukraine,1991,175900
united_kingdom,1991,176000
united_states,1991,392000
zambia,1991,31788
algeria,1992,113138
antigua_and_barbuda,1992,666
australia,1992,871500
austria,1992,18039
bahamas,1992,0
bangladesh,1992,6190
barbados,1992,4591
belarus,1992,2100
belgium,1992,21900
bolivia,1992,340000
brazil,1992,3496700
canada,1992,149940
chad,1992,200
chile,1992,26962
colombia,1992,23578
costa_rica,1992,42251
cyprus,1992,49897
czech_republic,1992,20300
denmark,1992,32938
dominica,1992,0
ecuador,1992,8040
egypt,1992,0
el_salvador,1992,127365
estonia,1992,0
fiji,1992,1775
finland,1992,103505
france,1992,16300
greece,1992,243173
guinea,1992,20989
guyana,1992,69254
hungary,1992,1010
iceland,1992,611
india,1992,1252225
ireland,1992,13107
israel,1992,211800
italy,1992,3178000
jamaica,1992,19452
japan,1992,109296
kazakhstan,1992,89366
luxembourg,1992,0
malaysia,1992,6110
malta,1992,323
mauritius,1992,1823
mexico,1992,15609
moldova,1992,25500
morocco,1992,30896
myanmar,1992,0
namibia,1992,4778
netherlands,1992,52419
new_zealand,1992,26803
nicaragua,1992,20900
nigeria,1992,262309
norway,1992,38925
pakistan,1992,73357
panama,1992,52
papua_new_guinea,1992,1848
peru,1992,114656
philippines,1992,47797
poland,1992,752500
portugal,1992,131900
romania,1992,4057
russia,1992,357600
san_marino,1992,15
senegal,1992,3954
singapore,1992,0
slovakia,1992,692
south_africa,1992,137946
south_korea,1992,105034
spain,1992,5192100
sri_lanka,1992,50013
st_vincent_and_the_grenadines,1992,0
suriname,1992,1558
swaziland,1992,7218
sweden,1992,17987
switzerland,1992,220
thailand,1992,8339
trinidad_and_tobago,1992,5901
tunisia,1992,48463
turkey,1992,62189
uganda,1992,261
ukraine,1992,181600
united_kingdom,1992,148000
united_states,1992,363800
zambia,1992,25658
algeria,1993,120348
antigua_and_barbuda,1993,75
australia,1993,489600
austria,1993,6869
bangladesh,1993,6101
barbados,1993,91
belarus,1993,200
belgium,1993,8500
bolivia,1993,203000
canada,1993,101784
chile,1993,25098
colombia,1993,9879
costa_rica,1993,43222
cyprus,1993,16945
czech_republic,1993,2500
denmark,1993,58764
dominica,1993,133
ecuador,1993,3399
egypt,1993,959
el_salvador,1993,105041
estonia,1993,0
fiji,1993,2845
finland,1993,23193
france,1993,19900
germany,1993,132555
greece,1993,181737
guinea,1993,0
guyana,1993,53475
hungary,1993,2574
iceland,1993,13
india,1993,953867
ireland,1993,12764
israel,1993,462200
italy,1993,4384000
jamaica,1993,57597
japan,1993,64007
kazakhstan,1993,0
luxembourg,1993,0
malaysia,1993,2399
malta,1993,3884
mauritius,1993,262
mexico,1993,16267
moldova,1993,350
morocco,1993,46269
myanmar,1993,0
namibia,1993,3783
netherlands,1993,20662
new_zealand,1993,21803
nicaragua,1993,7600
nigeria,1993,1112052
norway,1993,6604
panama,1993,0
papua_new_guinea,1993,2095
peru,1993,41474
philippines,1993,35119
poland,1993,383200
portugal,1993,83100
romania,1993,22517
russia,1993,120200
san_marino,1993,183
singapore,1993,0
slovakia,1993,37
south_africa,1993,161504
south_korea,1993,108577
spain,1993,1076800
sri_lanka,1993,7880
st_vincent_and_the_grenadines,1993,0
suriname,1993,3301
swaziland,1993,3245
sweden,1993,29318
switzerland,1993,0
thailand,1993,6204
trinidad_and_tobago,1993,11735
tunisia,1993,44084
turkey,1993,6908
uganda,1993,75
ukraine,1993,260400
united_kingdom,1993,385000
united_states,1993,181900
zambia,1993,9581
algeria,1994,130266
antigua_and_barbuda,1994,0
australia,1994,265100
austria,1994,0
bangladesh,1994,5641
barbados,1994,50
belarus,1994,3100
belgium,1994,5900
bolivia,1994,667000
botswana,1994,1135
brazil,1994,3806493
cambodia,1994,833
canada,1994,80856
chile,1994,16209
costa_rica,1994,10694
cyprus,1994,15362
czech_republic,1994,67100
denmark,1994,36788
ecuador,1994,1888
egypt,1994,5476
el_salvador,1994,4162
estonia,1994,0
fiji,1994,493
finland,1994,70535
france,1994,18000
germany,1994,400676
greece,1994,73859
guinea,1994,665
guyana,1994,73625
hungary,1994,31529
iceland,1994,7375
india,1994,846429
ireland,1994,5007
israel,1994,106047
italy,1994,2614000
jamaica,1994,66590
japan,1994,49009
malaysia,1994,2289
malta,1994,2000
mauritius,1994,1138
mexico,1994,20612
moldova,1994,0
morocco,1994,31962
myanmar,1994,0
netherlands,1994,21809
new_zealand,1994,16042
nicaragua,1994,1100
nigeria,1994,1498287
norway,1994,14735
pakistan,1994,15434
panama,1994,597
peru,1994,62940
philippines,1994,48849
poland,1994,211400
portugal,1994,94400
romania,1994,69157
russia,1994,155300
san_marino,1994,31
singapore,1994,0
slovakia,1994,413
south_africa,1994,326549
south_korea,1994,104339
spain,1994,5437400
sri_lanka,1994,71887
st_vincent_and_the_grenadines,1994,0
suriname,1994,1792
swaziland,1994,7218
sweden,1994,21996
switzerland,1994,6901
thailand,1994,8130
trinidad_and_tobago,1994,2077
tunisia,1994,39495
turkey,1994,4782
uganda,1994,5126
ukraine,1994,126300
united_kingdom,1994,107000
united_states,1994,322000
zambia,1994,13165
algeria,1995,132773
australia,1995,344300
austria,1995,60
bangladesh,1995,24656
barbados,1995,376
belarus,1995,0
belgium,1995,12800
bolivia,1995,303000
botswana,1995,2326
burundi,1995,1416
cambodia,1995,0
canada,1995,149159
chile,1995,24724
costa_rica,1995,73680
cyprus,1995,64061
czech_republic,1995,2000
denmark,1995,124496
dominican_republic,1995,1042
ecuador,1995,639
egypt,1995,5868
el_salvador,1995,57606
estonia,1995,0
fiji,1995,2683
finland,1995,127039
france,1995,43477
germany,1995,183346
greece,1995,52246
guinea,1995,0
guyana,1995,37899
hungary,1995,172048
iceland,1995,10404
india,1995,989695
ireland,1995,31653
israel,1995,75792
italy,1995,445000
jamaica,1995,13265
japan,1995,37542
liechtenstein,1995,0
malaysia,1995,1748
malta,1995,3141
mauritius,1995,296
mexico,1995,18770
moldova,1995,0
morocco,1995,26044
myanmar,1995,0
netherlands,1995,55000
new_zealand,1995,32048
nicaragua,1995,900
nigeria,1995,295690
norway,1995,10174
pakistan,1995,10919
panama,1995,890
peru,1995,28182
philippines,1995,54412
poland,1995,18300
portugal,1995,60500
romania,1995,38259
russia,1995,489400
san_marino,1995,5470
singapore,1995,0
slovakia,1995,0
south_africa,1995,152956
south_korea,1995,49717
spain,1995,573500
sri_lanka,1995,63373
st_vincent_and_the_grenadines,1995,0
sweden,1995,125489
switzerland,1995,83
thailand,1995,16782
trinidad_and_tobago,1995,6215
tunisia,1995,57883
turkey,1995,199867
uganda,1995,3959
ukraine,1995,57600
united_kingdom,1995,174000
united_states,1995,191500
zambia,1995,8228
algeria,1996,127370
antigua_and_barbuda,1996,332
australia,1996,577700
austria,1996,0
bangladesh,1996,353
barbados,1996,181
belarus,1996,0
belgium,1996,19971
botswana,1996,334
burundi,1996,120
cambodia,1996,0
canada,1996,281816
chile,1996,25776
costa_rica,1996,6904
cyprus,1996,3914
czech_republic,1996,11500
denmark,1996,65735
dominican_republic,1996,0
ecuador,1996,938
egypt,1996,1470
el_salvador,1996,25792
estonia,1996,0
finland,1996,43113
france,1996,11364
germany,1996,165721
greece,1996,76060
guinea,1996,1622
hungary,1996,4521
iceland,1996,0
india,1996,939304
ireland,1996,13339
israel,1996,124215
italy,1996,1689400
jamaica,1996,18494
japan,1996,23196
jordan,1996,0
liechtenstein,1996,0
malaysia,1996,995
malta,1996,5091
mauritius,1996,1631
mexico,1996,14163
moldova,1996,0
morocco,1996,29403
myanmar,1996,0
netherlands,1996,8100
new_zealand,1996,42307
nicaragua,1996,2600
nigeria,1996,19826
norway,1996,53257
pakistan,1996,18564
panama,1996,13924
peru,1996,36242
philippines,1996,32322
poland,1996,44300
portugal,1996,50500
romania,1996,59848
russia,1996,663900
san_marino,1996,520
singapore,1996,0
south_africa,1996,247202
south_korea,1996,79000
spain,1996,1087800
sri_lanka,1996,75197
st_vincent_and_the_grenadines,1996,1166
swaziland,1996,59
sweden,1996,9137
switzerland,1996,5888
thailand,1996,8682
trinidad_and_tobago,1996,2941
tunisia,1996,25751
turkey,1996,5461
uganda,1996,4200
ukraine,1996,171400
united_kingdom,1996,364300
united_states,1996,272700
zambia,1996,10606
algeria,1997,77554
australia,1997,315400
austria,1997,25800
bangladesh,1997,0
barbados,1997,745
belarus,1997,0
belgium,1997,9000
botswana,1997,3506
burundi,1997,600
cambodia,1997,200
canada,1997,257664
chile,1997,19278
costa_rica,1997,17003
cyprus,1997,2295
denmark,1997,75349
dominica,1997,655
dominican_republic,1997,0
ecuador,1997,3765
egypt,1997,744
el_salvador,1997,11825
estonia,1997,0
finland,1997,28402
france,1997,12161
germany,1997,13472
greece,1997,45414
hungary,1997,853
iceland,1997,11632
india,1997,981267
ireland,1997,5364
israel,1997,434335
italy,1997,737300
jamaica,1997,22888
japan,1997,47185
jordan,1997,0
kenya,1997,16029
liechtenstein,1997,0
malaysia,1997,812
malta,1997,3289
mauritius,1997,1889
mexico,1997,19271
moldova,1997,0
morocco,1997,27803
myanmar,1997,1357
netherlands,1997,7200
new_zealand,1997,7646
nicaragua,1997,400
nigeria,1997,59977
norway,1997,1305
pakistan,1997,7865
panama,1997,10250
peru,1997,19196
philippines,1997,51531
poland,1997,14200
portugal,1997,45900
romania,1997,52007
russia,1997,887300
san_marino,1997,446
singapore,1997,0
slovakia,1997,1067
south_africa,1997,212094
south_korea,1997,43900
spain,1997,650600
sri_lanka,1997,57632
st_vincent_and_the_grenadines,1997,925
sweden,1997,11856
switzerland,1997,327
thailand,1997,11909
trinidad_and_tobago,1997,7026
tunisia,1997,35683
turkey,1997,7045
uganda,1997,220
ukraine,1997,116413
united_kingdom,1997,130000
united_states,1997,338600
zambia,1997,20513
algeria,1998,53421
australia,1998,348400
austria,1998,0
bangladesh,1998,6490
barbados,1998,3630
belarus,1998,0
belgium,1998,18900
botswana,1998,3580
burundi,1998,330
cambodia,1998,5170
canada,1998,244378
chile,1998,12608
cyprus,1998,6591
denmark,1998,502258
dominican_republic,1998,3774
ecuador,1998,1867
egypt,1998,11891
el_salvador,1998,4086
estonia,1998,0
finland,1998,35380
france,1998,10106
germany,1998,4286
greece,1998,33633
hungary,1998,1447
iceland,1998,3382
india,1998,1288923
ireland,1998,8060
israel,1998,265781
italy,1998,435400
jamaica,1998,31992
japan,1998,26291
jordan,1998,0
liechtenstein,1998,0
malaysia,1998,1778
malta,1998,785
mauritius,1998,908
mexico,1998,16564
morocco,1998,42531
myanmar,1998,0
netherlands,1998,30800
new_zealand,1998,15205
nicaragua,1998,1200
nigeria,1998,7694
norway,1998,26950
pakistan,1998,6097
panama,1998,269260
peru,1998,17333
philippines,1998,34478
poland,1998,16907
portugal,1998,44246
romania,1998,119659
russia,1998,530800
rwanda,1998,1644
san_marino,1998,6088
singapore,1998,0
slovakia,1998,0
south_africa,1998,323093
south_korea,1998,146065
spain,1998,680600
sri_lanka,1998,43343
st_vincent_and_the_grenadines,1998,0
suriname,1998,2600
sweden,1998,570
switzerland,1998,16125
thailand,1998,2144
trinidad_and_tobago,1998,1898
tunisia,1998,28160
turkey,1998,11482
uganda,1998,1580
ukraine,1998,98710
united_kingdom,1998,92700
united_states,1998,386800
algeria,1999,33989
argentina,1999,2497746
australia,1999,461100
austria,1999,0
bangladesh,1999,2296
belarus,1999,0
belgium,1999,12145
botswana,1999,2221
burundi,1999,6500
cambodia,1999,34000
canada,1999,159626
chile,1999,10667
cyprus,1999,2108
denmark,1999,75170
ecuador,1999,1873
egypt,1999,4288
el_salvador,1999,68901
estonia,1999,0
finland,1999,14993
france,1999,14908
germany,1999,187749
hungary,1999,16685
iceland,1999,0
india,1999,1310695
ireland,1999,36505
israel,1999,292583
italy,1999,935000
jamaica,1999,9385
japan,1999,25673
jordan,1999,0
liechtenstein,1999,0
malaysia,1999,3452
mauritius,1999,881
mexico,1999,10918
morocco,1999,43293
myanmar,1999,2000
netherlands,1999,58900
new_zealand,1999,10747
nicaragua,1999,100
nigeria,1999,173858
norway,1999,651
pakistan,1999,5191
panama,1999,34804
peru,1999,52080
philippines,1999,15517
poland,1999,27149
portugal,1999,33500
romania,1999,232217
russia,1999,238400
rwanda,1999,2545
san_marino,1999,3500
singapore,1999,0
slovakia,1999,0
south_africa,1999,555435
south_korea,1999,92026
spain,1999,1132655
sri_lanka,1999,42346
st_vincent_and_the_grenadines,1999,890
sweden,1999,9481
switzerland,1999,2255
thailand,1999,7867
trinidad_and_tobago,1999,9185
tunisia,1999,31989
turkey,1999,3263
uganda,1999,1184
ukraine,1999,42029
united_kingdom,1999,140900
united_states,1999,72600
algeria,2000,65152
argentina,2000,6760850
australia,2000,325400
austria,2000,19439
bangladesh,2000,1698
belarus,2000,0
belgium,2000,11483
botswana,2000,1443
brazil,2000,3834116
burundi,2000,3460
cambodia,2000,36039
canada,2000,142672
chile,2000,13227
costa_rica,2000,300
cyprus,2000,180
denmark,2000,75656
ecuador,2000,1766
egypt,2000,1482
el_salvador,2000,17684
estonia,2000,0
finland,2000,84092
france,2000,18520
gabon,2000,3221
germany,2000,7428
hungary,2000,26978
iceland,2000,1713
india,2000,1418299
ireland,2000,28192
israel,2000,297882
italy,2000,687000
jamaica,2000,3275
japan,2000,15322
jordan,2000,0
liechtenstein,2000,0
lithuania,2000,3303
malaysia,2000,2969
malta,2000,5305
mauritius,2000,3905
mexico,2000,9620
morocco,2000,43619
myanmar,2000,4875
netherlands,2000,10300
new_zealand,2000,2632
nicaragua,2000,0
nigeria,2000,344722
norway,2000,93889
pakistan,2000,225
panama,2000,26
peru,2000,5280
philippines,2000,21442
poland,2000,7858
portugal,2000,38830
romania,2000,24964
russia,2000,31000
san_marino,2000,3500
singapore,2000,0
slovakia,2000,0
south_africa,2000,1142428
south_korea,2000,177969
spain,2000,2067287
sri_lanka,2000,25858
st_vincent_and_the_grenadines,2000,1634
sweden,2000,163
switzerland,2000,3894
thailand,2000,5969
trinidad_and_tobago,2000,3126
tunisia,2000,35886
turkey,2000,18705
uganda,2000,872
ukraine,2000,20649
united_kingdom,2000,183200
united_states,2000,393700
algeria,2001,50229
australia,2001,225700
austria,2001,0
barbados,2001,3831
belarus,2001,0
brazil,2001,797139
burundi,2001,5420
cambodia,2001,38558
canada,2001,221145
chile,2001,11591
costa_rica,2001,500
cyprus,2001,1699
denmark,2001,49460
ecuador,2001,536
egypt,2001,2
el_salvador,2001,19395
estonia,2001,0
finland,2001,21715
france,2001,11884
germany,2001,60948
hungary,2001,21128
iceland,2001,8948
india,2001,687778
ireland,2001,32168
israel,2001,426560
italy,2001,1125000
jamaica,2001,2400
japan,2001,12172
jordan,2001,0
liechtenstein,2001,0
lithuania,2001,1703
malaysia,2001,2209
malta,2001,1659
mauritius,2001,1796
mexico,2001,13767
morocco,2001,37259
myanmar,2001,7226
netherlands,2001,37400
new_zealand,2001,22022
nicaragua,2001,0
nigeria,2001,57188
norway,2001,29
pakistan,2001,711
panama,2001,4172
peru,2001,11050
philippines,2001,7919
poland,2001,1383
portugal,2001,26058
romania,2001,1848
russia,2001,13000
san_marino,2001,5015
singapore,2001,0
slovakia,2001,0
south_africa,2001,90392
south_korea,2001,88548
spain,2001,1244634
sri_lanka,2001,42344
sweden,2001,9831
switzerland,2001,20098
thailand,2001,526
trinidad_and_tobago,2001,6941
tunisia,2001,38242
turkey,2001,9911
uganda,2001,554
ukraine,2001,6776
united_kingdom,2001,179900
united_states,2001,99100
algeria,2002,81851
australia,2002,159700
austria,2002,6305
barbados,2002,577
belarus,2002,0
botswana,2002,200
brazil,2002,1213862
canada,2002,165590
chile,2002,14662
costa_rica,2002,600
cyprus,2002,3496
denmark,2002,110854
ecuador,2002,2257
egypt,2002,1760
el_salvador,2002,8909
finland,2002,70867
france,2002,66700
germany,2002,428283
hungary,2002,4573
iceland,2002,0
india,2002,1079434
ireland,2002,3553
israel,2002,1647810
italy,2002,5442000
jamaica,2002,25568
japan,2002,7015
jordan,2002,0
liechtenstein,2002,0
lithuania,2002,0
malaysia,2002,506
malta,2002,678
mauritius,2002,4034
mexico,2002,20651
morocco,2002,21238
myanmar,2002,4550
netherlands,2002,29600
new_zealand,2002,23309
nicaragua,2002,0
nigeria,2002,49155
norway,2002,9865
pakistan,2002,516
panama,2002,2454
peru,2002,22925
philippines,2002,18240
poland,2002,13
portugal,2002,80168
romania,2002,35195
russia,2002,3900
san_marino,2002,71300
singapore,2002,0
slovakia,2002,0
south_africa,2002,66250
south_korea,2002,93859
spain,2002,4534274
sri_lanka,2002,27717
sweden,2002,711
switzerland,2002,21947
thailand,2002,1907
trinidad_and_tobago,2002,6858
tunisia,2002,33386
turkey,2002,4618
uganda,2002,1816
ukraine,2002,9344
united_kingdom,2002,942900
united_states,2002,45900
algeria,2003,83919
australia,2003,275600
austria,2003,779182
belarus,2003,0
botswana,2003,100
brazil,2003,1943223
canada,2003,78765
central_african_republic,2003,40
chile,2003,10443
cyprus,2003,3535
denmark,2003,44365
ecuador,2003,1670
egypt,2003,1046
el_salvador,2003,9953
estonia,2003,13260
finland,2003,91866
france,2003,62500
germany,2003,39692
hungary,2003,10831
iceland,2003,0
india,2003,1815945
ireland,2003,3567
israel,2003,1258904
italy,2003,2560700
jamaica,2003,863
japan,2003,4447
jordan,2003,0
liechtenstein,2003,0
lithuania,2003,0
malta,2003,1945
mauritius,2003,3177
mexico,2003,6565
myanmar,2003,12979
netherlands,2003,10800
new_zealand,2003,5098
nigeria,2003,249697
norway,2003,95
pakistan,2003,1263
panama,2003,650
peru,2003,37323
philippines,2003,10035
poland,2003,3034
portugal,2003,30330
romania,2003,27045
russia,2003,5736
san_marino,2003,2148
singapore,2003,0
slovakia,2003,18326
south_africa,2003,83533
south_korea,2003,137241
spain,2003,728975
sri_lanka,2003,42561
sweden,2003,80538
switzerland,2003,8111
thailand,2003,3576
trinidad_and_tobago,2003,10134
tunisia,2003,46893
turkey,2003,1535
uganda,2003,1200
ukraine,2003,5448
united_kingdom,2003,150600
united_states,2003,129200
algeria,2004,56861
australia,2004,194000
austria,2004,30
belarus,2004,0
botswana,2004,3400
brazil,2004,1291332
canada,2004,259229
chile,2004,13013
costa_rica,2004,1800
cyprus,2004,6479
denmark,2004,75710
ecuador,2004,500
el_salvador,2004,8584
finland,2004,25211
france,2004,60400
germany,2004,101419
hungary,2004,6276
iceland,2004,4256
india,2004,2072221
ireland,2004,10227
israel,2004,722875
italy,2004,709480
jamaica,2004,680
japan,2004,6998
jordan,2004,0
liechtenstein,2004,0
lithuania,2004,0
malta,2004,523
mauritius,2004,2958
mexico,2004,9412
myanmar,2004,3723
netherlands,2004,104200
new_zealand,2004,6127
nicaragua,2004,100
nigeria,2004,127377
norway,2004,9873
panama,2004,7
peru,2004,29273
philippines,2004,11197
poland,2004,217
portugal,2004,31906
romania,2004,13720
russia,2004,195533
san_marino,2004,70
singapore,2004,0
slovakia,2004,0
south_africa,2004,395301
south_korea,2004,184969
spain,2004,555909
sri_lanka,2004,33346
sweden,2004,2449
switzerland,2004,24399
thailand,2004,193
trinidad_and_tobago,2004,7469
tunisia,2004,44637
turkey,2004,3557
uganda,2004,1412
ukraine,2004,997
united_kingdom,2004,292700
united_states,2004,173300
australia,2005,241000
austria,2005,0
botswana,2005,100
brazil,2005,2023180
canada,2005,199007
chile,2005,11209
costa_rica,2005,1800
cyprus,2005,13895
denmark,2005,32833
ecuador,2005,963
el_salvador,2005,5961
estonia,2005,0
finland,2005,106796
germany,2005,17097
hungary,2005,1425
india,2005,2913601
ireland,2005,3291
israel,2005,103666
italy,2005,960854
japan,2005,4119
jordan,2005,0
latvia,2005,0
liechtenstein,2005,0
lithuania,2005,70
malta,2005,972
mauritius,2005,3640
mexico,2005,5506
myanmar,2005,1250
netherlands,2005,29000
new_zealand,2005,17752
nigeria,2005,280606
norway,2005,591
panama,2005,20
peru,2005,19022
philippines,2005,8496
poland,2005,1592
portugal,2005,21740
romania,2005,2892
russia,2005,84574
san_marino,2005,4000
singapore,2005,0
slovakia,2005,0
south_africa,2005,399291
south_korea,2005,117912
spain,2005,404759
sri_lanka,2005,53565
sweden,2005,604
switzerland,2005,338
thailand,2005,2578
tunisia,2005,78953
turkey,2005,3529
ukraine,2005,630
united_kingdom,2005,92600
united_states,2005,99700
argentina,2006,1151871
australia,2006,122700
austria,2006,0
botswana,2006,200
brazil,2006,1360013
canada,2006,42314
central_african_republic,2006,254
chile,2006,15602
costa_rica,2006,200
cyprus,2006,25955
denmark,2006,79128
ecuador,2006,1066
el_salvador,2006,8597
estonia,2006,60
finland,2006,48276
germany,2006,168723
hungary,2006,24665
india,2006,1810348
ireland,2006,1186
israel,2006,125730
italy,2006,466855
japan,2006,5766
latvia,2006,0
liechtenstein,2006,0
lithuania,2006,0
luxembourg,2006,0
malta,2006,7023
mauritius,2006,1478
mexico,2006,2522
myanmar,2006,1109
netherlands,2006,11300
new_zealand,2006,10079
nigeria,2006,208589
norway,2006,29109
panama,2006,395
peru,2006,19565
philippines,2006,1415
poland,2006,24647
portugal,2006,33493
romania,2006,1254
russia,2006,522
san_marino,2006,0
singapore,2006,0
slovakia,2006,1333
south_africa,2006,250787
south_korea,2006,131359
spain,2006,499551
sri_lanka,2006,209804
sweden,2006,1740
switzerland,2006,635
thailand,2006,900
tunisia,2006,115443
turkey,2006,2061
ukraine,2006,2266
united_kingdom,2006,713300
united_states,2006,76600
argentina,2007,1149577
australia,2007,36000
austria,2007,0
botswana,2007,3400
brazil,2007,1437769
canada,2007,65552
central_african_republic,2007,3
chile,2007,17294
costa_rica,2007,300
cyprus,2007,3396
denmark,2007,61113
ecuador,2007,1525
el_salvador,2007,2436
estonia,2007,500
finland,2007,89729
germany,2007,106483
hungary,2007,60805
india,2007,724574
ireland,2007,1436
israel,2007,386075
italy,2007,906292
japan,2007,20825
latvia,2007,0
lithuania,2007,7033
malta,2007,1106
mauritius,2007,4687
mexico,2007,7935
myanmar,2007,1019
netherlands,2007,20700
new_zealand,2007,4090
norway,2007,519
panama,2007,690
peru,2007,48096
philippines,2007,915
poland,2007,59909
portugal,2007,29164
romania,2007,8081
russia,2007,2894
san_marino,2007,0
singapore,2007,0
slovakia,2007,72
south_africa,2007,608919
south_korea,2007,93385
spain,2007,497022
sri_lanka,2007,7547
sweden,2007,3635
switzerland,2007,5083
thailand,2007,620
tunisia,2007,98210
turkey,2007,25920
ukraine,2007,849
united_kingdom,2007,744800
united_states,2007,192900
argentina,2008,1931561
australia,2008,172900
austria,2008,0
botswana,2008,29
brazil,2008,2043124
canada,2008,41291
chile,2008,17473
costa_rica,2008,2300
cyprus,2008,743
denmark,2008,91409
ecuador,2008,574
el_salvador,2008,5006
estonia,2008,400
finland,2008,15992
germany,2008,154052
hungary,2008,8633
india,2008,1483593
ireland,2008,356
israel,2008,19275
italy,2008,669153
japan,2008,8284
latvia,2008,812
lithuania,2008,7961
malta,2008,1522
mauritius,2008,2148
mexico,2008,8585
myanmar,2008,1087
netherlands,2008,51900
norway,2008,12963
panama,2008,1238
peru,2008,34011
philippines,2008,1115
poland,2008,209030
romania,2008,16730
russia,2008,1920
singapore,2008,0
slovakia,2008,445
south_africa,2008,118979
south_korea,2008,114290
spain,2008,543008
sri_lanka,2008,37931
sweden,2008,12766
switzerland,2008,10160
turkey,2008,5040
ukraine,2008,354
united_kingdom,2008,511200
united_states,2008,82700
uruguay,2008,763983
argentina,2009,1536100
austria,2009,0
barbados,2009,600
brazil,2009,1568000
costa_rica,2009,2500
cyprus,2009,600
denmark,2009,12679000
el_salvador,2009,6200
germany,2009,28300
hungary,2009,3100
israel,2009,50900
italy,2009,266500
japan,2009,20500
latvia,2009,0
malta,2009,6400
mexico,2009,24500
new_zealand,2009,9000
panama,2009,2500
paraguay,2009,1200
peru,2009,36100
philippines,2009,1500
poland,2009,22400
san_marino,2009,2200
singapore,2009,0
slovakia,2009,0
south_africa,2009,172700
south_korea,2009,81000
spain,2009,653500
sri_lanka,2009,5300
sweden,2009,900
switzerland,2009,200
trinidad_and_tobago,2009,2500
turkey,2009,3100
ukraine,2009,300
united_kingdom,2009,208500
united_states,2009,12500
uruguay,2009,736800
argentina,2010,1405300
austria,2010,0
bahrain,2010,2500
barbados,2010,0
brazil,2010,1582700
costa_rica,2010,1100
cyprus,2010,200
denmark,2010,15828000
el_salvador,2010,1900
germany,2010,12900
hungary,2010,3300
israel,2010,35800
japan,2010,21300
latvia,2010,0
mexico,2010,2700
new_zealand,2010,6400
panama,2010,600
paraguay,2010,600
peru,2010,30600
philippines,2010,3000
poland,2010,13900
san_marino,2010,3000
singapore,2010,0
slovakia,2010,300
south_africa,2010,1191800
south_korea,2010,39700
spain,2010,340800
sri_lanka,2010,5100
sweden,2010,3000
switzerland,2010,200
trinidad_and_tobago,2010,400
turkey,2010,800
ukraine,2010,800
united_kingdom,2010,132500
united_states,2010,44500
uruguay,2010,1114500
argentina,2011,1059300
austria,2011,87000
belize,2011,0
brazil,2011,2050000
canada,2011,91100
chile,2011,22400
costa_rica,2011,30700
cyprus,2011,82300
denmark,2011,13100
estonia,2011,0
finland,2011,59100
germany,2011,11300
israel,2011,290800
japan,2011,8600
latvia,2011,0
malta,2011,1300
mauritius,2011,1300
mexico,2011,4800
new_zealand,2011,2100
panama,2011,100
peru,2011,26800
philippines,2011,3800
poland,2011,18700
slovakia,2011,400
south_africa,2011,203100
south_korea,2011,32500
spain,2011,222000
sri_lanka,2011,6500
sweden,2011,7000
switzerland,2011,1000
turkey,2011,600
ukraine,2011,100
united_kingdom,2011,1530000
united_states,2011,112500
argentina,2012,1456800
austria,2012,1500
belize,2012,0
brazil,2012,1772000
canada,2012,137400
chile,2012,30000
costa_rica,2012,65500
cyprus,2012,86500
denmark,2012,8600
estonia,2012,13300
finland,2012,15000
germany,2012,22200
hungary,2012,1900
israel,2012,169000
japan,2012,12400
latvia,2012,0
lithuania,2012,5600
malta,2012,600
mauritius,2012,700
mexico,2012,6900
new_zealand,2012,5200
panama,2012,0
peru,2012,25800
philippines,2012,209000
poland,2012,18700
slovakia,2012,61400
south_africa,2012,241400
south_korea,2012,134200
spain,2012,323900
sri_lanka,2012,10000
sweden,2012,5600
switzerland,2012,2700
turkey,2012,800
united_kingdom,2012,237000
united_states,2012,148100
argentina,2013,1389100
australia,2013,132200
austria,2013,5500
chile,2013,30600
costa_rica,2013,84200
cyprus,2013,44300
denmark,2013,57300
finland,2013,19600
germany,2013,66900
israel,2013,21700
latvia,2013,0
mexico,2013,6300
norway,2013,1400
panama,2013,0
peru,2013,26700
poland,2013,29300
south_africa,2013,297200
sri_lanka,2013,11100
sweden,2013,2800
switzerland,2013,400
trinidad_and_tobago,2013,0
turkey,2013,16600
ukraine,2013,100
united_kingdom,2013,395400
united_states,2013,54500
