country,year,total_population
afghanistan,1500,2000.0
albania,1500,200.0
algeria,1500,1500.0
argentina,1500,300.0
australia,1500,450.0
austria,1500,2000.0
belgium,1500,1400.0
bolivia,1500,900.0
brazil,1500,1000.0
bulgaria,1500,800.0
canada,1500,250.0
chile,1500,600.0
china,1500,103000.0
colombia,1500,1000.0
comoros,1500,10.0
denmark,1500,600.0
ecuador,1500,600.0
egypt,1500,4000.0
finland,1500,300.0
france,1500,15000.0
germany,1500,12000.0
greece,1500,1000.0
hungary,1500,1250.0
india,1500,110000.0
iran,1500,4000.0
iraq,1500,1000.0
ireland,1500,800.0
italy,1500,10500.0
japan,1500,15400.0
jordan,1500,200.0
kenya,1500,1500.0
laos,1500,400.0
lebanon,1500,250.0
madagascar,1500,700.0
mexico,1500,7000.0
mongolia,1500,600.0
morocco,1500,1500.0
mozambique,1500,1000.0
myanmar,1500,4000.0
nepal,1500,2000.0
netherlands,1500,950.0
new_zealand,1500,100.0
nicaragua,1500,12.0
norway,1500,300.0
oman,1500,200.0
panama,1500,29.6
paraguay,1500,200.0
peru,1500,2500.0
philippines,1500,500.0
poland,1500,4000.0
portugal,1500,1000.0
romania,1500,2000.0
saudi_arabia,1500,2000.0
somalia,1500,800.0
south_africa,1500,600.0
spain,1500,6800.0
sri_lanka,1500,1000.0
sweden,1500,550.0
switzerland,1500,650.0
syria,1500,1250.0
tanzania,1500,1750.0
thailand,1500,2000.0
tunisia,1500,800.0
turkey,1500,6300.0
uganda,1500,1500.0
united_kingdom,1500,3942.0
united_states,1500,2000.0
venezuela,1500,400.0
vietnam,1500,2000.0
yemen,1500,2250.0
argentina,1550,300.0
bolivia,1550,803.0
cape_verde,1550,10.0
chile,1550,700.0
colombia,1550,900.0
ecuador,1550,550.0
mexico,1550,6587.0
nicaragua,1550,36.0
panama,1550,12.4
paraguay,1550,200.0
peru,1550,1291.0
venezuela,1550,400.0
afghanistan,1600,2500.0
albania,1600,200.0
algeria,1600,2250.0
argentina,1600,300.0
australia,1600,450.0
austria,1600,2500.0
bangladesh,1600,12918.66
belgium,1600,1600.0
bolivia,1600,670.0
brazil,1600,800.0
bulgaria,1600,1250.0
canada,1600,250.0
chile,1600,600.0
china,1600,160000.0
colombia,1600,800.0
comoros,1600,20.0
cyprus,1600,180.0
denmark,1600,650.0
ecuador,1600,500.0
egypt,1600,5000.0
finland,1600,400.0
france,1600,18500.0
germany,1600,16000.0
greece,1600,1500.0
hungary,1600,1250.0
india,1600,135000.0
iran,1600,5000.0
iraq,1600,1250.0
ireland,1600,1000.0
italy,1600,13100.0
japan,1600,18500.0
jordan,1600,200.0
lebanon,1600,300.0
madagascar,1600,800.0
mexico,1600,2979.0
morocco,1600,2250.0
mozambique,1600,1250.0
myanmar,1600,4500.0
nepal,1600,2500.0
netherlands,1600,1500.0
new_zealand,1600,100.0
nicaragua,1600,50.0
norway,1600,400.0
pakistan,1600,8817.631
panama,1600,20.0
paraguay,1600,200.0
peru,1600,920.0
philippines,1600,800.0
poland,1600,5000.0
portugal,1600,1100.0
romania,1600,2000.0
saudi_arabia,1600,2250.0
somalia,1600,800.0
south_africa,1600,700.0
spain,1600,8240.0
sri_lanka,1600,1250.0
sweden,1600,760.0
switzerland,1600,1000.0
syria,1600,1400.0
thailand,1600,2250.0
tunisia,1600,1000.0
turkey,1600,7900.0
united_kingdom,1600,6170.0
united_states,1600,1500.0
venezuela,1600,400.0
yemen,1600,2500.0
argentina,1650,300.0
austria,1650,2250.0
belgium,1650,1500.0
bolivia,1650,591.0
chile,1650,600.0
china,1650,140000.0
colombia,1650,800.0
cuba,1650,30.0
dominican_republic,1650,70.0
ecuador,1650,500.0
france,1650,21000.0
germany,1650,11000.0
haiti,1650,30.0
hungary,1650,1250.0
ireland,1650,1750.0
italy,1650,11000.0
japan,1650,25000.0
mexico,1650,2249.0
netherlands,1650,2000.0
nicaragua,1650,69.0
panama,1650,22.3
paraguay,1650,200.0
peru,1650,914.0
poland,1650,5500.0
portugal,1650,1750.0
romania,1650,2250.0
spain,1650,7500.0
switzerland,1650,1000.0
united_kingdom,1650,5800.0
venezuela,1650,450.0
afghanistan,1700,2500.0
albania,1700,300.0
algeria,1700,1750.0
argentina,1700,300.0
australia,1700,450.0
austria,1700,2500.0
bangladesh,1700,15789.47
belgium,1700,2000.0
bolivia,1700,534.0
brazil,1700,1250.0
bulgaria,1700,1250.0
canada,1700,200.0
cape_verde,1700,20.0
chile,1700,600.0
china,1700,138000.0
colombia,1700,800.0
comoros,1700,30.0
costa_rica,1700,19.0
denmark,1700,700.0
dominican_republic,1700,100.0
ecuador,1700,500.0
egypt,1700,4500.0
fiji,1700,118.803
finland,1700,400.0
france,1700,21471.0
germany,1700,15000.0
greece,1700,1500.0
haiti,1700,50.0
hungary,1700,1500.0
india,1700,165000.0
iran,1700,5000.0
iraq,1700,1000.0
ireland,1700,1925.0
italy,1700,13300.0
jamaica,1700,50.0
japan,1700,27000.0
jordan,1700,200.0
kenya,1700,2000.0
lebanon,1700,300.0
madagascar,1700,1000.0
mexico,1700,2825.0
morocco,1700,1750.0
mozambique,1700,1500.0
myanmar,1700,5000.0
nepal,1700,3000.0
netherlands,1700,1900.0
new_zealand,1700,100.0
nicaragua,1700,93.0
norway,1700,500.0
pakistan,1700,10777.1
panama,1700,34.2
paraguay,1700,200.0
peru,1700,654.0
philippines,1700,1250.0
poland,1700,6000.0
portugal,1700,2000.0
romania,1700,2500.0
samoa,1700,43.0
saudi_arabia,1700,2000.0
somalia,1700,950.0
south_africa,1700,1000.0
spain,1700,8770.0
sri_lanka,1700,1500.0
sweden,1700,1260.0
switzerland,1700,1200.0
syria,1700,1250.0
tanzania,1700,2500.0
thailand,1700,2500.0
tonga,1700,16.962
tunisia,1700,800.0
turkey,1700,8400.0
uganda,1700,2000.0
united_kingdom,1700,8565.0
united_states,1700,1000.0
venezuela,1700,500.0
vietnam,1700,3000.0
yemen,1700,2250.0
argentina,1750,400.0
austria,1750,2750.0
belgium,1750,2250.0
bolivia,1750,562.0
brazil,1750,1500.0
canada,1750,300.0
chile,1750,700.0
china,1750,225000.0
colombia,1750,807.0
comoros,1750,40.0
costa_rica,1750,24.0
cuba,1750,172.0
dominican_republic,1750,130.0
ecuador,1750,500.0
france,1750,24000.0
germany,1750,15000.0
guatemala,1750,315.0
haiti,1750,190.0
honduras,1750,96.0
hungary,1750,2000.0
iceland,1750,46.0
ireland,1750,3000.0
italy,1750,15000.0
jamaica,1750,170.0
japan,1750,29000.0
mauritius,1750,29.5
mexico,1750,3777.0
nepal,1750,3500.0
netherlands,1750,2000.0
nicaragua,1750,114.0
norway,1750,724.0
panama,1750,42.2
paraguay,1750,200.0
peru,1750,773.0
poland,1750,7000.0
portugal,1750,2250.0
romania,1750,3500.0
spain,1750,9500.0
sweden,1750,1781.0
switzerland,1750,1500.0
united_kingdom,1750,7250.0
united_states,1750,2000.0
venezuela,1750,700.0
afghanistan,1800,3280.0
albania,1800,400.0
algeria,1800,2500.0
andorra,1800,2.654
angola,1800,1567.028
antigua_and_barbuda,1800,37.0
argentina,1800,534.0
armenia,1800,413.326
australia,1800,200.0
austria,1800,3000.0
azerbaijan,1800,879.96
bahamas,1800,27.35
bahrain,1800,64.474
barbados,1800,81.729
belarus,1800,2355.081
belgium,1800,3250.0
belize,1800,25.526
benin,1800,636.559
bhutan,1800,392.287
bolivia,1800,887.0
bosnia_and_herzegovina,1800,851.806
botswana,1800,121.0
brazil,1800,2500.0
bulgaria,1800,2250.0
burkina_faso,1800,1665.421
burundi,1800,899.097
cambodia,1800,2090.0
cameroon,1800,1860.054
canada,1800,500.0
cape_verde,1800,55.716
central_african_republic,1800,479.444
chad,1800,1432.0
chile,1800,771.447
china,1800,330000.0
colombia,1800,1206.0
comoros,1800,56.346
congo,1800,314.465
congo_drc,1800,5163.819
costa_rica,1800,53.0
cote_d_ivoire,1800,1088.53
croatia,1800,1227.886
cuba,1800,272.0
cyprus,1800,184.392
czech_republic,1800,5516.349
denmark,1800,1000.0
djibouti,1800,22.848
dominica,1800,19.95
dominican_republic,1800,150.0
ecuador,1800,500.0
egypt,1800,3500.0
el_salvador,1800,248.0
equatorial_guinea,1800,80.377
eritrea,1800,205.01
estonia,1800,334.136
fiji,1800,130.533
finland,1800,800.0
france,1800,29000.0
gabon,1800,158.227
georgia,1800,1072.178
germany,1800,18000.0
ghana,1800,2016.034
greece,1800,2250.0
grenada,1800,29.409
guinea,1800,983.959
guinea_bissau,1800,218.167
guyana,1800,166.034
haiti,1800,500.0
honduras,1800,130.0
hungary,1800,3250.0
iceland,1800,61.428
iran,1800,6000.0
iraq,1800,1000.0
ireland,1800,5250.0
israel,1800,209.954
italy,1800,19000.0
jamaica,1800,300.0
japan,1800,28000.0
jordan,1800,200.0
kazakhstan,1800,2041.282
kenya,1800,2574.0
kiribati,1800,17.876
kuwait,1800,81.28
kyrgyzstan,1800,530.343
laos,1800,470.0
latvia,1800,590.588
lebanon,1800,300.0
lesotho,1800,276.361
liberia,1800,313.543
liechtenstein,1800,5.802
lithuania,1800,778.655
luxembourg,1800,127.03
macedonia,1800,391.865
madagascar,1800,1500.0
malawi,1800,737.0
malaysia,1800,287.0
maldives,1800,42.378
mali,1800,1403.398
malta,1800,134.072
marshall_is,1800,5.828
mauritania,1800,382.696
mauritius,1800,59.0
mexico,1800,5100.0
micronesia,1800,16.416
moldova,1800,712.558
monaco,1800,7.789
mongolia,1800,600.0
montenegro,1800,126.582
morocco,1800,2500.0
mozambique,1800,2000.0
myanmar,1800,6000.0
namibia,1800,229.0
nauru,1800,1.834
nepal,1800,4000.0
netherlands,1800,2000.0
new_zealand,1800,200.0
nicaragua,1800,186.0
nigeria,1800,12100.85
north_korea,1800,4345.0
norway,1800,900.0
oman,1800,300.0
palau,1800,3.875
panama,1800,75.6
papua_new_guinea,1800,754.894
paraguay,1800,300.0
peru,1800,1271.0
philippines,1800,2500.0
poland,1800,9000.0
portugal,1800,2750.0
qatar,1800,14.092
romania,1800,5500.0
rwanda,1800,928.368
samoa,1800,47.3
san_marino,1800,5.492
sao_tome_and_principe,1800,22.731
saudi_arabia,1800,2000.0
senegal,1800,1009.886
serbia,1800,2147.197
seychelles,1800,12.522
sierra_leone,1800,794.264
singapore,1800,30.0
slovakia,1800,2140.651
slovenia,1800,469.664
solomon_is,1800,56.998
south_korea,1800,9395.0
spain,1800,11500.0
sri_lanka,1800,1750.0
suriname,1800,80.721
swaziland,1800,86.0
sweden,1800,2500.0
switzerland,1800,1750.0
syria,1800,1250.0
tajikistan,1800,466.629
tanzania,1800,3000.0
thailand,1800,3000.0
the_gambia,1800,103.274
timor_leste,1800,137.262
togo,1800,445.985
tonga,1800,18.658
trinidad_and_tobago,1800,20.0
tunisia,1800,800.0
turkmenistan,1800,367.215
tuvalu,1800,2.499
uganda,1800,2500.0
ukraine,1800,11215.49
united_arab_emirates,1800,40.153
united_kingdom,1800,10750.0
united_states,1800,6000.0
uruguay,1800,55.0
uzbekistan,1800,1919.159
vanuatu,1800,27.791
venezuela,1800,1000.0
vietnam,1800,4000.0
yemen,1800,2593.0
zambia,1800,747.0
zimbabwe,1800,1085.814
argentina,1810,406.0
china,1810,345717.0
cuba,1810,572.0
el_salvador,1810,165.0
mauritius,1810,78.0
netherlands,1810,2047.0
norway,1810,885.0
philippines,1810,1933.0
st_kitts_and_nevis,1810,17.202
st_lucia,1810,24.0
st_vincent_and_the_grenadines,1810,25.781
sweden,1810,2396.0
united_kingdom,1810,11970.0
united_states,1810,7240.0
venezuela,1810,802.0
afghanistan,1820,3280.0
albania,1820,437.0
algeria,1820,2689.0
andorra,1820,2.654
angola,1820,1567.028
argentina,1820,534.0
armenia,1820,413.326
australia,1820,334.0
austria,1820,3369.0
azerbaijan,1820,879.96
bahamas,1820,27.35
bahrain,1820,64.474
bangladesh,1820,20000.0
barbados,1820,81.729
belarus,1820,2355.081
belgium,1820,3434.0
belize,1820,25.526
benin,1820,636.559
bhutan,1820,392.287
bolivia,1820,1100.0
bosnia_and_herzegovina,1820,851.806
brazil,1820,4507.0
bulgaria,1820,2187.0
burkina_faso,1820,1665.421
burundi,1820,899.097
cambodia,1820,2090.0
cameroon,1820,1860.054
canada,1820,816.0
cape_verde,1820,55.716
central_african_republic,1820,479.444
chile,1820,771.447
china,1820,381000.0
colombia,1820,1206.0
comoros,1820,56.346
congo,1820,314.465
congo_drc,1820,5163.819
costa_rica,1820,63.0
cote_d_ivoire,1820,1088.53
croatia,1820,1227.886
cuba,1820,605.0
czech_republic,1820,5516.349
denmark,1820,1155.0
djibouti,1820,22.848
dominica,1820,19.95
dominican_republic,1820,89.0
ecuador,1820,500.0
egypt,1820,4194.0
el_salvador,1820,248.0
equatorial_guinea,1820,80.377
eritrea,1820,205.01
estonia,1820,334.136
finland,1820,1169.0
france,1820,31250.0
gabon,1820,158.227
georgia,1820,1072.178
germany,1820,24905.0
ghana,1820,2016.034
greece,1820,2312.0
grenada,1820,29.409
guatemala,1820,595.0
guinea,1820,983.959
guinea_bissau,1820,218.167
guyana,1820,166.034
haiti,1820,723.0
honduras,1820,135.0
hungary,1820,4146.0
iceland,1820,61.428
india,1820,209000.0
iran,1820,6560.0
iraq,1820,1093.0
ireland,1820,7101.0
italy,1820,20176.0
jamaica,1820,401.0
japan,1820,31000.0
jordan,1820,217.0
kazakhstan,1820,2041.282
kiribati,1820,17.876
kuwait,1820,81.28
kyrgyzstan,1820,530.343
laos,1820,470.0
latvia,1820,590.588
lebanon,1820,332.0
lesotho,1820,276.361
liberia,1820,313.54
liechtenstein,1820,5.802
lithuania,1820,778.655
luxembourg,1820,127.03
macedonia,1820,391.865
madagascar,1820,1683.0
malaysia,1820,287.0
maldives,1820,42.378
mali,1820,1403.398
malta,1820,134.072
marshall_is,1820,5.828
mauritania,1820,382.696
mauritius,1820,88.0
mexico,1820,6587.0
micronesia,1820,16.416
moldova,1820,712.558
monaco,1820,7.789
mongolia,1820,619.0
montenegro,1820,126.582
morocco,1820,2689.0
mozambique,1820,2096.0
myanmar,1820,3506.0
nauru,1820,1.834
nepal,1820,3881.0
netherlands,1820,2333.0
new_zealand,1820,100.0
nicaragua,1820,186.0
nigeria,1820,12100.85
north_korea,1820,4345.0
norway,1820,970.0
oman,1820,318.0
pakistan,1820,13651.0
palau,1820,3.875
papua_new_guinea,1820,754.894
paraguay,1820,143.0
peru,1820,1317.0
philippines,1820,2176.0
poland,1820,10426.0
portugal,1820,3297.0
qatar,1820,14.092
romania,1820,6389.0
rwanda,1820,928.368
san_marino,1820,5.492
sao_tome_and_principe,1820,22.731
saudi_arabia,1820,2091.0
senegal,1820,1009.886
serbia,1820,2147.197
seychelles,1820,12.522
sierra_leone,1820,794.264
singapore,1820,30.0
slovakia,1820,2140.651
slovenia,1820,469.664
solomon_is,1820,56.998
somalia,1820,1000.0
south_africa,1820,1550.0
south_korea,1820,9395.0
spain,1820,12203.0
sri_lanka,1820,1213.0
st_kitts_and_nevis,1820,17.202
st_vincent_and_the_grenadines,1820,25.781
suriname,1820,80.721
sweden,1820,2573.0
switzerland,1820,1986.0
syria,1820,1337.0
tajikistan,1820,466.629
tanzania,1820,3019.768
thailand,1820,4665.0
the_gambia,1820,103.274
timor_leste,1820,137.262
togo,1820,445.985
trinidad_and_tobago,1820,60.0
tunisia,1820,875.0
turkey,1820,10074.0
turkmenistan,1820,367.215
tuvalu,1820,2.499
uganda,1820,2101.397
ukraine,1820,11215.49
united_arab_emirates,1820,40.153
united_kingdom,1820,21239.0
united_states,1820,9980.51
uruguay,1820,55.0
uzbekistan,1820,1919.159
vanuatu,1820,27.791
venezuela,1820,718.0
vietnam,1820,6551.0
yemen,1820,2593.0
zimbabwe,1820,1085.814
argentina,1830,634.0
australia,1830,330.0
austria,1830,3538.0
belgium,1830,3750.0
canada,1830,1169.0
chile,1830,965.173
china,1830,409000.0
colombia,1830,1686.0
costa_rica,1830,78.0
cuba,1830,1008.0
denmark,1830,1273.0
finland,1830,1364.0
france,1830,33300.0
germany,1830,28045.0
greece,1830,2534.0
india,1830,217576.6
ireland,1830,7827.0
italy,1830,21513.0
japan,1830,31329.81
luxembourg,1830,170.0
mauritius,1830,93.0
mexico,1830,6382.0
netherlands,1830,2633.0
new_zealand,1830,100.0
norway,1830,1124.0
peru,1830,1374.0
portugal,1830,3491.0
spain,1830,13041.0
sweden,1830,2876.0
switzerland,1830,2100.0
united_kingdom,1830,24139.0
united_states,1830,13240.31
venezuela,1830,887.0
argentina,1840,768.0
australia,1840,420.0
austria,1840,3716.0
belgium,1840,4080.0
canada,1840,1697.0
chile,1840,1180.761
china,1840,412000.0
colombia,1840,1932.0
costa_rica,1840,94.0
cuba,1840,1008.0
denmark,1840,1357.0
dominica,1840,22.0
egypt,1840,4476.0
fiji,1840,140.0
finland,1840,1441.0
france,1840,34900.0
germany,1840,31126.0
greece,1840,2777.0
guatemala,1840,706.0
guyana,1840,98.0
iceland,1840,57.0
india,1840,226505.1
ireland,1840,8349.0
italy,1840,22939.0
jamaica,1840,377.0
japan,1840,31663.13
luxembourg,1840,180.0
mauritius,1840,115.0
mexico,1840,7044.0
netherlands,1840,2886.0
new_zealand,1840,70.0
norway,1840,1241.0
philippines,1840,3096.0
portugal,1840,3704.0
spain,1840,13937.0
sweden,1840,3123.0
switzerland,1840,2220.0
tonga,1840,18.5
united_kingdom,1840,26745.0
united_states,1840,17443.77
venezuela,1840,1219.0
afghanistan,1850,3750.0
albania,1850,500.0
algeria,1850,2838.453
angola,1850,2428.947
antigua_and_barbuda,1850,37.0
argentina,1850,1100.0
australia,1850,605.0
austria,1850,3950.0
bahamas,1850,28.0
barbados,1850,136.0
belgium,1850,4449.0
benin,1850,791.1505
bolivia,1850,1374.0
botswana,1850,100.0461
brazil,1850,7234.0
bulgaria,1850,2500.0
burkina_faso,1850,1851.687
burundi,1850,1410.005
cameroon,1850,2767.547
canada,1850,2485.0
central_african_republic,1850,930.8465
chad,1850,1787.522
chile,1850,1409.885
china,1850,412000.0
colombia,1850,2065.0
comoros,1850,60.0
congo,1850,507.6533
congo_drc,1850,8222.558
costa_rica,1850,101.0
cote_d_ivoire,1850,1033.829
cuba,1850,1186.0
denmark,1850,1499.0
djibouti,1850,40.41427
dominican_republic,1850,146.0
ecuador,1850,816.0
egypt,1850,5683.846
el_salvador,1850,366.0
equatorial_guinea,1850,108.3423
eritrea,1850,700.6632
ethiopia,1850,18434.0
fiji,1850,137.0
finland,1850,1628.0
france,1850,36350.0
gabon,1850,297.3997
germany,1850,33746.0
ghana,1850,1981.047
greece,1850,3044.0
grenada,1850,33.0
guatemala,1850,850.0
guinea,1850,1028.675
guinea_bissau,1850,210.508
guyana,1850,128.0
haiti,1850,938.0
honduras,1850,350.0
hungary,1850,5161.0
iceland,1850,59.0
india,1850,235800.0
iran,1850,7500.0
iraq,1850,1250.0
ireland,1850,6878.0
israel,1850,209.954
italy,1850,24460.0
jamaica,1850,399.0
japan,1850,32000.0
jordan,1850,300.0
kenya,1850,3352.899
lesotho,1850,177.8804
liberia,1850,330.0733
libya,1850,267.8702
luxembourg,1850,193.0
madagascar,1850,2631.17
malawi,1850,2154.266
malaysia,1850,530.0
mali,1850,1502.533
mauritania,1850,288.4613
mauritius,1850,181.0
mexico,1850,7662.0
morocco,1850,2847.216
mozambique,1850,4752.372
myanmar,1850,3932.0
namibia,1850,117.5367
nepal,1850,4352.0
netherlands,1850,3098.0
new_zealand,1850,90.0
nicaragua,1850,300.0
niger,1850,996.5538
nigeria,1850,13539.37
norway,1850,1392.0
panama,1850,108.6
paraguay,1850,350.0
peru,1850,3375.0
philippines,1850,3612.0
poland,1850,13000.0
portugal,1850,3816.0
romania,1850,8000.0
rwanda,1850,1514.972
samoa,1850,46.899
senegal,1850,931.6463
sierra_leone,1850,778.7166
singapore,1850,56.0
somalia,1850,1475.773
south_africa,1850,3007.536
south_korea,1850,9545.0
spain,1850,14894.0
sri_lanka,1850,2217.0
st_lucia,1850,24.0
st_vincent_and_the_grenadines,1850,30.0
swaziland,1850,66.15986
sweden,1850,3462.0
switzerland,1850,2379.0
tanzania,1850,5467.537
thailand,1850,5230.0
the_gambia,1850,112.0669
togo,1850,506.5782
tonga,1850,18.5
trinidad_and_tobago,1850,80.0
tunisia,1850,1112.622
uganda,1850,2960.343
united_kingdom,1850,27181.0
united_states,1850,23579.72
uruguay,1850,132.0
venezuela,1850,1324.0
vietnam,1850,6000.0
zambia,1850,1593.229
zimbabwe,1850,665.7185
algeria,1860,3138.555
angola,1860,2602.345
antigua_and_barbuda,1860,37.0
argentina,1860,1304.0
australia,1860,1326.0
austria,1860,4235.0
bahamas,1860,35.0
barbados,1860,153.0
belgium,1860,4740.0
belize,1860,26.0
benin,1860,821.8996
botswana,1860,110.6237
burkina_faso,1860,1889.055
burundi,1860,1496.927
cameroon,1860,2900.76
canada,1860,3369.0
central_african_republic,1860,935.8019
chad,1860,1805.478
chile,1860,1660.659
china,1860,377000.0
colombia,1860,2694.0
congo,1860,507.6533
congo_drc,1860,8269.611
costa_rica,1860,120.0
cote_d_ivoire,1860,1108.519
cuba,1860,1397.0
denmark,1860,1696.0
djibouti,1860,40.41427
dominica,1860,25.0
egypt,1860,6284.784
equatorial_guinea,1860,115.0212
eritrea,1860,700.6632
ethiopia,1860,18434.0
finland,1860,1738.0
france,1860,37300.0
gabon,1860,315.7333
germany,1860,36049.0
ghana,1860,2093.098
greece,1860,3336.0
grenada,1860,32.0
guinea,1860,1081.282
guinea_bissau,1860,216.9091
guyana,1860,148.0
iceland,1860,67.0
india,1860,244248.7
iraq,1860,1290.0
ireland,1860,5821.0
israel,1860,227.862
italy,1860,26081.0
jamaica,1860,441.0
japan,1860,33196.14
kenya,1860,3559.592
lesotho,1860,196.6872
liberia,1860,346.9533
libya,1860,296.1914
luxembourg,1860,203.0
madagascar,1860,2711.179
malawi,1860,2143.811
mali,1860,1532.856
mauritania,1860,300.2096
mauritius,1860,320.0
mexico,1860,8816.0
morocco,1860,3148.245
mozambique,1860,4752.372
namibia,1860,129.9636
netherlands,1860,3318.0
new_zealand,1860,132.0
niger,1860,1016.665
nigeria,1860,14067.46
norway,1860,1596.0
peru,1860,2488.0
portugal,1860,4000.0
rwanda,1860,1530.19
senegal,1860,989.0787
sierra_leone,1860,818.5403
somalia,1860,1475.773
south_africa,1860,3325.515
spain,1860,15642.0
sri_lanka,1860,1893.0
st_kitts_and_nevis,1860,34.0
st_lucia,1860,27.0
st_vincent_and_the_grenadines,1860,32.0
swaziland,1860,73.15477
sweden,1860,3824.0
switzerland,1860,2510.0
tanzania,1860,5413.107
the_gambia,1860,118.9754
togo,1860,537.8068
trinidad_and_tobago,1860,99.0
tunisia,1860,1230.257
uganda,1860,3080.911
united_kingdom,1860,28888.0
united_states,1860,31838.9
uruguay,1860,223.0
zambia,1860,1608.892
zimbabwe,1860,736.1031
afghanistan,1870,4207.0
albania,1870,603.0
algeria,1870,3470.386
angola,1870,2790.355
antigua_and_barbuda,1870,35.0
argentina,1870,1796.0
australia,1870,1775.0
austria,1870,4520.0
bahamas,1870,39.0
bahrain,1870,64.474
bangladesh,1870,24721.0
barbados,1870,162.0
belgium,1870,5096.0
belize,1870,25.0
benin,1870,889.6552
bolivia,1870,1495.0
bosnia_and_herzegovina,1870,1158.0
botswana,1870,122.3196
brazil,1870,9797.0
bulgaria,1870,2586.0
burkina_faso,1870,1927.178
burundi,1870,1589.206
cambodia,1870,2340.0
cameroon,1870,3050.84
canada,1870,3781.0
central_african_republic,1870,954.1117
chad,1870,1823.614
chile,1870,1944.569
china,1870,358000.0
colombia,1870,2392.0
congo,1870,538.9481
congo_drc,1870,8810.814
costa_rica,1870,137.0
cote_d_ivoire,1870,1176.855
cuba,1870,1331.0
denmark,1870,1888.0
djibouti,1870,40.41427
dominica,1870,27.0
dominican_republic,1870,242.0
ecuador,1870,1013.0
egypt,1870,6949.257
el_salvador,1870,492.0
equatorial_guinea,1870,122.1118
eritrea,1870,700.6632
ethiopia,1870,18434.0
finland,1870,1754.0
france,1870,38440.0
gabon,1870,335.197
germany,1870,39231.0
ghana,1870,2211.646
greece,1870,3657.0
grenada,1870,38.0
guatemala,1870,1080.0
guinea,1870,1147.938
guinea_bissau,1870,225.7434
guyana,1870,193.0
haiti,1870,1150.0
honduras,1870,404.0
hungary,1870,5917.0
iceland,1870,70.0
india,1870,253000.0
iran,1870,8415.0
iraq,1870,1580.0
ireland,1870,5419.0
israel,1870,272.23
italy,1870,27888.0
jamaica,1870,499.0
japan,1870,34437.0
jordan,1870,266.0
kenya,1870,3779.027
kuwait,1870,81.28
laos,1870,755.0
lebanon,1870,476.0
lesotho,1870,217.4824
liberia,1870,368.3417
libya,1870,327.5069
luxembourg,1870,198.0
madagascar,1870,2793.621
malawi,1870,2122.469
malaysia,1870,800.0
mali,1870,1563.79
mauritania,1870,312.4365
mauritius,1870,330.0
mexico,1870,9219.0
mongolia,1870,668.0
morocco,1870,3481.1
mozambique,1870,4705.061
myanmar,1870,4245.0
namibia,1870,143.7043
nepal,1870,4698.0
netherlands,1870,3610.0
new_zealand,1870,291.0
nicaragua,1870,337.0
niger,1870,1047.58
nigeria,1870,14678.42
north_korea,1870,4511.0
norway,1870,1735.0
oman,1870,367.0
pakistan,1870,16090.0
panama,1870,176.0
paraguay,1870,384.0
peru,1870,2606.0
philippines,1870,5063.0
poland,1870,16865.0
portugal,1870,4327.0
qatar,1870,14.092
romania,1870,9179.0
rwanda,1870,1545.561
saudi_arabia,1870,2338.0
senegal,1870,1071.115
sierra_leone,1870,869.0002
singapore,1870,84.0
somalia,1870,1475.773
south_africa,1870,3677.113
south_korea,1870,9753.0
spain,1870,16201.0
sri_lanka,1870,2786.0
st_kitts_and_nevis,1870,40.0
st_lucia,1870,32.0
st_vincent_and_the_grenadines,1870,36.0
swaziland,1870,80.88923
sweden,1870,4164.0
switzerland,1870,2655.0
syria,1870,1582.0
tanzania,1870,5359.219
thailand,1870,5775.0
the_gambia,1870,126.3098
togo,1870,570.9606
trinidad_and_tobago,1870,124.0
tunisia,1870,1360.329
turkey,1870,11793.0
uganda,1870,3206.389
united_arab_emirates,1870,40.153
united_kingdom,1870,31400.0
united_states,1870,40240.63
uruguay,1870,343.0
venezuela,1870,1653.0
vietnam,1870,10528.0
yemen,1870,2840.0
zambia,1870,1620.364
zimbabwe,1870,813.9293
algeria,1880,3837.3
angola,1880,2934.373
antigua_and_barbuda,1880,35.0
australia,1880,2197.0
austria,1880,4941.0
bahamas,1880,44.0
barbados,1880,172.0
belgium,1880,5541.0
belize,1880,27.0
benin,1880,967.8173
bolivia,1880,1098.0
bosnia_and_herzegovina,1880,1360.0
botswana,1880,135.2522
brazil,1880,11794.0
burkina_faso,1880,2005.668
burundi,1880,1704.021
cameroon,1880,3241.372
canada,1880,4384.0
central_african_republic,1880,987.3243
chad,1880,1860.416
chile,1880,2264.042
china,1880,368000.0
congo,1880,583.6498
congo_drc,1880,9507.902
costa_rica,1880,182.0
cote_d_ivoire,1880,1261.879
cuba,1880,1522.0
cyprus,1880,186.0
denmark,1880,2081.0
djibouti,1880,40.82024
dominica,1880,28.0
egypt,1880,7683.984
el_salvador,1880,613.0
equatorial_guinea,1880,130.934
eritrea,1880,707.7015
ethiopia,1880,18434.0
fiji,1880,127.0
finland,1880,2047.0
france,1880,39045.0
gabon,1880,359.4139
germany,1880,43500.0
ghana,1880,2365.901
greece,1880,4049.0
grenada,1880,42.0
guatemala,1880,1225.0
guinea,1880,1230.873
guinea_bissau,1880,242.0526
guyana,1880,252.0
honduras,1880,307.0
iceland,1880,72.0
india,1880,257200.0
ireland,1880,5203.0
israel,1880,282.159
italy,1880,29534.0
jamaica,1880,581.0
japan,1880,36807.0
kenya,1880,4052.049
lesotho,1880,240.4762
liberia,1880,394.9531
libya,1880,362.1333
luxembourg,1880,210.0
madagascar,1880,2907.399
malawi,1880,2090.556
mali,1880,1627.48
mauritania,1880,328.4145
mauritius,1880,360.0
mexico,1880,10399.0
morocco,1880,3849.148
mozambique,1880,4611.803
myanmar,1880,3737.0
namibia,1880,158.8978
netherlands,1880,4043.0
new_zealand,1880,520.0
niger,1880,1090.246
nigeria,1880,15475.4
norway,1880,1919.0
paraguay,1880,264.0
philippines,1880,5985.0
portugal,1880,4610.0
rwanda,1880,1561.086
senegal,1880,1194.944
serbia,1880,1902.0
sierra_leone,1880,931.7826
somalia,1880,1490.597
south_africa,1880,4065.884
spain,1880,16859.0
sri_lanka,1880,3021.0
st_kitts_and_nevis,1880,44.0
st_lucia,1880,39.0
st_vincent_and_the_grenadines,1880,41.0
swaziland,1880,89.44143
sweden,1880,4572.0
switzerland,1880,2839.0
tanzania,1880,5305.867
the_gambia,1880,138.1493
timor_leste,1880,302.0
togo,1880,624.4789
trinidad_and_tobago,1880,171.0
tunisia,1880,1504.152
uganda,1880,3370.364
united_kingdom,1880,34623.0
united_states,1880,50458.0
uruguay,1880,464.0
venezuela,1880,1952.0
zambia,1880,1638.719
zimbabwe,1880,899.9839
albania,1890,726.0
algeria,1890,4243.008
angola,1890,3085.151
antigua_and_barbuda,1890,37.0
argentina,1890,3376.0
australia,1890,3107.0
austria,1890,5394.0
bahamas,1890,48.0
barbados,1890,183.0
belgium,1890,6096.0
belize,1890,31.0
benin,1890,1026.923
bosnia_and_herzegovina,1890,1568.0
botswana,1890,149.552
brazil,1890,14199.0
bulgaria,1890,3445.0
burkina_faso,1890,2087.354
burundi,1890,1827.131
cameroon,1890,3444.452
canada,1890,4918.0
central_african_republic,1890,1021.921
chad,1890,1897.961
chile,1890,2607.769
china,1890,380000.0
colombia,1890,3369.0
congo,1890,625.8165
congo_drc,1890,9949.945
costa_rica,1890,243.0
cote_d_ivoire,1890,1326.412
cuba,1890,1632.0
cyprus,1890,209.0
denmark,1890,2294.0
djibouti,1890,41.23028
dominica,1890,27.0
egypt,1890,8799.254
el_salvador,1890,704.0
equatorial_guinea,1890,140.3935
eritrea,1890,714.8104
ethiopia,1890,18434.0
fiji,1890,121.0
finland,1890,2364.0
france,1890,40014.0
gabon,1890,385.3804
germany,1890,47607.0
ghana,1890,2564.876
greece,1890,4482.0
grenada,1890,53.0
guatemala,1890,1364.0
guinea,1890,1319.8
guinea_bissau,1890,259.5401
guyana,1890,278.0
honduras,1890,399.0
hungary,1890,6622.0
iceland,1890,71.0
india,1890,279626.0
iran,1890,9000.0
iraq,1890,1726.0
ireland,1890,4718.0
israel,1890,318.717
italy,1890,31702.0
jamaica,1890,639.0
japan,1890,40077.0
kenya,1890,4344.796
lesotho,1890,265.9011
liberia,1890,423.4872
libya,1890,414.6942
luxembourg,1890,211.0
madagascar,1890,3025.811
malawi,1890,2121.886
malaysia,1890,1585.0
mali,1890,1693.763
mauritania,1890,348.66
mauritius,1890,371.0
mexico,1890,11729.0
morocco,1890,4256.108
mozambique,1890,4658.128
myanmar,1890,7489.0
namibia,1890,175.6976
nepal,1890,5192.0
netherlands,1890,4535.0
new_zealand,1890,665.0
niger,1890,1134.649
nigeria,1890,16484.87
norway,1890,1997.0
paraguay,1890,644.0
peru,1890,3346.0
philippines,1890,6476.0
poland,1890,22854.0
portugal,1890,5028.0
romania,1890,10373.0
rwanda,1890,1624.666
senegal,1890,1306.951
serbia,1890,2162.0
seychelles,1890,16.0
sierra_leone,1890,999.1008
singapore,1890,157.0
somalia,1890,1505.57
south_africa,1890,4495.76
south_korea,1890,9848.0
spain,1890,17757.0
sri_lanka,1890,3343.0
st_kitts_and_nevis,1890,48.0
st_lucia,1890,42.0
st_vincent_and_the_grenadines,1890,41.0
swaziland,1890,98.89784
sweden,1890,4780.0
switzerland,1890,2951.0
tanzania,1890,5412.945
thailand,1890,6670.0
the_gambia,1890,151.0986
timor_leste,1890,321.0
togo,1890,669.5955
trinidad_and_tobago,1890,218.0
tunisia,1890,1663.183
uganda,1890,3542.725
united_kingdom,1890,37485.0
united_states,1890,63302.0
uruguay,1890,686.0
venezuela,1890,2224.0
zambia,1890,1690.159
zimbabwe,1890,995.1369
afghanistan,1900,5000.0
albania,1900,800.0
algeria,1900,4675.311
angola,1900,2935.019
antigua_and_barbuda,1900,35.0
argentina,1900,4693.0
australia,1900,3741.0
austria,1900,5973.0
bahamas,1900,54.0
barbados,1900,196.0
belgium,1900,6719.0
belize,1900,37.0
benin,1900,1079.44
bolivia,1900,1696.0
botswana,1900,165.3637
brazil,1900,17984.0
bulgaria,1900,4000.0
burkina_faso,1900,2194.102
burundi,1900,1737.803
cameroon,1900,3312.923
canada,1900,5457.0
central_african_republic,1900,976.5358
chad,1900,1751.476
chile,1900,2958.986
china,1900,400000.0
colombia,1900,3998.0
comoros,1900,80.0
congo,1900,595.2204
congo_drc,1900,9449.637
costa_rica,1900,297.0
cote_d_ivoire,1900,1422.241
cuba,1900,1658.0
cyprus,1900,237.0
denmark,1900,2561.0
djibouti,1900,42.48403
dominica,1900,29.0
dominican_republic,1900,515.0
ecuador,1900,1400.0
egypt,1900,10176.31
el_salvador,1900,766.0
equatorial_guinea,1900,133.5297
eritrea,1900,721.9908
ethiopia,1900,18434.0
fiji,1900,120.0
finland,1900,2646.0
france,1900,40598.0
gabon,1900,366.5392
germany,1900,54388.0
ghana,1900,2799.907
greece,1900,4962.0
grenada,1900,63.0
guatemala,1900,1300.0
guinea,1900,1387.294
guinea_bissau,1900,278.291
guyana,1900,306.0
haiti,1900,1560.0
honduras,1900,500.0
hungary,1900,7127.0
iceland,1900,78.0
india,1900,284500.0
iran,1900,10000.0
iraq,1900,2250.0
ireland,1900,4469.0
israel,1900,362.22
italy,1900,33672.0
jamaica,1900,720.0
japan,1900,44103.0
jordan,1900,300.0
kenya,1900,4132.38
laos,1900,1500.0
lebanon,1900,500.0
lesotho,1900,294.0142
liberia,1900,454.0827
libya,1900,479.5923
luxembourg,1900,236.0
madagascar,1900,2820.553
malawi,1900,2038.522
malaysia,1900,2232.0
mali,1900,1780.383
mauritania,1900,373.8496
mauritius,1900,371.0
mexico,1900,13607.0
mongolia,1900,700.0
morocco,1900,4689.746
mozambique,1900,4475.122
myanmar,1900,10174.0
namibia,1900,194.2737
nepal,1900,5283.0
netherlands,1900,5142.0
new_zealand,1900,807.0
nicaragua,1900,478.0
niger,1900,1180.861
nigeria,1900,17429.16
norway,1900,2230.0
oman,1900,400.0
panama,1900,263.0
paraguay,1900,440.0
peru,1900,3648.0
philippines,1900,7324.0
poland,1900,24750.0
portugal,1900,5404.0
romania,1900,11000.0
rwanda,1900,1529.776
samoa,1900,33.0
sao_tome_and_principe,1900,40.0
saudi_arabia,1900,2500.0
senegal,1900,1401.374
serbia,1900,2494.0
seychelles,1900,19.0
sierra_leone,1900,1071.282
singapore,1900,215.0
somalia,1900,1551.352
south_africa,1900,4971.084
south_korea,1900,9896.0
spain,1900,18566.0
sri_lanka,1900,3912.0
st_kitts_and_nevis,1900,46.0
st_lucia,1900,50.0
st_vincent_and_the_grenadines,1900,48.0
swaziland,1900,109.354
sweden,1900,5117.0
switzerland,1900,3300.0
syria,1900,1750.0
tanzania,1900,4995.17
thailand,1900,7320.0
the_gambia,1900,162.0149
timor_leste,1900,348.0
togo,1900,717.9715
tonga,1900,20.0
trinidad_and_tobago,1900,268.0
tunisia,1900,1832.637
uganda,1900,3507.457
united_kingdom,1900,41155.0
united_states,1900,76391.0
uruguay,1900,915.0
venezuela,1900,2542.0
vietnam,1900,11500.0
yemen,1900,3000.0
zambia,1900,1673.333
zimbabwe,1900,1100.35
afghanistan,1910,5730.0
albania,1910,874.0
algeria,1910,5495.166
andorra,1910,5.0
angola,1910,2708.492
antigua_and_barbuda,1910,32.0
argentina,1910,6836.0
australia,1910,4375.0
austria,1910,6614.0
bahamas,1910,56.0
bahrain,1910,81.882
bangladesh,1910,31786.0
barbados,1910,172.0
belgium,1910,7498.0
belize,1910,40.0
benin,1910,1169.58
bhutan,1910,250.0
bolivia,1910,1837.0
bosnia_and_herzegovina,1910,1972.0
botswana,1910,194.6634
brazil,1910,22216.0
brunei,1910,22.0
bulgaria,1910,4520.0
burkina_faso,1910,2447.757
burundi,1910,1603.678
cambodia,1910,3070.0
cameroon,1910,3040.692
canada,1910,7188.0
cape_verde,1910,144.0
central_african_republic,1910,919.5006
chad,1910,1682.664
chile,1910,3317.166
china,1910,423000.0
colombia,1910,4890.0
congo,1910,538.3067
congo_drc,1910,8546.082
costa_rica,1910,363.0
cote_d_ivoire,1910,1480.165
cuba,1910,2219.0
cyprus,1910,274.0
denmark,1910,2882.0
djibouti,1910,43.77589
dominica,1910,34.0
dominican_republic,1910,688.0
ecuador,1910,1617.0
egypt,1910,11698.51
el_salvador,1910,946.0
equatorial_guinea,1910,120.7618
eritrea,1910,774.1522
estonia,1910,986.0
ethiopia,1910,18434.0
fiji,1910,140.0
finland,1910,2929.0
france,1910,41224.0
gabon,1910,331.4915
germany,1910,62884.0
ghana,1910,3056.579
greece,1910,5320.0
grenada,1910,67.0
guatemala,1910,1441.0
guinea,1910,1487.522
guinea_bissau,1910,298.3966
guyana,1910,304.0
haiti,1910,1809.0
honduras,1910,619.0
hungary,1910,7644.0
iceland,1910,88.0
india,1910,302100.0
iran,1910,10994.0
iraq,1910,2613.0
ireland,1910,4385.0
israel,1910,415.745
italy,1910,36572.0
jamaica,1910,808.0
japan,1910,49518.0
jordan,1910,348.0
kenya,1910,3813.44
kuwait,1910,103.226
laos,1910,1387.0
latvia,1910,2552.0
lebanon,1910,649.0
lesotho,1910,346.1084
liberia,1910,486.8887
libya,1910,551.3313
liechtenstein,1910,11.0
lithuania,1910,2916.0
luxembourg,1910,260.0
madagascar,1910,2709.74
malawi,1910,1881.188
malaysia,1910,2893.0
maldives,1910,72.0
mali,1910,1986.209
malta,1910,229.0
mauritania,1910,408.8919
mauritius,1910,369.0
mexico,1910,15000.0
monaco,1910,23.0
mongolia,1910,725.0
montenegro,1910,516.0
morocco,1910,5512.132
mozambique,1910,4129.729
myanmar,1910,11942.0
namibia,1910,228.6956
nepal,1910,5639.0
netherlands,1910,5922.0
new_zealand,1910,1045.0
nicaragua,1910,553.0
niger,1910,1317.377
nigeria,1910,19083.33
north_korea,1910,4897.0
norway,1910,2384.0
oman,1910,444.0
pakistan,1910,20008.0
panama,1910,326.0
papua_new_guinea,1910,781.0
paraguay,1910,554.0
peru,1910,4137.0
philippines,1910,8861.0
poland,1910,26644.0
portugal,1910,5884.0
qatar,1910,17.897
romania,1910,11866.0
rwanda,1910,1411.707
samoa,1910,38.0
san_marino,1910,11.0
sao_tome_and_principe,1910,59.0
saudi_arabia,1910,2676.0
senegal,1910,1502.619
serbia,1910,2912.0
seychelles,1910,23.0
sierra_leone,1910,1148.679
singapore,1910,323.0
solomon_is,1910,150.0
somalia,1910,1598.526
south_africa,1910,5851.875
south_korea,1910,10096.0
spain,1910,19858.0
sri_lanka,1910,4668.0
st_kitts_and_nevis,1910,43.0
st_lucia,1910,49.0
st_vincent_and_the_grenadines,1910,42.0
suriname,1910,95.0
swaziland,1910,128.7297
sweden,1910,5449.0
switzerland,1910,3735.0
syria,1910,1994.0
tanzania,1910,4798.922
thailand,1910,8305.0
the_gambia,1910,173.72
timor_leste,1910,376.0
togo,1910,769.8425
tonga,1910,23.0
trinidad_and_tobago,1910,331.0
tunisia,1910,2154.006
turkey,1910,15000.0
uganda,1910,3236.749
united_arab_emirates,1910,50.995
united_kingdom,1910,44916.0
united_states,1910,92767.0
uruguay,1910,1081.0
vanuatu,1910,67.0
venezuela,1910,2805.0
vietnam,1910,19339.0
yemen,1910,3284.0
zambia,1910,1575.601
zimbabwe,1910,1295.313
afghanistan,1920,12000.0
albania,1920,932.0
algeria,1920,5779.437
andorra,1920,6.0
angola,1920,2602.082
antigua_and_barbuda,1920,30.0
argentina,1920,8861.0
australia,1920,5358.0
austria,1920,6455.0
bahamas,1920,53.0
bahrain,1920,120.0
barbados,1920,157.0
belgium,1920,7552.0
belize,1920,45.0
benin,1920,1257.757
bhutan,1920,250.0
bolivia,1920,2136.0
botswana,1920,227.0383
brazil,1920,27404.0
brunei,1920,26.0
bulgaria,1920,5072.0
burkina_faso,1920,2650.78
burundi,1920,1540.673
cameroon,1920,2912.172
canada,1920,8798.0
cape_verde,1920,127.0
central_african_republic,1920,874.4978
chad,1920,1616.556
chile,1920,3722.598
china,1920,472000.0
colombia,1920,6213.0
comoros,1920,120.0
congo,1920,506.8665
congo_drc,1920,8055.66
costa_rica,1920,420.0
cote_d_ivoire,1920,1571.412
cuba,1920,2997.0
cyprus,1920,311.0
denmark,1920,3242.0
djibouti,1920,44.65933
dominica,1920,37.0
dominican_republic,1920,879.0
ecuador,1920,1790.0
egypt,1920,13139.46
el_salvador,1920,1170.0
equatorial_guinea,1920,113.7087
eritrea,1920,821.8757
estonia,1920,1115.0
ethiopia,1920,18434.0
fiji,1920,157.0
finland,1920,3133.0
france,1920,39000.0
gabon,1920,312.1305
germany,1920,60894.0
ghana,1920,3288.987
greece,1920,5700.0
grenada,1920,66.0
guatemala,1920,1597.0
guinea,1920,1610.9
guinea_bissau,1920,316.7916
guyana,1920,304.0
haiti,1920,2124.0
honduras,1920,720.0
hungary,1920,7950.0
iceland,1920,98.0
india,1920,305600.0
iran,1920,9000.0
iraq,1920,3161.0
ireland,1920,4361.0
israel,1920,455.836
italy,1920,37398.0
jamaica,1920,855.0
japan,1920,55818.0
jordan,1920,240.0
kenya,1920,3737.854
latvia,1920,1845.0
lesotho,1920,403.6705
liberia,1920,516.9035
libya,1920,619.241
liechtenstein,1920,12.0
lithuania,1920,2230.0
luxembourg,1920,269.0
madagascar,1920,2656.031
malawi,1920,1807.28
malaysia,1920,3545.0
maldives,1920,70.0
mali,1920,2150.95
malta,1920,225.0
mauritania,1920,434.0986
mauritius,1920,376.0
mexico,1920,14900.0
monaco,1920,22.0
morocco,1920,5797.281
mozambique,1920,3967.482
myanmar,1920,13096.0
namibia,1920,266.7305
nauru,1920,2.0
netherlands,1920,6848.0
new_zealand,1920,1241.0
nicaragua,1920,640.0
niger,1920,1426.644
nigeria,1920,20911.38
norway,1920,2635.0
pakistan,1920,22812.0
panama,1920,487.0
papua_new_guinea,1920,483.0
paraguay,1920,699.0
peru,1920,4690.0
philippines,1920,10725.0
poland,1920,23968.0
portugal,1920,6029.0
romania,1920,12340.0
rwanda,1920,1356.244
samoa,1920,36.0
san_marino,1920,13.0
sao_tome_and_principe,1920,56.0
senegal,1920,1595.249
seychelles,1920,25.0
sierra_leone,1920,1219.491
singapore,1920,391.0
solomon_is,1920,151.0
somalia,1920,1630.786
south_africa,1920,6825.114
south_korea,1920,11804.0
spain,1920,21232.0
sri_lanka,1920,5250.0
st_kitts_and_nevis,1920,37.0
st_lucia,1920,52.0
st_vincent_and_the_grenadines,1920,44.0
suriname,1920,136.0
swaziland,1920,150.139
sweden,1920,5876.0
switzerland,1920,3877.0
tanzania,1920,4798.922
thailand,1920,9802.0
the_gambia,1920,184.4292
timor_leste,1920,398.0
togo,1920,833.6951
tonga,1920,25.0
trinidad_and_tobago,1920,389.0
tunisia,1920,2265.435
turkey,1920,13877.0
uganda,1920,3172.594
united_kingdom,1920,46821.0
united_states,1920,106881.0
uruguay,1920,1371.0
vanuatu,1920,60.0
venezuela,1920,2992.0
zambia,1920,1513.699
zimbabwe,1920,1510.74
afghanistan,1930,7000.0
albania,1930,982.0
algeria,1930,6452.568
andorra,1930,5.0
angola,1930,3019.823
antigua_and_barbuda,1930,31.0
argentina,1930,11896.0
australia,1930,6469.0
austria,1930,6684.0
bahamas,1930,60.0
bahrain,1930,120.0
bangladesh,1930,34427.0
barbados,1930,174.0
belgium,1930,8076.0
belize,1930,51.0
benin,1930,1459.678
bhutan,1930,250.0
bolivia,1930,2397.0
botswana,1930,279.5294
brazil,1930,33568.0
brunei,1930,30.0
bulgaria,1930,6027.0
burkina_faso,1930,3016.255
burundi,1930,1788.014
cambodia,1930,2806.0
cameroon,1930,3323.212
canada,1930,10488.0
cape_verde,1930,146.0
central_african_republic,1930,995.0689
chad,1930,1839.439
chile,1930,4265.756
china,1930,489000.0
colombia,1930,7914.0
congo,1930,588.2393
congo_drc,1930,9186.081
costa_rica,1930,500.0
cote_d_ivoire,1930,1823.687
cuba,1930,3837.0
cyprus,1930,348.0
denmark,1930,3542.0
djibouti,1930,49.33168
dominica,1930,43.0
dominican_republic,1930,1256.0
ecuador,1930,1944.0
egypt,1930,14679.85
el_salvador,1930,1440.0
equatorial_guinea,1930,129.3862
eritrea,1930,907.8621
estonia,1930,1124.0
ethiopia,1930,18434.0
fiji,1930,198.0
finland,1930,3449.0
france,1930,41610.0
gabon,1930,355.1654
germany,1930,65084.0
ghana,1930,3817.003
greece,1930,6351.0
grenada,1930,79.0
guatemala,1930,1771.0
guinea,1930,1906.682
guinea_bissau,1930,367.6496
guyana,1930,311.0
haiti,1930,2422.0
honduras,1930,950.0
hungary,1930,8649.0
iceland,1930,109.0
india,1930,336400.0
iran,1930,12590.0
iraq,1930,3605.0
ireland,1930,2927.0
israel,1930,588.805
italy,1930,40791.0
jamaica,1930,1009.0
japan,1930,64203.0
jordan,1930,300.0
kenya,1930,4424.171
laos,1930,944.0
latvia,1930,1900.0
lesotho,1930,496.999
liberia,1930,599.8876
libya,1930,691.8368
liechtenstein,1930,12.0
lithuania,1930,2422.0
luxembourg,1930,300.0
madagascar,1930,3082.432
malawi,1930,2097.423
malaysia,1930,4413.0
maldives,1930,79.0
mali,1930,2471.78
malta,1930,241.0
marshall_is,1930,73.0
mauritania,1930,503.7891
mauritius,1930,393.0
mexico,1930,17175.0
monaco,1930,25.0
morocco,1930,6472.49
mozambique,1930,4604.425
myanmar,1930,14515.0
namibia,1930,328.3985
nauru,1930,3.0
nepal,1930,5600.0
netherlands,1930,7884.0
new_zealand,1930,1493.0
nicaragua,1930,680.0
niger,1930,1639.438
nigeria,1930,24494.38
norway,1930,2807.0
panama,1930,515.0
papua_new_guinea,1930,520.0
paraguay,1930,880.0
peru,1930,5480.0
philippines,1930,13194.0
poland,1930,28204.0
portugal,1930,6784.0
romania,1930,14141.0
rwanda,1930,1573.977
samoa,1930,56.0
san_marino,1930,13.0
sao_tome_and_principe,1930,60.0
senegal,1930,1851.352
seychelles,1930,27.0
sierra_leone,1930,1415.269
singapore,1930,596.0
solomon_is,1930,94.0
somalia,1930,1801.402
south_africa,1930,8403.076
south_korea,1930,13900.0
spain,1930,23445.0
sri_lanka,1930,5707.0
st_kitts_and_nevis,1930,36.0
st_lucia,1930,60.0
st_vincent_and_the_grenadines,1930,48.0
suriname,1930,153.0
swaziland,1930,184.8511
sweden,1930,6131.0
switzerland,1930,4051.0
tanzania,1930,5569.345
thailand,1930,12392.0
the_gambia,1930,214.0376
timor_leste,1930,472.0
togo,1930,967.5372
tonga,1930,29.0
trinidad_and_tobago,1930,405.0
tunisia,1930,2529.29
turkey,1930,14928.0
uganda,1930,3755.122
united_kingdom,1930,45866.0
united_states,1930,123668.0
uruguay,1930,1713.0
vanuatu,1930,60.0
venezuela,1930,3300.0
vietnam,1930,17702.0
zambia,1930,1756.71
zimbabwe,1930,1860.022
afghanistan,1940,7000.0
albania,1940,1088.0
algeria,1940,7689.043
angola,1940,3470.252
antigua_and_barbuda,1940,42.0
argentina,1940,14169.0
australia,1940,7042.0
austria,1940,6705.0
bahamas,1940,69.0
bahrain,1940,120.0
bangladesh,1940,41966.0
barbados,1940,194.0
belgium,1940,8346.0
belize,1940,59.0
benin,1940,1677.4
bhutan,1940,250.0
bolivia,1940,2690.0
botswana,1940,341.3618
brazil,1940,41114.0
brunei,1940,41.0
bulgaria,1940,6666.0
burkina_faso,1940,3398.39
burundi,1940,2054.71
cambodia,1940,3046.0
cameroon,1940,3777.105
canada,1940,11688.0
cape_verde,1940,182.0
central_african_republic,1940,1121.136
chad,1940,2072.48
chile,1940,5056.404
china,1940,518770.0
colombia,1940,9174.0
congo,1940,675.9796
congo_drc,1940,10372.6
costa_rica,1940,620.0
cote_d_ivoire,1940,2095.704
cuba,1940,4566.0
cyprus,1940,450.0
denmark,1940,3832.0
djibouti,1940,53.42337
dominica,1940,48.0
dominican_republic,1940,1674.0
ecuador,1940,2466.0
egypt,1940,16812.18
el_salvador,1940,1630.0
equatorial_guinea,1940,145.7784
eritrea,1940,983.1623
estonia,1940,1122.0
ethiopia,1940,18434.0
fiji,1940,260.0
finland,1940,3698.0
france,1940,41000.0
gabon,1940,400.1619
germany,1940,69835.0
ghana,1940,4386.338
greece,1940,7280.0
grenada,1940,90.0
guatemala,1940,2200.0
guinea,1940,2191.077
guinea_bissau,1940,422.4872
guyana,1940,347.0
haiti,1940,2751.0
honduras,1940,1150.0
hungary,1940,9287.0
iceland,1940,121.0
india,1940,386800.0
iran,1940,15000.0
iraq,1940,3700.0
ireland,1940,2958.0
israel,1940,889.866
italy,1940,44341.0
jamaica,1940,1212.0
japan,1940,72967.0
jordan,1940,300.0
kenya,1940,5084.069
laos,1940,1012.0
latvia,1940,1951.0
lesotho,1940,606.9361
liberia,1940,689.3653
libya,1940,792.3301
lithuania,1940,2442.0
luxembourg,1940,301.0
madagascar,1940,3542.2
malawi,1940,2410.269
malaysia,1940,5434.0
maldives,1940,86.0
mali,1940,2812.576
malta,1940,270.0
mauritania,1940,578.933
mauritius,1940,419.0
mexico,1940,20393.0
monaco,1940,24.0
morocco,1940,7712.783
mozambique,1940,5291.209
myanmar,1940,16594.0
namibia,1940,401.0409
nauru,1940,3.0
nepal,1940,5600.0
netherlands,1940,8879.0
new_zealand,1940,1636.0
nicaragua,1940,830.0
niger,1940,1865.475
nigeria,1940,28411.22
norway,1940,2973.0
panama,1940,697.0
paraguay,1940,1111.0
peru,1940,6440.0
philippines,1940,16585.0
poland,1940,30021.0
portugal,1940,7675.0
romania,1940,15907.0
rwanda,1940,1808.747
samoa,1940,68.0
san_marino,1940,15.0
sao_tome_and_principe,1940,61.0
senegal,1940,2127.495
seychelles,1940,32.0
sierra_leone,1940,1626.367
singapore,1940,751.0
solomon_is,1940,95.0
somalia,1940,1950.815
south_africa,1940,10261.85
south_korea,1940,15627.0
spain,1940,25757.0
sri_lanka,1940,6134.0
st_kitts_and_nevis,1940,38.0
st_lucia,1940,70.0
st_vincent_and_the_grenadines,1940,62.0
suriname,1940,184.0
swaziland,1940,225.7405
sweden,1940,6356.0
switzerland,1940,4226.0
tanzania,1940,6400.054
thailand,1940,15513.0
the_gambia,1940,245.9629
timor_leste,1940,451.0
togo,1940,1111.853
tonga,1940,34.0
trinidad_and_tobago,1940,476.0
tunisia,1940,3013.966
turkey,1940,17821.0
uganda,1940,4315.226
united_kingdom,1940,48226.0
united_states,1940,132637.0
uruguay,1940,1965.0
vanuatu,1940,50.0
venezuela,1940,3784.0
vietnam,1940,18972.0
zambia,1940,2018.736
zimbabwe,1940,2271.462
afghanistan,1950,8150.368
albania,1950,1227.156
algeria,1950,8925.443
andorra,1950,6.176
angola,1950,4148.0
antigua_and_barbuda,1950,45.816
argentina,1950,17150.34
armenia,1950,1355.269
australia,1950,8267.337
austria,1950,6935.1
azerbaijan,1950,2885.332
bahamas,1950,70.498
bahrain,1950,114.84
bangladesh,1950,45645.96
barbados,1950,210.666
belarus,1950,7722.155
belgium,1950,8639.369
belize,1950,65.797
benin,1950,2005.0
bhutan,1950,164.0
bolivia,1950,2766.028
bosnia_and_herzegovina,1950,2662.0
botswana,1950,412.827
brazil,1950,53443.07
brunei,1950,44.983
bulgaria,1950,7250.5
burkina_faso,1950,3983.0
burundi,1950,2456.0
cambodia,1950,4471.17
cameroon,1950,4466.0
canada,1950,14011.42
cape_verde,1950,146.403
central_african_republic,1950,1314.0
chad,1950,2429.0
chile,1950,6090.833
china,1950,546815.0
colombia,1950,11591.66
comoros,1950,148.057
congo,1950,808.0
congo_drc,1950,12184.0
costa_rica,1950,866.982
cote_d_ivoire,1950,2505.0
croatia,1950,3837.297
cuba,1950,5784.797
cyprus,1950,494.0
czech_republic,1950,8925.122
denmark,1950,4271.0
djibouti,1950,62.0
dominica,1950,51.423
dominican_republic,1950,2352.968
ecuador,1950,3369.955
egypt,1950,21834.0
el_salvador,1950,1939.8
equatorial_guinea,1950,226.0
eritrea,1950,1141.0
estonia,1950,1095.61
ethiopia,1950,18434.0
fiji,1950,287.348
finland,1950,4008.9
france,1950,42518.0
gabon,1950,469.0
georgia,1950,3515.602
germany,1950,68374.57
ghana,1950,5243.0
greece,1950,7566.028
grenada,1950,75.806
guatemala,1950,2968.976
guinea,1950,2619.0
guinea_bissau,1950,505.0
guyana,1950,427.971
haiti,1950,3097.22
honduras,1950,1431.447
hungary,1950,9338.0
iceland,1950,142.938
india,1950,359000.0
iran,1950,16357.0
iraq,1950,5163.443
ireland,1950,2963.018
israel,1950,1286.131
italy,1950,47105.0
jamaica,1950,1384.55
japan,1950,83805.0
jordan,1950,561.254
kazakhstan,1950,6693.23
kenya,1950,6077.0
kiribati,1950,33.448
kuwait,1950,144.774
kyrgyzstan,1950,1738.961
laos,1950,1885.984
latvia,1950,1936.498
lebanon,1950,1364.03
lesotho,1950,734.0
liberia,1950,824.0
libya,1950,1029.0
liechtenstein,1950,13.5
lithuania,1950,2553.159
luxembourg,1950,295.587
macedonia,1950,1224.627
madagascar,1950,4234.0
malawi,1950,2881.0
malaysia,1950,6433.799
maldives,1950,79.293
mali,1950,3329.0
malta,1950,311.973
marshall_is,1950,10.904
mauritania,1950,692.0
mauritius,1950,481.27
mexico,1950,28485.18
micronesia,1950,30.715
moldova,1950,2336.432
monaco,1950,18.125
mongolia,1950,778.555
montenegro,1950,395.587
morocco,1950,8953.0
mozambique,1950,6324.595
myanmar,1950,19487.66
namibia,1950,485.0
nauru,1950,3.432
nepal,1950,8989.915
netherlands,1950,10113.53
new_zealand,1950,1908.31
nicaragua,1950,1097.916
niger,1950,2208.0
nigeria,1950,33960.0
north_korea,1950,9471.14
norway,1950,3265.126
oman,1950,488.588
pakistan,1950,39448.23
palau,1950,7.251
panama,1950,892.502
papua_new_guinea,1950,1412.466
paraguay,1950,1475.669
peru,1950,7632.5
philippines,1950,21131.26
poland,1950,24824.0
portugal,1950,8442.75
qatar,1950,25.101
romania,1950,16311.0
russia,1950,101936.8
rwanda,1950,2162.0
samoa,1950,81.858
san_marino,1950,12.78
sao_tome_and_principe,1950,59.73
saudi_arabia,1950,3859.801
senegal,1950,2543.0
serbia,1950,6710.261
seychelles,1950,32.903
sierra_leone,1950,1944.0
singapore,1950,1022.1
slovakia,1950,3463.446
slovenia,1950,1467.759
solomon_is,1950,106.647
somalia,1950,2264.0
south_africa,1950,12410.2
south_korea,1950,20845.77
spain,1950,28062.96
sri_lanka,1950,7533.097
st_kitts_and_nevis,1950,44.341
st_lucia,1950,79.05
st_vincent_and_the_grenadines,1950,66.452
suriname,1950,208.068
swaziland,1950,273.0
sweden,1950,7014.005
switzerland,1950,4694.0
syria,1950,3495.0
tajikistan,1950,1530.047
tanzania,1950,7650.0
thailand,1950,20041.63
the_gambia,1950,294.0
timor_leste,1950,442.0
togo,1950,1329.0
tonga,1950,45.744
trinidad_and_tobago,1950,632.0
tunisia,1950,3498.613
turkey,1950,21121.64
turkmenistan,1950,1204.075
tuvalu,1950,4.676
uganda,1950,5158.0
ukraine,1950,36774.85
united_arab_emirates,1950,71.52
united_kingdom,1950,50127.0
united_states,1950,152271.0
uruguay,1950,2194.275
uzbekistan,1950,6292.797
vanuatu,1950,52.0
venezuela,1950,5009.006
vietnam,1950,25348.14
yemen,1950,4777.089
zambia,1950,2413.0
zimbabwe,1950,2747.0
afghanistan,1960,9829.45
albania,1960,1623.114
algeria,1960,10784.0
andorra,1960,8.392
angola,1960,5012.0
antigua_and_barbuda,1960,54.5
argentina,1960,20616.01
armenia,1960,1868.852
australia,1960,10361.27
austria,1960,7047.437
azerbaijan,1960,3881.546
bahamas,1960,112.234
bahrain,1960,156.648
bangladesh,1960,54593.0
barbados,1960,232.339
belarus,1960,8167.918
belgium,1960,9118.7
belize,1960,91.863
benin,1960,2316.0
bhutan,1960,212.0
bolivia,1960,3434.073
bosnia_and_herzegovina,1960,3240.0
botswana,1960,528.827
brazil,1960,71694.81
brunei,1960,83.037
bulgaria,1960,7867.374
burkina_faso,1960,4563.0
burundi,1960,2940.0
cambodia,1960,5761.223
cameroon,1960,5408.0
canada,1960,18266.76
cape_verde,1960,196.768
central_african_republic,1960,1530.0
chad,1960,2967.0
chile,1960,7585.349
china,1960,667070.0
colombia,1960,15952.73
comoros,1960,182.899
congo,1960,1003.0
congo_drc,1960,15451.0
costa_rica,1960,1248.022
cote_d_ivoire,1960,3557.0
croatia,1960,4036.145
cuba,1960,7027.21
cyprus,1960,573.0
czech_republic,1960,9659.818
denmark,1960,4581.0
djibouti,1960,85.0
dominica,1960,60.256
dominican_republic,1960,3231.488
ecuador,1960,4415.956
egypt,1960,27840.0
el_salvador,1960,2581.583
equatorial_guinea,1960,252.0
eritrea,1960,1424.0
estonia,1960,1210.647
ethiopia,1960,22942.0
fiji,1960,393.348
finland,1960,4429.6
france,1960,46584.0
gabon,1960,486.0
georgia,1960,4146.57
germany,1960,72480.87
ghana,1960,7126.0
greece,1960,8327.405
grenada,1960,90.148
guatemala,1960,4100.0
guinea,1960,3118.0
guinea_bissau,1960,554.0
guyana,1960,571.083
haiti,1960,3679.0
honduras,1960,1951.64
hungary,1960,9983.512
iceland,1960,175.86
india,1960,434000.0
iran,1960,21548.0
iraq,1960,6822.03
ireland,1960,2832.0
israel,1960,2141.495
italy,1960,50197.6
jamaica,1960,1631.784
japan,1960,94091.64
jordan,1960,848.515
kazakhstan,1960,9982.014
kenya,1960,8115.0
kiribati,1960,40.732
kuwait,1960,292.229
kyrgyzstan,1960,2171.285
laos,1960,2309.365
latvia,1960,2115.183
lebanon,1960,1786.235
lesotho,1960,849.074
liberia,1960,1052.0
libya,1960,1349.0
liechtenstein,1960,16.426
lithuania,1960,2764.864
luxembourg,1960,313.969
macedonia,1960,1366.198
madagascar,1960,5371.0
malawi,1960,3529.0
malaysia,1960,8428.493
maldives,1960,92.247
mali,1960,4015.0
malta,1960,328.517
marshall_is,1960,15.12
mauritania,1960,892.0
mauritius,1960,663.229
mexico,1960,38578.5
micronesia,1960,41.777
moldova,1960,2998.981
monaco,1960,20.757
mongolia,1960,954.652
montenegro,1960,461.487
morocco,1960,11626.0
mozambique,1960,7528.595
myanmar,1960,22839.0
namibia,1960,599.0
nauru,1960,4.475
nepal,1960,10034.72
netherlands,1960,11486.0
new_zealand,1960,2371.746
nicaragua,1960,1492.698
niger,1960,3053.0
nigeria,1960,42356.0
north_korea,1960,10391.91
norway,1960,3581.239
oman,1960,599.292
pakistan,1960,50386.9
palau,1960,9.482
panama,1960,1147.61
papua_new_guinea,1960,1746.986
paraguay,1960,1909.538
peru,1960,9931.0
philippines,1960,28528.94
poland,1960,29589.84
portugal,1960,9036.7
qatar,1960,46.0
romania,1960,18403.41
russia,1960,119631.6
rwanda,1960,2887.0
samoa,1960,110.043
san_marino,1960,15.406
sao_tome_and_principe,1960,63.403
saudi_arabia,1960,4718.301
senegal,1960,3277.0
serbia,1960,7470.936
seychelles,1960,41.662
sierra_leone,1960,2256.0
singapore,1960,1646.4
slovakia,1960,3994.27
slovenia,1960,1557.756
solomon_is,1960,126.363
somalia,1960,2819.0
south_africa,1960,16003.0
south_korea,1960,24784.14
spain,1960,30641.19
sri_lanka,1960,9913.0
st_kitts_and_nevis,1960,51.112
st_lucia,1960,87.687
st_vincent_and_the_grenadines,1960,81.021
suriname,1960,284.0
swaziland,1960,347.081
sweden,1960,7480.395
switzerland,1960,5362.0
syria,1960,4532.557
tajikistan,1960,2080.556
tanzania,1960,10072.0
thailand,1960,27512.75
the_gambia,1960,360.0
timor_leste,1960,517.0
togo,1960,1572.0
tonga,1960,63.718
trinidad_and_tobago,1960,841.15
tunisia,1960,4221.0
turkey,1960,28217.12
turkmenistan,1960,1584.82
tuvalu,1960,5.264
uganda,1960,6787.0
ukraine,1960,42644.04
united_arab_emirates,1960,103.048
united_kingdom,1960,52372.0
united_states,1960,180671.0
uruguay,1960,2530.969
uzbekistan,1960,8531.032
vanuatu,1960,66.087
venezuela,1960,7556.483
vietnam,1960,31656.28
yemen,1960,5871.831
zambia,1960,3138.0
zimbabwe,1960,3751.0
afghanistan,1970,12430.62
albania,1970,2156.612
algeria,1970,13931.85
andorra,1970,19.545
angola,1970,5605.626
antigua_and_barbuda,1970,65.624
argentina,1970,23962.31
armenia,1970,2519.745
australia,1970,12660.16
austria,1970,7467.086
azerbaijan,1970,5168.973
bahamas,1970,170.323
bahrain,1970,219.543
bangladesh,1970,67331.0
barbados,1970,238.756
belarus,1970,9027.198
belgium,1970,9637.8
belize,1970,122.07
benin,1970,2619.809
bhutan,1970,309.0
bolivia,1970,4346.218
bosnia_and_herzegovina,1970,3703.0
botswana,1970,583.999
brazil,1970,95684.3
brunei,1970,127.554
bulgaria,1970,8489.574
burkina_faso,1970,5303.777
burundi,1970,3521.913
cambodia,1970,7396.0
cameroon,1970,6726.733
canada,1970,21749.99
cape_verde,1970,268.867
central_african_republic,1970,1839.245
chad,1970,3727.0
chile,1970,9368.558
china,1970,818315.0
colombia,1970,21429.66
comoros,1970,236.252
congo,1970,1272.408
congo_drc,1970,21780.96
costa_rica,1970,1735.523
cote_d_ivoire,1970,5579.0
croatia,1970,4205.389
cuba,1970,8542.746
cyprus,1970,614.6
czech_republic,1970,9795.226
denmark,1970,4928.757
djibouti,1970,158.034
dominica,1970,70.764
dominican_republic,1970,4422.755
ecuador,1970,5939.246
egypt,1970,33574.03
el_salvador,1970,3603.907
equatorial_guinea,1970,270.435
eritrea,1970,2160.46
estonia,1970,1363.183
ethiopia,1970,29468.5
fiji,1970,521.0
finland,1970,4606.307
france,1970,51918.0
gabon,1970,514.597
georgia,1970,4694.491
germany,1970,77783.16
ghana,1970,8788.945
greece,1970,8792.806
grenada,1970,95.41
guatemala,1970,5264.0
guinea,1970,3643.0
guinea_bissau,1970,620.02
guyana,1970,714.811
haiti,1970,4541.0
honduras,1970,2760.666
hungary,1970,10337.0
iceland,1970,204.104
india,1970,541000.0
iran,1970,28854.0
iraq,1970,9413.671
ireland,1970,2950.1
israel,1970,2903.434
italy,1970,53661.1
jamaica,1970,1943.787
japan,1970,104345.0
jordan,1970,1502.959
kazakhstan,1970,13106.38
kenya,1970,11247.18
kiribati,1970,48.899
kuwait,1970,747.502
kyrgyzstan,1970,2963.792
laos,1970,2844.851
latvia,1970,2361.159
lebanon,1970,2383.029
lesotho,1970,1067.136
liberia,1970,1396.565
libya,1970,1999.162
liechtenstein,1970,21.103
lithuania,1970,3137.562
luxembourg,1970,339.174
macedonia,1970,1574.407
madagascar,1970,6765.644
malawi,1970,4508.0
malaysia,1970,10910.22
maldives,1970,114.572
mali,1970,5546.0
malta,1970,325.569
marshall_is,1970,21.714
mauritania,1970,1289.42
mauritius,1970,829.511
mexico,1970,52775.16
micronesia,1970,56.822
moldova,1970,3594.517
monaco,1970,23.752
mongolia,1970,1247.6
montenegro,1970,514.472
morocco,1970,15909.27
mozambique,1970,9304.375
myanmar,1970,27393.0
namibia,1970,764.683
nauru,1970,6.7
nepal,1970,11918.68
netherlands,1970,13032.33
new_zealand,1970,2828.05
nicaragua,1970,2052.544
niger,1970,4840.501
nigeria,1970,55586.0
north_korea,1970,13911.9
norway,1970,3877.386
oman,1970,778.536
pakistan,1970,65705.96
palau,1970,12.005
panama,1970,1531.038
papua_new_guinea,1970,2288.056
paraguay,1970,2476.785
peru,1970,13192.8
philippines,1970,38603.7
poland,1970,32526.0
portugal,1970,9044.2
qatar,1970,115.0
romania,1970,20252.54
russia,1970,130245.5
rwanda,1970,3769.171
samoa,1970,142.331
san_marino,1970,19.189
sao_tome_and_principe,1970,73.631
saudi_arabia,1970,6109.051
senegal,1970,4317.891
serbia,1970,8166.726
seychelles,1970,54.106
sierra_leone,1970,2789.306
singapore,1970,2074.507
slovakia,1970,4523.873
slovenia,1970,1675.739
solomon_is,1970,163.0
somalia,1970,3666.949
south_africa,1970,22739.92
south_korea,1970,32241.0
spain,1970,33876.48
sri_lanka,1970,12619.0
st_kitts_and_nevis,1970,46.116
st_lucia,1970,102.704
st_vincent_and_the_grenadines,1970,87.51
suriname,1970,372.0
swaziland,1970,455.145
sweden,1970,8042.803
switzerland,1970,6267.0
syria,1970,6258.053
tajikistan,1970,2938.516
tanzania,1970,13806.87
thailand,1970,37090.87
the_gambia,1970,484.58
timor_leste,1970,609.0
togo,1970,1964.128
tonga,1970,83.1
trinidad_and_tobago,1970,955.0
tunisia,1970,5098.627
turkey,1970,35758.38
turkmenistan,1970,2181.272
tuvalu,1970,5.815
uganda,1970,9743.0
ukraine,1970,47235.7
united_arab_emirates,1970,249.369
united_kingdom,1970,55632.0
united_states,1970,205052.0
uruguay,1970,2823.659
uzbekistan,1970,11940.16
vanuatu,1970,85.4
venezuela,1970,10758.02
vietnam,1970,42576.68
yemen,1970,7098.239
zambia,1970,4251.612
zimbabwe,1970,5514.536
afghanistan,1980,15112.15
albania,1980,2671.412
algeria,1980,18806.06
andorra,1980,33.584
angola,1980,6743.0
antigua_and_barbuda,1980,68.546
argentina,1980,28369.8
armenia,1980,3115.289
australia,1980,14615.9
austria,1980,7549.433
azerbaijan,1980,6173.361
bahamas,1980,209.944
bahrain,1980,347.568
bangladesh,1980,87937.0
barbados,1980,251.966
belarus,1980,9643.706
belgium,1980,9846.8
belize,1980,144.416
benin,1980,3458.0
bhutan,1980,446.0
bolivia,1980,5441.298
bosnia_and_herzegovina,1980,4092.0
botswana,1980,900.476
brazil,1980,123020.0
brunei,1980,185.22
bulgaria,1980,8843.528
burkina_faso,1980,6318.0
burundi,1980,4299.555
cambodia,1980,6888.0
cameroon,1980,8762.0
canada,1980,24593.3
cape_verde,1980,296.042
central_african_republic,1980,2349.0
chad,1980,4522.0
chile,1980,11093.72
china,1980,981861.0
colombia,1980,26631.0
comoros,1980,333.513
congo,1980,1674.005
congo_drc,1980,29013.0
costa_rica,1980,2299.124
cote_d_ivoire,1980,8593.0
croatia,1980,4383.0
cuba,1980,9652.975
cyprus,1980,611.0
czech_republic,1980,10288.73
denmark,1980,5123.027
djibouti,1980,279.149
dominica,1980,74.0
dominican_republic,1980,5696.855
ecuador,1980,7920.499
egypt,1980,42634.21
el_salvador,1980,4566.199
equatorial_guinea,1980,256.009
eritrea,1980,2568.741
estonia,1980,1482.196
ethiopia,1980,36036.0
fiji,1980,634.506
finland,1980,4779.535
france,1980,55110.0
gabon,1980,713.502
georgia,1980,5045.697
germany,1980,78297.9
ghana,1980,11017.0
greece,1980,9642.505
grenada,1980,90.164
guatemala,1980,6650.0
guinea,1980,4447.0
guinea_bissau,1980,789.053
guyana,1980,759.352
haiti,1980,5200.0
honduras,1980,3401.94
hungary,1980,10711.12
iceland,1980,228.161
india,1980,679000.0
iran,1980,39422.0
iraq,1980,13232.84
ireland,1980,3401.0
israel,1980,3737.473
italy,1980,56451.25
jamaica,1980,2228.803
japan,1980,116807.3
jordan,1980,2162.807
kazakhstan,1980,14966.72
kenya,1980,16331.4
kiribati,1980,57.536
kuwait,1980,1369.769
kyrgyzstan,1980,3622.728
laos,1980,3293.159
latvia,1980,2524.543
lebanon,1980,3087.0
lesotho,1980,1345.0
liberia,1980,1848.979
libya,1980,3065.365
liechtenstein,1980,25.074
lithuania,1980,3435.289
luxembourg,1980,364.4
macedonia,1980,1792.0
madagascar,1980,8691.0
malawi,1980,6129.035
malaysia,1980,13764.35
maldives,1980,153.0
mali,1980,6758.0
malta,1980,364.001
marshall_is,1980,30.681
mauritania,1980,1545.0
mauritius,1980,963.701
mexico,1980,68347.48
micronesia,1980,77.08
moldova,1980,3996.278
monaco,1980,26.551
mongolia,1980,1662.38
montenegro,1980,560.0
morocco,1980,19487.27
mozambique,1980,12102.62
myanmar,1980,33373.32
namibia,1980,1058.021
nauru,1980,7.71
nepal,1980,14665.0
netherlands,1980,14143.9
new_zealand,1980,3170.15
nicaragua,1980,2805.321
niger,1980,6093.0
nigeria,1980,74821.0
north_korea,1980,17113.63
norway,1980,4085.62
oman,1980,1174.857
pakistan,1980,85219.12
palau,1980,13.311
panama,1980,1960.0
papua_new_guinea,1980,2991.217
paraguay,1980,3196.0
peru,1980,17295.3
philippines,1980,50940.18
poland,1980,35578.02
portugal,1980,9777.8
qatar,1980,237.0
romania,1980,22130.04
russia,1980,139038.8
rwanda,1980,5138.0
samoa,1980,155.177
san_marino,1980,21.463
sao_tome_and_principe,1980,94.071
saudi_arabia,1980,9999.161
senegal,1980,5787.0
serbia,1980,8955.0
seychelles,1980,66.489
sierra_leone,1980,3335.0
singapore,1980,2413.9
slovakia,1980,4965.958
slovenia,1980,1833.0
solomon_is,1980,233.0
somalia,1980,5794.0
south_africa,1980,29251.59
south_korea,1980,38124.0
spain,1980,37488.36
sri_lanka,1980,15056.0
st_kitts_and_nevis,1980,44.186
st_lucia,1980,122.477
st_vincent_and_the_grenadines,1980,98.139
suriname,1980,354.0
swaziland,1980,611.447
sweden,1980,8310.473
switzerland,1980,6385.229
syria,1980,8773.582
tajikistan,1980,3966.0
tanzania,1980,18665.0
thailand,1980,47025.76
the_gambia,1980,670.523
timor_leste,1980,555.0
togo,1980,2481.375
tonga,1980,91.361
trinidad_and_tobago,1980,1090.513
tunisia,1980,6443.183
turkey,1980,45048.0
turkmenistan,1980,2875.133
tuvalu,1980,7.49
uganda,1980,12415.0
ukraine,1980,50046.65
united_arab_emirates,1980,1000.285
united_kingdom,1980,56314.0
united_states,1980,227726.5
uruguay,1980,2919.851
uzbekistan,1980,15994.0
vanuatu,1980,116.771
venezuela,1980,14767.89
vietnam,1980,53715.2
yemen,1980,9132.545
zambia,1980,5699.777
zimbabwe,1980,7169.968
afghanistan,1990,14669.34
albania,1990,3250.778
algeria,1990,25089.0
andorra,1990,52.837
angola,1990,8297.0
antigua_and_barbuda,1990,64.0
argentina,1990,33036.0
armenia,1990,3376.783
australia,1990,16956.0
austria,1990,7722.953
azerbaijan,1990,7199.838
bahamas,1990,257.253
bahrain,1990,500.476
bangladesh,1990,111437.0
barbados,1990,262.0
belarus,1990,10215.21
belgium,1990,9969.31
belize,1990,190.847
benin,1990,4705.0
bhutan,1990,615.0
bolivia,1990,6573.9
bosnia_and_herzegovina,1990,4423.646
botswana,1990,1265.0
brazil,1990,151170.0
brunei,1990,253.0
bulgaria,1990,8894.028
burkina_faso,1990,8361.0
burundi,1990,5505.113
cambodia,1990,9345.0
cameroon,1990,11884.0
canada,1990,27790.6
cape_verde,1990,349.264
central_african_republic,1990,3085.0
chad,1990,5841.0
chile,1990,13129.0
china,1990,1135185.0
colombia,1990,32957.0
comoros,1990,429.01
congo,1990,2266.0
congo_drc,1990,39047.0
costa_rica,1990,3027.175
cote_d_ivoire,1990,12491.0
croatia,1990,4508.347
cuba,1990,10513.0
cyprus,1990,681.349
czech_republic,1990,10309.51
denmark,1990,5140.954
djibouti,1990,366.088
dominica,1990,70.0
dominican_republic,1990,7083.0
ecuador,1990,10318.04
egypt,1990,56683.0
el_salvador,1990,5099.884
equatorial_guinea,1990,371.0
eritrea,1990,3138.0
estonia,1990,1569.322
ethiopia,1990,48397.0
fiji,1990,738.09
finland,1990,4986.431
france,1990,58168.0
gabon,1990,938.0
georgia,1990,5426.207
germany,1990,79380.39
ghana,1990,15414.0
greece,1990,10129.6
grenada,1990,92.36
guatemala,1990,8966.0
guinea,1990,6118.0
guinea_bissau,1990,995.991
guyana,1990,750.903
haiti,1990,6289.0
honduras,1990,4792.271
hungary,1990,10371.88
iceland,1990,254.719
india,1990,839000.0
iran,1990,56669.0
iraq,1990,18134.7
ireland,1990,3508.2
israel,1990,4478.0
italy,1990,56742.89
jamaica,1990,2347.922
japan,1990,123537.4
jordan,1990,3262.054
kazakhstan,1990,16398.13
kenya,1990,23354.0
kiribati,1990,71.341
kuwait,1990,2142.011
kyrgyzstan,1990,4382.486
laos,1990,4210.452
latvia,1990,2663.59
lebanon,1990,3150.0
lesotho,1990,1721.0
liberia,1990,2116.666
libya,1990,4139.825
liechtenstein,1990,28.796
lithuania,1990,3694.836
luxembourg,1990,382.966
macedonia,1990,1861.361
madagascar,1990,11633.0
malawi,1990,9536.0
malaysia,1990,17507.0
maldives,1990,217.0
mali,1990,8085.0
malta,1990,359.107
marshall_is,1990,45.83
mauritania,1990,1925.0
mauritius,1990,1062.0
mexico,1990,84913.65
micronesia,1990,108.6
moldova,1990,4397.798
monaco,1990,29.972
mongolia,1990,2218.0
montenegro,1990,583.202
morocco,1990,24735.0
mozambique,1990,12667.0
myanmar,1990,39243.0
namibia,1990,1471.314
nauru,1990,9.488
nepal,1990,18918.0
netherlands,1990,14951.51
new_zealand,1990,3414.0
nicaragua,1990,3685.0
niger,1990,7842.0
nigeria,1990,96604.0
north_korea,1990,20018.55
norway,1990,4242.006
oman,1990,1772.974
pakistan,1990,114607.0
palau,1990,15.207
panama,1990,2393.0
papua_new_guinea,1990,3824.787
paraguay,1990,4244.0
peru,1990,21600.0
philippines,1990,65088.0
poland,1990,38119.41
portugal,1990,9922.689
qatar,1990,446.0
romania,1990,22865.94
russia,1990,147973.0
rwanda,1990,6982.0
samoa,1990,172.0
san_marino,1990,23.469
sao_tome_and_principe,1990,119.453
saudi_arabia,1990,16060.76
senegal,1990,8001.0
serbia,1990,9347.973
seychelles,1990,73.439
sierra_leone,1990,4226.0
singapore,1990,3047.1
slovakia,1990,5262.616
slovenia,1990,1991.21
solomon_is,1990,334.524
somalia,1990,6692.0
south_africa,1990,38476.0
south_korea,1990,42869.0
spain,1990,39350.77
sri_lanka,1990,17365.0
st_kitts_and_nevis,1990,42.0
st_lucia,1990,138.0
st_vincent_and_the_grenadines,1990,106.524
suriname,1990,395.0
swaziland,1990,884.616
sweden,1990,8559.0
switzerland,1990,6836.626
syria,1990,12436.05
tajikistan,1990,5272.0
tanzania,1990,25214.0
thailand,1990,55196.72
the_gambia,1990,949.255
timor_leste,1990,748.0
togo,1990,3504.813
tonga,1990,92.073
trinidad_and_tobago,1990,1255.0
tunisia,1990,8211.0
turkey,1990,56561.0
turkmenistan,1990,3658.0
tuvalu,1990,9.168
uganda,1990,17456.0
ukraine,1990,51622.28
united_arab_emirates,1990,1826.0
united_kingdom,1990,57493.31
united_states,1990,250131.9
uruguay,1990,3110.0
uzbekistan,1990,20530.0
vanuatu,1990,153.785
venezuela,1990,19325.22
vietnam,1990,67282.7
yemen,1990,12416.08
zambia,1990,7978.0
zimbabwe,1990,10156.0
afghanistan,2000,23898.2
albania,2000,3473.835
algeria,2000,30429.0
andorra,2000,66.824
angola,2000,10377.0
antigua_and_barbuda,2000,75.0
argentina,2000,37336.0
armenia,2000,3042.556
australia,2000,19053.0
austria,2000,8113.413
azerbaijan,2000,7809.0
bahamas,2000,290.075
bahrain,2000,634.137
bangladesh,2000,136681.0
barbados,2000,274.0
belarus,2000,10366.72
belgium,2000,10263.62
belize,2000,247.887
benin,2000,6619.0
bhutan,2000,606.0
bolivia,2000,8195.0
bosnia_and_herzegovina,2000,4035.457
botswana,2000,1680.0
brazil,2000,176320.0
brunei,2000,325.0
bulgaria,2000,7818.495
burkina_faso,2000,11588.0
burundi,2000,6621.126
cambodia,2000,12396.0
cameroon,2000,15343.0
canada,2000,31100.0
cape_verde,2000,402.0
central_african_republic,2000,3940.0
chad,2000,7943.0
chile,2000,15156.0
china,2000,1262645.0
colombia,2000,39817.0
comoros,2000,579.0
congo,2000,3104.0
congo_drc,2000,51849.0
costa_rica,2000,3710.558
cote_d_ivoire,2000,16885.0
croatia,2000,4410.83
cuba,2000,11106.0
cyprus,2000,758.363
czech_republic,2000,10270.13
denmark,2000,5337.416
djibouti,2000,430.822
dominica,2000,71.0
dominican_republic,2000,8410.0
ecuador,2000,12446.0
egypt,2000,70512.0
el_salvador,2000,6126.0
equatorial_guinea,2000,491.0
eritrea,2000,4197.0
estonia,2000,1379.835
ethiopia,2000,64165.0
fiji,2000,833.0
finland,2000,5168.595
france,2000,61137.0
gabon,2000,1236.0
georgia,2000,4777.209
germany,2000,82187.91
ghana,2000,19736.0
greece,2000,10559.11
grenada,2000,89.312
guatemala,2000,11085.0
guinea,2000,8350.0
guinea_bissau,2000,1279.0
guyana,2000,755.171
haiti,2000,7639.0
honduras,2000,6347.658
hungary,2000,10137.45
iceland,2000,281.043
india,2000,1004124.0
iran,2000,63273.0
iraq,2000,22675.62
ireland,2000,3791.69
israel,2000,6115.0
italy,2000,57719.34
jamaica,2000,2615.467
japan,2000,126179.0
jordan,2000,4998.564
kazakhstan,2000,15032.14
kenya,2000,30508.0
kiribati,2000,91.985
kuwait,2000,1973.572
kyrgyzstan,2000,4851.054
laos,2000,5497.733
latvia,2000,2376.178
lebanon,2000,3581.0
lesotho,2000,2068.0
liberia,2000,2695.0
libya,2000,5115.45
liechtenstein,2000,32.204
lithuania,2000,3654.387
luxembourg,2000,438.777
macedonia,2000,2014.512
madagascar,2000,15742.0
malawi,2000,11560.0
malaysia,2000,21804.0
maldives,2000,300.0
mali,2000,10049.0
malta,2000,389.947
marshall_is,2000,53.064
mauritania,2000,2501.0
mauritius,2000,1186.0
mexico,2000,99926.62
micronesia,2000,107.754
moldova,2000,4430.654
monaco,2000,31.693
mongolia,2000,2664.0
montenegro,2000,732.302
morocco,2000,30184.0
mozambique,2000,18125.0
myanmar,2000,44301.0
namibia,2000,1893.0
nauru,2000,11.845
nepal,2000,24818.0
netherlands,2000,15907.85
new_zealand,2000,3802.0
nicaragua,2000,4935.0
niger,2000,10951.0
nigeria,2000,123179.0
north_korea,2000,21263.0
norway,2000,4492.4
oman,2000,2534.0
pakistan,2000,146405.0
palau,2000,18.766
panama,2000,2900.0
papua_new_guinea,2000,4934.0
paraguay,2000,5592.0
peru,2000,26087.0
philippines,2000,81222.0
poland,2000,38654.16
portugal,2000,10335.6
qatar,2000,627.0
romania,2000,22451.92
russia,2000,146710.0
rwanda,2000,8278.0
samoa,2000,197.0
san_marino,2000,26.937
sao_tome_and_principe,2000,159.883
saudi_arabia,2000,23147.0
senegal,2000,10678.0
serbia,2000,10117.91
seychelles,2000,79.326
sierra_leone,2000,4816.0
singapore,2000,4036.753
slovakia,2000,5400.32
slovenia,2000,2010.557
solomon_is,2000,466.194
somalia,2000,7386.0
south_africa,2000,45064.0
south_korea,2000,46839.0
spain,2000,40016.08
sri_lanka,2000,19436.0
st_kitts_and_nevis,2000,38.819
st_lucia,2000,153.0
st_vincent_and_the_grenadines,2000,108.0
suriname,2000,432.0
swaziland,2000,1109.75
sweden,2000,8872.0
switzerland,2000,7266.92
syria,2000,16305.66
tajikistan,2000,6230.0
tanzania,2000,33712.0
thailand,2000,61862.93
the_gambia,2000,1367.884
timor_leste,2000,846.599
togo,2000,4711.655
tonga,2000,102.321
trinidad_and_tobago,2000,1252.0
tunisia,2000,9568.0
turkey,2000,67329.0
turkmenistan,2000,4385.0
tuvalu,2000,10.838
uganda,2000,23956.0
ukraine,2000,49007.56
united_arab_emirates,2000,3219.0
united_kingdom,2000,59522.47
united_states,2000,282158.0
uruguay,2000,3328.0
uzbekistan,2000,25042.0
vanuatu,2000,189.618
venezuela,2000,23493.0
vietnam,2000,79060.41
yemen,2000,17495.0
zambia,2000,10205.0
zimbabwe,2000,11820.0
