country,year,number_of_labour_disputes
argentina,1927,56
australia,1927,441
austria,1927,216
belgium,1927,186
bulgaria,1927,23
canada,1927,74
china,1927,117
denmark,1927,17
estonia,1927,5
finland,1927,79
france,1927,404
germany,1927,871
hungary,1927,84
india,1927,129
ireland,1927,53
israel,1927,20
italy,1927,169
japan,1927,383
latvia,1927,95
netherlands,1927,230
new_zealand,1927,38
norway,1927,96
philippines,1927,53
poland,1927,625
romania,1927,51
south_africa,1927,12
spain,1927,107
sweden,1927,189
switzerland,1927,26
united_kingdom,1927,308
united_states,1927,734
uruguay,1927,13
argentina,1928,137
australia,1928,287
austria,1928,266
belgium,1928,192
bulgaria,1928,21
canada,1928,98
china,1928,118
denmark,1928,11
estonia,1928,5
finland,1928,71
france,1928,823
germany,1928,763
hungary,1928,31
india,1928,203
ireland,1928,52
israel,1928,22
italy,1928,77
japan,1928,397
latvia,1928,179
netherlands,1928,205
new_zealand,1928,39
norway,1928,63
philippines,1928,38
poland,1928,776
romania,1928,57
south_africa,1928,10
spain,1928,87
sweden,1928,201
switzerland,1928,45
united_kingdom,1928,302
united_states,1928,629
uruguay,1928,3
argentina,1929,116
australia,1929,259
austria,1929,226
belgium,1929,168
bulgaria,1929,36
canada,1929,90
china,1929,108
denmark,1929,22
estonia,1929,16
finland,1929,26
france,1929,1217
germany,1929,441
hungary,1929,63
india,1929,141
ireland,1929,53
israel,1929,45
italy,1929,83
japan,1929,576
latvia,1929,362
mexico,1929,14
netherlands,1929,226
new_zealand,1929,47
norway,1929,73
philippines,1929,26
poland,1929,510
romania,1929,127
south_africa,1929,10
spain,1929,96
sweden,1929,180
switzerland,1929,39
united_kingdom,1929,431
united_states,1929,921
uruguay,1929,31
argentina,1930,127
australia,1930,183
austria,1930,88
belgium,1930,93
bulgaria,1930,15
canada,1930,67
china,1930,87
denmark,1930,37
estonia,1930,7
finland,1930,11
france,1930,1097
germany,1930,366
hungary,1930,35
india,1930,148
ireland,1930,83
israel,1930,22
italy,1930,82
japan,1930,906
latvia,1930,38
mexico,1930,15
netherlands,1930,212
new_zealand,1930,38
norway,1930,94
philippines,1930,36
poland,1930,330
romania,1930,101
south_africa,1930,12
spain,1930,402
sweden,1930,261
switzerland,1930,31
united_kingdom,1930,422
united_states,1930,637
uruguay,1930,8
argentina,1931,42
australia,1931,134
austria,1931,68
belgium,1931,74
bulgaria,1931,34
canada,1931,88
china,1931,122
denmark,1931,16
estonia,1931,3
finland,1931,1
france,1931,288
germany,1931,504
hungary,1931,38
india,1931,166
ireland,1931,60
israel,1931,31
italy,1931,67
japan,1931,998
latvia,1931,42
mexico,1931,11
netherlands,1931,215
new_zealand,1931,24
norway,1931,82
philippines,1931,45
poland,1931,363
romania,1931,71
south_africa,1931,19
spain,1931,734
sweden,1931,193
switzerland,1931,25
united_kingdom,1931,420
united_states,1931,810
uruguay,1931,56
argentina,1932,122
australia,1932,127
austria,1932,33
belgium,1932,63
bulgaria,1932,19
canada,1932,116
chile,1932,6
china,1932,82
denmark,1932,17
estonia,1932,4
finland,1932,3
france,1932,362
germany,1932,642
hungary,1932,20
india,1932,118
ireland,1932,70
israel,1932,51
italy,1932,23
japan,1932,893
latvia,1932,139
mexico,1932,56
netherlands,1932,216
new_zealand,1932,23
norway,1932,91
philippines,1932,31
poland,1932,517
romania,1932,102
south_africa,1932,12
spain,1932,681
sweden,1932,182
switzerland,1932,38
united_kingdom,1932,389
united_states,1932,841
uruguay,1932,6
argentina,1933,52
australia,1933,90
austria,1933,27
belgium,1933,87
bulgaria,1933,85
canada,1933,125
chile,1933,10
china,1933,88
denmark,1933,26
estonia,1933,8
finland,1933,4
france,1933,343
hungary,1933,31
india,1933,146
ireland,1933,88
israel,1933,45
italy,1933,34
japan,1933,610
latvia,1933,246
mexico,1933,13
netherlands,1933,184
new_zealand,1933,15
norway,1933,93
philippines,1933,59
poland,1933,649
romania,1933,58
south_africa,1933,10
spain,1933,1127
sweden,1933,140
switzerland,1933,35
united_kingdom,1933,357
united_states,1933,1695
uruguay,1933,6
argentina,1934,42
australia,1934,155
austria,1934,4
belgium,1934,79
bulgaria,1934,48
canada,1934,191
chile,1934,13
china,1934,73
denmark,1934,38
estonia,1934,10
finland,1934,46
france,1934,385
hungary,1934,49
india,1934,159
ireland,1934,99
israel,1934,41
italy,1934,38
japan,1934,626
latvia,1934,35
mexico,1934,202
netherlands,1934,152
new_zealand,1934,24
norway,1934,85
philippines,1934,63
poland,1934,957
romania,1934,72
south_africa,1934,12
spain,1934,594
sweden,1934,103
switzerland,1934,20
united_kingdom,1934,471
united_states,1934,1856
uruguay,1934,17
argentina,1935,69
australia,1935,183
austria,1935,3
belgium,1935,150
bulgaria,1935,2
canada,1935,120
chile,1935,30
china,1935,95
denmark,1935,14
estonia,1935,27
finland,1935,23
france,1935,376
hungary,1935,50
india,1935,145
ireland,1935,99
israel,1935,57
italy,1935,43
japan,1935,590
latvia,1935,3
mexico,1935,642
netherlands,1935,152
new_zealand,1935,12
norway,1935,103
philippines,1935,23
poland,1935,1187
romania,1935,84
south_africa,1935,17
spain,1935,0
sweden,1935,98
switzerland,1935,17
united_kingdom,1935,553
united_states,1935,2014
uruguay,1935,2
argentina,1936,109
australia,1936,235
austria,1936,5
belgium,1936,999
bulgaria,1936,9
canada,1936,156
chile,1936,20
china,1936,128
denmark,1936,12
estonia,1936,16
finland,1936,29
france,1936,17091
hungary,1936,122
india,1936,157
ireland,1936,107
israel,1936,15
japan,1936,547
latvia,1936,0
mexico,1936,674
netherlands,1936,96
new_zealand,1936,43
norway,1936,175
philippines,1936,51
poland,1936,2074
romania,1936,90
south_africa,1936,20
spain,1936,0
sweden,1936,60
switzerland,1936,41
united_kingdom,1936,818
united_states,1936,2172
argentina,1937,82
australia,1937,342
austria,1937,5
belgium,1937,209
bulgaria,1937,0
canada,1937,278
chile,1937,21
china,1937,128
denmark,1937,22
estonia,1937,5
finland,1937,37
france,1937,2616
hungary,1937,89
india,1937,379
ireland,1937,145
israel,1937,44
japan,1937,628
latvia,1937,0
mexico,1937,576
netherlands,1937,95
new_zealand,1937,52
norway,1937,195
philippines,1937,57
poland,1937,2107
romania,1937,70
south_africa,1937,34
spain,1937,0
sweden,1937,67
switzerland,1937,37
united_kingdom,1937,1129
united_states,1937,4740
uruguay,1937,23
argentina,1938,44
australia,1938,376
austria,1938,0
belgium,1938,126
bulgaria,1938,0
canada,1938,147
chile,1938,15
china,1938,213
denmark,1938,22
estonia,1938,6
finland,1938,31
france,1938,1220
hungary,1938,64
india,1938,399
ireland,1938,137
israel,1938,74
japan,1938,262
latvia,1938,0
mexico,1938,319
netherlands,1938,141
new_zealand,1938,72
norway,1938,248
philippines,1938,125
poland,1938,1477
romania,1938,26
south_africa,1938,19
spain,1938,0
sweden,1938,85
switzerland,1938,17
united_kingdom,1938,875
united_states,1938,2772
argentina,1939,49
australia,1939,416
belgium,1939,68
canada,1939,122
chile,1939,26
denmark,1939,19
finland,1939,29
hungary,1939,53
india,1939,406
ireland,1939,99
israel,1939,103
japan,1939,294
latvia,1939,0
mexico,1939,303
netherlands,1939,90
new_zealand,1939,66
norway,1939,81
philippines,1939,222
romania,1939,0
south_africa,1939,20
sri_lanka,1939,22
sweden,1939,45
switzerland,1939,7
united_kingdom,1939,940
united_states,1939,2613
uruguay,1939,20
argentina,1940,53
australia,1940,350
belgium,1940,43
canada,1940,168
chile,1940,45
denmark,1940,9
finland,1940,4
hungary,1940,35
india,1940,322
ireland,1940,89
israel,1940,85
japan,1940,240
latvia,1940,0
mexico,1940,357
netherlands,1940,23
new_zealand,1940,57
philippines,1940,158
romania,1940,0
south_africa,1940,24
sri_lanka,1940,44
sweden,1940,38
switzerland,1940,6
united_kingdom,1940,922
united_states,1940,2508
uruguay,1940,13
argentina,1941,54
australia,1941,567
belgium,1941,0
canada,1941,231
chile,1941,31
denmark,1941,2
finland,1941,12
hungary,1941,3
india,1941,359
ireland,1941,71
israel,1941,80
latvia,1941,0
mexico,1941,142
new_zealand,1941,89
philippines,1941,67
romania,1941,0
south_africa,1941,24
sri_lanka,1941,42
sweden,1941,34
switzerland,1941,15
united_kingdom,1941,1251
united_states,1941,4288
uruguay,1941,17
argentina,1942,113
australia,1942,602
belgium,1942,0
canada,1942,354
chile,1942,19
denmark,1942,7
hungary,1942,7
india,1942,694
ireland,1942,69
israel,1942,109
latvia,1942,0
mexico,1942,98
new_zealand,1942,65
romania,1942,0
south_africa,1942,58
sri_lanka,1942,22
sweden,1942,139
switzerland,1942,19
united_kingdom,1942,1303
united_states,1942,2968
uruguay,1942,17
argentina,1943,85
australia,1943,785
belgium,1943,0
canada,1943,402
chile,1943,127
denmark,1943,17
hungary,1943,8
india,1943,716
ireland,1943,81
israel,1943,147
latvia,1943,0
mexico,1943,766
new_zealand,1943,69
romania,1943,0
south_africa,1943,52
sri_lanka,1943,53
sweden,1943,167
switzerland,1943,19
united_kingdom,1943,1785
united_states,1943,3752
uruguay,1943,14
argentina,1944,27
australia,1944,941
belgium,1944,0
canada,1944,199
chile,1944,91
denmark,1944,34
hungary,1944,0
india,1944,658
ireland,1944,84
israel,1944,119
mexico,1944,887
new_zealand,1944,149
south_africa,1944,53
sri_lanka,1944,92
sweden,1944,214
switzerland,1944,18
united_kingdom,1944,2194
united_states,1944,4956
uruguay,1944,6
argentina,1945,47
australia,1945,945
belgium,1945,160
canada,1945,197
chile,1945,148
denmark,1945,35
finland,1945,102
hungary,1945,9
india,1945,820
ireland,1945,87
israel,1945,119
jamaica,1945,154
mexico,1945,220
netherlands,1945,118
new_zealand,1945,154
norway,1945,16
philippines,1945,5
south_africa,1945,62
sri_lanka,1945,81
sweden,1945,163
switzerland,1945,35
united_kingdom,1945,2293
united_states,1945,4750
argentina,1946,142
australia,1946,869
belgium,1946,287
canada,1946,228
chile,1946,196
denmark,1946,59
finland,1946,42
france,1946,528
hungary,1946,17
india,1946,1629
ireland,1946,105
israel,1946,129
jamaica,1946,110
japan,1946,702
netherlands,1946,270
new_zealand,1946,96
norway,1946,39
philippines,1946,69
south_africa,1946,54
sri_lanka,1946,156
sweden,1946,137
switzerland,1946,55
united_kingdom,1946,2205
united_states,1946,4985
argentina,1947,64
australia,1947,982
belgium,1947,473
canada,1947,236
chile,1947,164
denmark,1947,29
finland,1947,228
france,1947,2285
hungary,1947,5
india,1947,1811
ireland,1947,194
jamaica,1947,27
japan,1947,464
netherlands,1947,272
new_zealand,1947,134
norway,1947,47
philippines,1947,93
south_africa,1947,80
sri_lanka,1947,105
sweden,1947,81
switzerland,1947,29
united_kingdom,1947,1721
united_states,1947,3693
argentina,1948,103
australia,1948,1141
belgium,1948,155
canada,1948,154
chile,1948,40
denmark,1948,24
finland,1948,84
france,1948,1425
india,1948,1259
ireland,1948,147
israel,1948,45
jamaica,1948,23
japan,1948,744
myanmar,1948,11
netherlands,1948,183
new_zealand,1948,101
norway,1948,58
philippines,1948,212
singapore,1948,20
south_africa,1948,45
sri_lanka,1948,53
sweden,1948,47
switzerland,1948,28
thailand,1948,1
united_kingdom,1948,1759
united_states,1948,3419
argentina,1949,36
australia,1949,849
belgium,1949,99
canada,1949,137
chile,1949,50
denmark,1949,17
finland,1949,48
france,1949,1426
india,1949,920
ireland,1949,153
israel,1949,53
italy,1949,1159
jamaica,1949,7
japan,1949,554
myanmar,1949,5
netherlands,1949,116
new_zealand,1949,123
norway,1949,47
pakistan,1949,72
philippines,1949,247
singapore,1949,3
south_africa,1949,37
sri_lanka,1949,94
sweden,1949,31
switzerland,1949,12
thailand,1949,3
united_kingdom,1949,1426
united_states,1949,3606
argentina,1950,30
australia,1950,1276
belgium,1950,122
canada,1950,161
chile,1950,218
denmark,1950,18
egypt,1950,49
finland,1950,78
france,1950,2586
greece,1950,206
india,1950,814
ireland,1950,154
israel,1950,72
italy,1950,1250
jamaica,1950,58
japan,1950,584
madagascar,1950,1
myanmar,1950,9
netherlands,1950,79
new_zealand,1950,129
norway,1950,30
pakistan,1950,32
philippines,1950,228
singapore,1950,1
south_africa,1950,33
sri_lanka,1950,110
sweden,1950,23
switzerland,1950,6
thailand,1950,2
united_kingdom,1950,1339
united_states,1950,4843
argentina,1951,23
australia,1951,1344
belgium,1951,163
canada,1951,259
chile,1951,193
denmark,1951,12
egypt,1951,76
finland,1951,67
france,1951,2514
greece,1951,184
haiti,1951,3
india,1951,1071
ireland,1951,138
israel,1951,76
italy,1951,1178
jamaica,1951,53
japan,1951,576
kenya,1951,57
madagascar,1951,4
malta,1951,0
morocco,1951,31
myanmar,1951,23
netherlands,1951,85
new_zealand,1951,109
norway,1951,28
pakistan,1951,64
philippines,1951,285
singapore,1951,4
south_africa,1951,40
sri_lanka,1951,102
sweden,1951,28
switzerland,1951,8
tanzania,1951,73
thailand,1951,1
trinidad_and_tobago,1951,13
united_kingdom,1951,1719
united_states,1951,4737
argentina,1952,14
australia,1952,1627
belgium,1952,122
canada,1952,222
chile,1952,215
cyprus,1952,23
denmark,1952,9
fiji,1952,2
finland,1952,43
france,1952,1749
greece,1952,114
haiti,1952,1
india,1952,963
ireland,1952,82
israel,1952,94
italy,1952,1558
jamaica,1952,42
japan,1952,590
kenya,1952,84
madagascar,1952,15
malta,1952,4
morocco,1952,66
myanmar,1952,28
netherlands,1952,40
new_zealand,1952,50
norway,1952,40
pakistan,1952,95
philippines,1952,310
singapore,1952,5
south_africa,1952,55
sri_lanka,1952,75
sweden,1952,32
switzerland,1952,8
tanzania,1952,82
thailand,1952,3
trinidad_and_tobago,1952,5
united_kingdom,1952,1714
united_states,1952,5117
zambia,1952,114
argentina,1953,40
australia,1953,1459
barbados,1953,2
belgium,1953,115
cameroon,1953,30
canada,1953,174
chile,1953,208
cyprus,1953,19
denmark,1953,8
egypt,1953,11
fiji,1953,3
finland,1953,104
france,1953,1761
greece,1953,196
grenada,1953,1
haiti,1953,0
india,1953,772
ireland,1953,75
israel,1953,84
italy,1953,1412
jamaica,1953,18
japan,1953,611
kenya,1953,39
luxembourg,1953,1
madagascar,1953,21
malaysia,1953,48
malta,1953,0
mexico,1953,167
myanmar,1953,18
netherlands,1953,58
new_zealand,1953,73
norway,1953,55
pakistan,1953,86
philippines,1953,13
singapore,1953,4
south_africa,1953,32
south_korea,1953,2
sri_lanka,1953,87
sweden,1953,20
switzerland,1953,6
tanzania,1953,61
thailand,1953,5
trinidad_and_tobago,1953,7
uganda,1953,53
united_kingdom,1953,1746
united_states,1953,5091
zambia,1953,94
argentina,1954,18
australia,1954,1490
barbados,1954,3
belgium,1954,107
cameroon,1954,50
canada,1954,174
chile,1954,364
congo_drc,1954,4
cyprus,1954,24
denmark,1954,20
egypt,1954,5
equatorial_guinea,1954,4
fiji,1954,2
finland,1954,36
france,1954,1479
greece,1954,172
grenada,1954,1
haiti,1954,2
india,1954,840
ireland,1954,81
israel,1954,82
italy,1954,1990
jamaica,1954,25
japan,1954,647
kenya,1954,33
luxembourg,1954,1
madagascar,1954,14
malaysia,1954,78
malta,1954,2
mauritius,1954,1
mexico,1954,93
myanmar,1954,8
netherlands,1954,91
new_zealand,1954,61
nigeria,1954,33
norway,1954,27
pakistan,1954,107
philippines,1954,53
singapore,1954,8
south_africa,1954,60
south_korea,1954,10
sri_lanka,1954,114
suriname,1954,3
sweden,1954,45
switzerland,1954,6
tanzania,1954,43
thailand,1954,2
trinidad_and_tobago,1954,5
uganda,1954,59
united_kingdom,1954,1989
united_states,1954,3468
vietnam,1954,32
zambia,1954,143
zimbabwe,1954,36
argentina,1955,21
australia,1955,1532
austria,1955,136
barbados,1955,3
belgium,1955,143
cameroon,1955,25
canada,1955,159
chile,1955,274
congo_drc,1955,14
cyprus,1955,16
denmark,1955,13
egypt,1955,7
equatorial_guinea,1955,14
fiji,1955,6
finland,1955,72
france,1955,2672
ghana,1955,35
greece,1955,210
grenada,1955,0
haiti,1955,0
india,1955,1166
ireland,1955,96
israel,1955,87
italy,1955,1981
jamaica,1955,28
japan,1955,659
kenya,1955,35
luxembourg,1955,1
madagascar,1955,7
malaysia,1955,72
malta,1955,3
mauritius,1955,0
mexico,1955,135
myanmar,1955,7
netherlands,1955,63
new_zealand,1955,65
nigeria,1955,30
norway,1955,22
pakistan,1955,75
philippines,1955,47
sierra_leone,1955,2
singapore,1955,275
south_africa,1955,102
south_korea,1955,20
sri_lanka,1955,107
suriname,1955,1
sweden,1955,18
switzerland,1955,4
tanzania,1955,42
trinidad_and_tobago,1955,3
tunisia,1955,168
uganda,1955,75
united_kingdom,1955,2419
united_states,1955,4320
vietnam,1955,15
zambia,1955,49
zimbabwe,1955,54
argentina,1956,50
australia,1956,1306
austria,1956,89
barbados,1956,9
belgium,1956,148
belize,1956,3
cameroon,1956,6
canada,1956,229
central_african_republic,1956,5
chile,1956,147
congo_drc,1956,15
cyprus,1956,14
denmark,1956,98
egypt,1956,4
equatorial_guinea,1956,15
fiji,1956,2
finland,1956,43
france,1956,2440
ghana,1956,25
grenada,1956,1
india,1956,1203
ireland,1956,67
israel,1956,74
italy,1956,1904
jamaica,1956,15
japan,1956,646
kenya,1956,39
luxembourg,1956,0
madagascar,1956,8
malaysia,1956,213
malta,1956,3
mauritius,1956,1
mexico,1956,159
morocco,1956,1987
myanmar,1956,2
netherlands,1956,80
new_zealand,1956,50
nigeria,1956,30
norway,1956,27
pakistan,1956,150
philippines,1956,81
sierra_leone,1956,2
singapore,1956,29
south_africa,1956,105
south_korea,1956,18
sri_lanka,1956,214
suriname,1956,4
sweden,1956,12
switzerland,1956,5
tanzania,1956,54
thailand,1956,12
trinidad_and_tobago,1956,6
tunisia,1956,252
uganda,1956,56
united_kingdom,1956,2648
united_states,1956,3825
vietnam,1956,25
zambia,1956,110
zimbabwe,1956,97
argentina,1957,56
australia,1957,1103
barbados,1957,24
belgium,1957,115
belize,1957,1
burkina_faso,1957,5
cameroon,1957,9
canada,1957,249
chad,1957,7
chile,1957,80
cote_d_ivoire,1957,32
cyprus,1957,39
denmark,1957,14
egypt,1957,11
el_salvador,1957,0
equatorial_guinea,1957,31
fiji,1957,3
finland,1957,88
france,1957,2623
gabon,1957,10
ghana,1957,45
greece,1957,169
grenada,1957,1
india,1957,1630
ireland,1957,45
israel,1957,59
italy,1957,1731
jamaica,1957,105
japan,1957,830
kenya,1957,77
luxembourg,1957,0
madagascar,1957,16
malaysia,1957,113
malta,1957,4
mauritius,1957,1
mexico,1957,193
morocco,1957,118
myanmar,1957,9
netherlands,1957,37
new_zealand,1957,51
nigeria,1957,49
norway,1957,18
pakistan,1957,150
peru,1957,161
philippines,1957,59
sierra_leone,1957,3
singapore,1957,27
south_africa,1957,119
south_korea,1957,45
sri_lanka,1957,304
suriname,1957,2
sweden,1957,17
switzerland,1957,2
tanzania,1957,114
thailand,1957,22
trinidad_and_tobago,1957,6
tunisia,1957,63
uganda,1957,35
united_kingdom,1957,2859
united_states,1957,3673
vietnam,1957,20
zambia,1957,76
zimbabwe,1957,66
algeria,1958,2
argentina,1958,84
australia,1958,987
belgium,1958,43
belize,1958,1
burkina_faso,1958,9
cameroon,1958,6
canada,1958,262
central_african_republic,1958,14
chad,1958,3
chile,1958,120
costa_rica,1958,3
cyprus,1958,15
denmark,1958,15
egypt,1958,3
el_salvador,1958,1
fiji,1958,1
finland,1958,50
france,1958,954
gabon,1958,7
ghana,1958,50
greece,1958,113
grenada,1958,4
guinea,1958,43
honduras,1958,12
india,1958,1524
ireland,1958,51
israel,1958,48
italy,1958,1937
jamaica,1958,61
japan,1958,903
kenya,1958,96
luxembourg,1958,0
madagascar,1958,7
malaysia,1958,69
malta,1958,1
mauritius,1958,2
mexico,1958,740
morocco,1958,220
myanmar,1958,11
netherlands,1958,73
new_zealand,1958,49
nigeria,1958,48
norway,1958,16
pakistan,1958,93
peru,1958,213
philippines,1958,59
sierra_leone,1958,7
singapore,1958,22
south_africa,1958,74
south_korea,1958,39
sri_lanka,1958,219
suriname,1958,1
sweden,1958,10
switzerland,1958,3
tanzania,1958,153
thailand,1958,4
trinidad_and_tobago,1958,6
tunisia,1958,45
uganda,1958,44
united_kingdom,1958,2629
united_states,1958,3694
venezuela,1958,15
vietnam,1958,19
zambia,1958,40
zimbabwe,1958,102
algeria,1959,9
argentina,1959,45
australia,1959,869
barbados,1959,4
belgium,1959,57
belize,1959,3
burkina_faso,1959,8
cameroon,1959,2
canada,1959,218
central_african_republic,1959,4
chad,1959,5
chile,1959,204
costa_rica,1959,2
cote_d_ivoire,1959,14
cyprus,1959,20
denmark,1959,23
egypt,1959,44
el_salvador,1959,2
fiji,1959,9
finland,1959,49
france,1959,1512
gabon,1959,16
ghana,1959,20
greece,1959,100
grenada,1959,2
guinea,1959,15
honduras,1959,0
india,1959,1531
ireland,1959,58
israel,1959,51
italy,1959,1925
jamaica,1959,67
japan,1959,887
kenya,1959,67
luxembourg,1959,2
madagascar,1959,12
malaysia,1959,39
mali,1959,2
malta,1959,6
mauritius,1959,6
mexico,1959,379
morocco,1959,365
myanmar,1959,3
netherlands,1959,48
new_zealand,1959,73
nigeria,1959,51
norway,1959,18
pakistan,1959,29
peru,1959,233
philippines,1959,59
senegal,1959,5
sierra_leone,1959,5
singapore,1959,40
south_africa,1959,46
south_korea,1959,96
sri_lanka,1959,248
sweden,1959,17
switzerland,1959,4
tanzania,1959,205
thailand,1959,11
togo,1959,2
tunisia,1959,21
uganda,1959,64
united_kingdom,1959,2093
united_states,1959,3708
venezuela,1959,15
vietnam,1959,27
zambia,1959,23
zimbabwe,1959,84
algeria,1960,17
antigua_and_barbuda,1960,1
argentina,1960,26
australia,1960,1145
barbados,1960,0
belgium,1960,61
belize,1960,1
burkina_faso,1960,6
cameroon,1960,3
canada,1960,274
central_african_republic,1960,10
chile,1960,257
cote_d_ivoire,1960,30
cyprus,1960,23
denmark,1960,82
fiji,1960,15
finland,1960,44
france,1960,1494
gabon,1960,31
ghana,1960,51
greece,1960,135
grenada,1960,5
guinea,1960,23
honduras,1960,1
iceland,1960,3
india,1960,1583
ireland,1960,49
israel,1960,135
italy,1960,2471
jamaica,1960,69
japan,1960,1063
kenya,1960,232
luxembourg,1960,0
madagascar,1960,13
malaysia,1960,37
mali,1960,0
malta,1960,8
mauritius,1960,12
mexico,1960,377
morocco,1960,269
myanmar,1960,13
netherlands,1960,121
new_zealand,1960,60
nigeria,1960,54
norway,1960,12
pakistan,1960,42
peru,1960,285
philippines,1960,43
senegal,1960,4
sierra_leone,1960,2
singapore,1960,45
south_africa,1960,42
south_korea,1960,256
sri_lanka,1960,160
st_lucia,1960,1
suriname,1960,1
sweden,1960,31
switzerland,1960,8
tanzania,1960,203
thailand,1960,2
togo,1960,0
trinidad_and_tobago,1960,31
tunisia,1960,11
uganda,1960,53
united_kingdom,1960,2832
united_states,1960,3333
venezuela,1960,36
vietnam,1960,21
zambia,1960,61
zimbabwe,1960,181
antigua_and_barbuda,1961,7
argentina,1961,43
australia,1961,815
barbados,1961,0
belgium,1961,38
belize,1961,1
burkina_faso,1961,4
canada,1961,287
central_african_republic,1961,4
chad,1961,17
chile,1961,262
congo_drc,1961,7
cote_d_ivoire,1961,11
cyprus,1961,25
denmark,1961,34
fiji,1961,8
finland,1961,51
france,1961,1963
gabon,1961,17
ghana,1961,40
greece,1961,115
grenada,1961,17
honduras,1961,0
iceland,1961,70
india,1961,1357
ireland,1961,96
israel,1961,125
italy,1961,3502
jamaica,1961,53
japan,1961,1401
kenya,1961,167
luxembourg,1961,0
madagascar,1961,8
malaysia,1961,58
mali,1961,1
malta,1961,3
mauritius,1961,1
mexico,1961,373
morocco,1961,383
myanmar,1961,17
netherlands,1961,43
new_zealand,1961,71
nigeria,1961,62
norway,1961,19
pakistan,1961,56
paraguay,1961,3
peru,1961,341
philippines,1961,66
senegal,1961,0
sierra_leone,1961,4
singapore,1961,116
south_africa,1961,81
south_korea,1961,122
sri_lanka,1961,129
st_lucia,1961,0
suriname,1961,5
sweden,1961,12
switzerland,1961,0
tanzania,1961,101
thailand,1961,2
togo,1961,1
trinidad_and_tobago,1961,35
tunisia,1961,23
uganda,1961,72
united_kingdom,1961,2686
united_states,1961,3367
venezuela,1961,14
vietnam,1961,44
zambia,1961,65
zimbabwe,1961,172
antigua_and_barbuda,1962,4
argentina,1962,15
australia,1962,1183
barbados,1962,10
belgium,1962,40
belize,1962,4
burkina_faso,1962,6
cameroon,1962,17
canada,1962,311
central_african_republic,1962,17
chile,1962,401
congo_drc,1962,0
cote_d_ivoire,1962,14
cyprus,1962,26
denmark,1962,26
fiji,1962,1
finland,1962,46
france,1962,1884
gabon,1962,36
ghana,1962,4
greece,1962,182
grenada,1962,7
honduras,1962,1
iceland,1962,24
india,1962,1491
ireland,1962,60
israel,1962,144
italy,1962,3652
jamaica,1962,83
japan,1962,1299
kenya,1962,280
luxembourg,1962,0
madagascar,1962,29
malaysia,1962,95
mali,1962,0
malta,1962,2
mauritius,1962,1
mexico,1962,725
morocco,1962,254
myanmar,1962,6
netherlands,1962,24
new_zealand,1962,96
nigeria,1962,58
norway,1962,8
pakistan,1962,121
paraguay,1962,4
peru,1962,380
philippines,1962,80
sierra_leone,1962,22
singapore,1962,88
south_africa,1962,56
sri_lanka,1962,187
st_lucia,1962,3
suriname,1962,5
sweden,1962,10
switzerland,1962,2
tanzania,1962,152
thailand,1962,3
trinidad_and_tobago,1962,75
tunisia,1962,11
uganda,1962,161
united_kingdom,1962,2449
united_states,1962,3614
venezuela,1962,19
vietnam,1962,19
zambia,1962,94
zimbabwe,1962,104
antigua_and_barbuda,1963,6
argentina,1963,20
australia,1963,1250
bahamas,1963,1
barbados,1963,5
belgium,1963,48
belize,1963,3
burkina_faso,1963,0
cameroon,1963,7
canada,1963,332
central_african_republic,1963,6
chile,1963,416
cote_d_ivoire,1963,44
cyprus,1963,15
denmark,1963,19
fiji,1963,5
finland,1963,66
france,1963,2382
gabon,1963,23
ghana,1963,8
greece,1963,227
grenada,1963,11
iceland,1963,66
india,1963,1471
iraq,1963,2
ireland,1963,70
israel,1963,126
italy,1963,5145
jamaica,1963,45
japan,1963,1079
kenya,1963,230
luxembourg,1963,0
madagascar,1963,13
malaysia,1963,67
mali,1963,1
malta,1963,4
mauritius,1963,3
morocco,1963,287
myanmar,1963,4
netherlands,1963,104
new_zealand,1963,60
nigeria,1963,44
norway,1963,8
pakistan,1963,213
paraguay,1963,3
peru,1963,422
philippines,1963,89
sierra_leone,1963,11
singapore,1963,47
south_africa,1963,61
south_korea,1963,70
spain,1963,169
sri_lanka,1963,232
st_lucia,1963,4
suriname,1963,0
sweden,1963,24
switzerland,1963,4
tanzania,1963,85
thailand,1963,4
trinidad_and_tobago,1963,48
tunisia,1963,7
turkey,1963,8
uganda,1963,150
united_kingdom,1963,2068
united_states,1963,3362
venezuela,1963,9
vietnam,1963,26
zambia,1963,194
zimbabwe,1963,93
algeria,1964,114
antigua_and_barbuda,1964,7
argentina,1964,27
australia,1964,1334
bahamas,1964,3
barbados,1964,4
belgium,1964,41
belize,1964,5
burkina_faso,1964,0
cameroon,1964,2
canada,1964,343
chile,1964,564
cote_d_ivoire,1964,55
cyprus,1964,5
denmark,1964,40
fiji,1964,4
finland,1964,76
france,1964,2281
gabon,1964,51
ghana,1964,13
greece,1964,399
grenada,1964,5
honduras,1964,0
iceland,1964,4
india,1964,2151
iraq,1964,0
ireland,1964,87
israel,1964,136
italy,1964,3841
jamaica,1964,41
japan,1964,1234
kenya,1964,221
madagascar,1964,3
mali,1964,1
malta,1964,0
mauritius,1964,33
mexico,1964,62
morocco,1964,207
netherlands,1964,53
new_zealand,1964,93
nigeria,1964,126
norway,1964,3
pakistan,1964,181
paraguay,1964,2
peru,1964,398
philippines,1964,101
sierra_leone,1964,3
singapore,1964,39
south_africa,1964,99
south_korea,1964,7
spain,1964,209
sri_lanka,1964,305
st_lucia,1964,4
suriname,1964,0
sweden,1964,14
switzerland,1964,1
tanzania,1964,24
thailand,1964,12
trinidad_and_tobago,1964,44
turkey,1964,73
uganda,1964,112
united_kingdom,1964,2524
united_states,1964,3655
venezuela,1964,27
vietnam,1964,45
zambia,1964,157
zimbabwe,1964,119
antigua_and_barbuda,1965,8
argentina,1965,32
australia,1965,1346
bahamas,1965,1
barbados,1965,3
belgium,1965,43
belize,1965,6
burkina_faso,1965,3
cameroon,1965,13
canada,1965,501
central_african_republic,1965,10
chile,1965,723
cyprus,1965,20
denmark,1965,37
fiji,1965,4
finland,1965,29
france,1965,1674
gabon,1965,5
ghana,1965,13
greece,1965,434
grenada,1965,10
honduras,1965,1
iceland,1965,66
india,1965,1910
iraq,1965,0
ireland,1965,88
israel,1965,288
italy,1965,3191
jamaica,1965,37
japan,1965,1542
kenya,1965,200
madagascar,1965,1
mali,1965,0
malta,1965,3
mauritius,1965,11
mexico,1965,67
morocco,1965,192
netherlands,1965,60
new_zealand,1965,105
nigeria,1965,164
norway,1965,7
pakistan,1965,132
paraguay,1965,3
peru,1965,397
philippines,1965,107
sierra_leone,1965,3
singapore,1965,30
south_africa,1965,84
south_korea,1965,12
spain,1965,183
sri_lanka,1965,230
st_lucia,1965,2
suriname,1965,4
sweden,1965,8
switzerland,1965,2
tanzania,1965,13
thailand,1965,17
trinidad_and_tobago,1965,4
turkey,1965,43
uganda,1965,92
united_kingdom,1965,2354
united_states,1965,3963
venezuela,1965,24
vietnam,1965,28
zambia,1965,114
antigua_and_barbuda,1966,8
argentina,1966,27
australia,1966,1273
bahamas,1966,0
barbados,1966,6
belgium,1966,74
belize,1966,2
burkina_faso,1966,3
burundi,1966,2
cameroon,1966,3
canada,1966,617
chile,1966,1073
cyprus,1966,18
denmark,1966,22
fiji,1966,2
finland,1966,150
france,1966,1711
gabon,1966,8
ghana,1966,32
greece,1966,609
grenada,1966,3
honduras,1966,0
iceland,1966,23
india,1966,2556
iraq,1966,0
ireland,1966,112
israel,1966,282
italy,1966,2387
jamaica,1966,69
japan,1966,1252
kenya,1966,155
madagascar,1966,2
mali,1966,0
malta,1966,9
mauritius,1966,15
mexico,1966,91
morocco,1966,173
netherlands,1966,20
new_zealand,1966,145
nigeria,1966,87
norway,1966,7
pakistan,1966,157
paraguay,1966,2
peru,1966,394
philippines,1966,108
sierra_leone,1966,9
singapore,1966,14
south_africa,1966,98
south_korea,1966,12
spain,1966,132
sri_lanka,1966,164
st_lucia,1966,1
suriname,1966,2
sweden,1966,26
switzerland,1966,2
tanzania,1966,16
thailand,1966,17
trinidad_and_tobago,1966,0
tunisia,1966,5
turkey,1966,36
uganda,1966,54
united_kingdom,1966,1937
united_states,1966,4405
venezuela,1966,12
vietnam,1966,84
zambia,1966,241
antigua_and_barbuda,1967,4
argentina,1967,6
australia,1967,1340
bahamas,1967,3
barbados,1967,5
belgium,1967,58
belize,1967,2
burkina_faso,1967,3
burundi,1967,4
cameroon,1967,3
canada,1967,522
chile,1967,114
cyprus,1967,17
denmark,1967,22
fiji,1967,12
finland,1967,43
france,1967,1675
gabon,1967,5
ghana,1967,27
greece,1967,89
grenada,1967,1
guatemala,1967,8
honduras,1967,0
iceland,1967,60
india,1967,2815
iraq,1967,17
ireland,1967,79
israel,1967,142
italy,1967,2658
jamaica,1967,95
japan,1967,1214
kenya,1967,138
mali,1967,0
malta,1967,8
mauritius,1967,1
mexico,1967,78
morocco,1967,159
netherlands,1967,8
new_zealand,1967,89
nigeria,1967,89
norway,1967,7
pakistan,1967,172
paraguay,1967,1
peru,1967,414
philippines,1967,86
sierra_leone,1967,7
singapore,1967,10
solomon_is,1967,1
south_africa,1967,76
south_korea,1967,18
spain,1967,372
sri_lanka,1967,230
st_lucia,1967,0
suriname,1967,4
sweden,1967,7
switzerland,1967,1
tanzania,1967,25
thailand,1967,5
trinidad_and_tobago,1967,5
tunisia,1967,0
turkey,1967,100
uganda,1967,34
united_kingdom,1967,2116
united_states,1967,4595
venezuela,1967,29
vietnam,1967,83
zambia,1967,222
antigua_and_barbuda,1968,9
argentina,1968,7
australia,1968,1713
bahamas,1968,4
barbados,1968,0
belgium,1968,71
belize,1968,1
burkina_faso,1968,2
burundi,1968,10
cameroon,1968,11
canada,1968,582
chile,1968,1124
cyprus,1968,24
denmark,1968,17
fiji,1968,17
finland,1968,68
ghana,1968,36
greece,1968,0
grenada,1968,4
guatemala,1968,4
honduras,1968,0
iceland,1968,67
india,1968,2776
iraq,1968,0
ireland,1968,126
israel,1968,100
italy,1968,3377
jamaica,1968,84
japan,1968,1546
kenya,1968,93
mali,1968,1
malta,1968,19
mauritius,1968,7
mexico,1968,156
morocco,1968,90
netherlands,1968,11
new_zealand,1968,153
nigeria,1968,29
norway,1968,6
pakistan,1968,138
panama,1968,3
paraguay,1968,2
peru,1968,364
philippines,1968,121
sierra_leone,1968,9
singapore,1968,4
solomon_is,1968,5
south_africa,1968,56
south_korea,1968,16
spain,1968,309
sri_lanka,1968,197
st_lucia,1968,0
suriname,1968,4
sweden,1968,7
switzerland,1968,1
tanzania,1968,13
thailand,1968,14
trinidad_and_tobago,1968,9
tunisia,1968,1
turkey,1968,54
united_kingdom,1968,2378
united_states,1968,5045
venezuela,1968,14
vietnam,1968,41
zambia,1968,206
algeria,1969,42
antigua_and_barbuda,1969,2
argentina,1969,8
australia,1969,2014
bahamas,1969,2
bangladesh,1969,55
barbados,1969,3
belgium,1969,88
belize,1969,4
burkina_faso,1969,2
burundi,1969,8
cameroon,1969,9
canada,1969,595
chile,1969,1277
cyprus,1969,36
denmark,1969,48
egypt,1969,214
fiji,1969,27
finland,1969,158
france,1969,2480
ghana,1969,53
greece,1969,0
guatemala,1969,3
guyana,1969,126
honduras,1969,0
iceland,1969,137
india,1969,2627
iraq,1969,6
ireland,1969,134
israel,1969,114
italy,1969,3788
jamaica,1969,46
japan,1969,1783
kenya,1969,110
mali,1969,1
malta,1969,17
mauritius,1969,13
mexico,1969,144
morocco,1969,74
netherlands,1969,28
new_zealand,1969,169
nigeria,1969,49
norway,1969,4
pakistan,1969,339
panama,1969,9
paraguay,1969,0
peru,1969,372
philippines,1969,122
sierra_leone,1969,12
singapore,1969,0
solomon_is,1969,9
south_africa,1969,78
south_korea,1969,7
spain,1969,491
sri_lanka,1969,189
st_lucia,1969,0
suriname,1969,26
sweden,1969,41
switzerland,1969,1
tanzania,1969,4
thailand,1969,16
trinidad_and_tobago,1969,9
tunisia,1969,1
turkey,1969,81
uganda,1969,87
united_kingdom,1969,3116
united_states,1969,5700
venezuela,1969,83
vietnam,1969,43
zambia,1969,159
algeria,1970,57
antigua_and_barbuda,1970,2
argentina,1970,5
australia,1970,2738
bahamas,1970,1
bangladesh,1970,52
barbados,1970,0
belgium,1970,151
belize,1970,2
burkina_faso,1970,3
burundi,1970,1
cameroon,1970,4
canada,1970,542
chile,1970,1819
cyprus,1970,35
denmark,1970,77
egypt,1970,45
fiji,1970,8
finland,1970,240
france,1970,3319
ghana,1970,56
greece,1970,0
guatemala,1970,36
guyana,1970,159
iceland,1970,66
india,1970,2889
iraq,1970,7
ireland,1970,134
israel,1970,163
italy,1970,4162
jamaica,1970,70
japan,1970,2260
kenya,1970,84
mali,1970,0
malta,1970,35
mauritius,1970,8
mexico,1970,206
morocco,1970,97
netherlands,1970,99
new_zealand,1970,323
nigeria,1970,34
norway,1970,15
pakistan,1970,356
panama,1970,6
paraguay,1970,0
peru,1970,345
philippines,1970,104
sierra_leone,1970,7
singapore,1970,5
solomon_is,1970,2
south_africa,1970,76
south_korea,1970,4
spain,1970,1547
sri_lanka,1970,340
st_lucia,1970,5
suriname,1970,7
sweden,1970,134
switzerland,1970,3
syria,1970,4619
tanzania,1970,3
thailand,1970,22
trinidad_and_tobago,1970,64
tunisia,1970,25
turkey,1970,72
united_kingdom,1970,3906
united_states,1970,5716
venezuela,1970,64
vietnam,1970,94
zambia,1970,241
algeria,1971,70
argentina,1971,16
australia,1971,2404
bangladesh,1971,9
barbados,1971,3
belgium,1971,184
burkina_faso,1971,2
burundi,1971,9
cameroon,1971,32
canada,1971,569
chile,1971,2696
cyprus,1971,28
denmark,1971,31
egypt,1971,90
el_salvador,1971,12
fiji,1971,28
finland,1971,838
france,1971,4318
ghana,1971,79
greece,1971,0
guatemala,1971,1
guyana,1971,198
iceland,1971,7
india,1971,2752
ireland,1971,133
israel,1971,169
italy,1971,5598
jamaica,1971,77
japan,1971,2527
kenya,1971,74
mali,1971,0
malta,1971,23
mauritius,1971,19
mexico,1971,204
morocco,1971,259
netherlands,1971,15
new_zealand,1971,313
nigeria,1971,118
norway,1971,10
pakistan,1971,141
panama,1971,280
paraguay,1971,0
peru,1971,377
philippines,1971,157
san_marino,1971,21
seychelles,1971,3
sierra_leone,1971,5
singapore,1971,2
solomon_is,1971,10
south_africa,1971,69
south_korea,1971,10
spain,1971,549
sri_lanka,1971,165
st_lucia,1971,5
suriname,1971,49
sweden,1971,60
switzerland,1971,11
syria,1971,4951
tanzania,1971,3
thailand,1971,27
trinidad_and_tobago,1971,71
tunisia,1971,32
turkey,1971,78
uganda,1971,44
united_kingdom,1971,2228
united_states,1971,5138
venezuela,1971,106
vietnam,1971,79
zambia,1971,222
algeria,1972,100
argentina,1972,12
australia,1972,2298
bangladesh,1972,39
barbados,1972,7
belgium,1972,191
burkina_faso,1972,2
burundi,1972,10
cameroon,1972,5
canada,1972,598
chile,1972,3325
cyprus,1972,46
denmark,1972,35
egypt,1972,537
el_salvador,1972,23
fiji,1972,47
finland,1972,849
france,1972,3464
ghana,1972,10
greece,1972,0
guatemala,1972,4
guyana,1972,175
iceland,1972,5
india,1972,3243
ireland,1972,131
israel,1972,168
italy,1972,4756
jamaica,1972,55
japan,1972,2498
kenya,1972,94
mali,1972,0
malta,1972,42
mauritius,1972,1
mexico,1972,207
morocco,1972,479
netherlands,1972,31
new_zealand,1972,266
nigeria,1972,85
norway,1972,9
pakistan,1972,341
peru,1972,409
philippines,1972,69
san_marino,1972,30
seychelles,1972,2
sierra_leone,1972,4
singapore,1972,10
solomon_is,1972,9
south_africa,1972,71
south_korea,1972,0
spain,1972,710
sri_lanka,1972,187
st_lucia,1972,6
suriname,1972,15
sweden,1972,44
switzerland,1972,5
syria,1972,4435
thailand,1972,34
trinidad_and_tobago,1972,32
tunisia,1972,150
turkey,1972,48
uganda,1972,64
united_kingdom,1972,2497
united_states,1972,5010
venezuela,1972,172
vietnam,1972,27
zambia,1972,206
australia,1973,2538
bangladesh,1973,58
barbados,1973,71
belgium,1973,172
burkina_faso,1973,7
burundi,1973,11
cameroon,1973,7
canada,1973,724
chile,1973,2050
cyprus,1973,26
denmark,1973,205
egypt,1973,13
el_salvador,1973,6
fiji,1973,69
finland,1973,1010
france,1973,3731
ghana,1973,13
guatemala,1973,16
guyana,1973,186
iceland,1973,5
india,1973,3370
ireland,1973,182
israel,1973,96
italy,1973,3769
jamaica,1973,90
japan,1973,3326
kenya,1973,83
malta,1973,60
mauritius,1973,9
mexico,1973,211
morocco,1973,462
netherlands,1973,7
new_zealand,1973,394
nigeria,1973,69
norway,1973,12
pakistan,1973,229
panama,1973,11
peru,1973,788
san_marino,1973,18
seychelles,1973,2
sierra_leone,1973,3
singapore,1973,5
solomon_is,1973,3
south_africa,1973,370
south_korea,1973,0
spain,1973,731
sri_lanka,1973,448
st_lucia,1973,4
suriname,1973,30
sweden,1973,48
switzerland,1973,0
syria,1973,3977
thailand,1973,501
trinidad_and_tobago,1973,84
tunisia,1973,49
turkey,1973,55
uganda,1973,34
united_kingdom,1973,2873
united_states,1973,5353
venezuela,1973,250
zambia,1973,159
argentina,1974,543
australia,1974,2809
bangladesh,1974,32
barbados,1974,2
belgium,1974,235
burkina_faso,1974,10
burundi,1974,11
cameroon,1974,10
canada,1974,1218
cyprus,1974,36
denmark,1974,134
ecuador,1974,61
egypt,1974,6
el_salvador,1974,6
fiji,1974,83
finland,1974,1795
france,1974,3381
ghana,1974,43
guatemala,1974,53
guyana,1974,151
iceland,1974,94
india,1974,2938
ireland,1974,219
israel,1974,71
italy,1974,5174
jamaica,1974,137
japan,1974,5211
kenya,1974,123
malta,1974,36
mauritius,1974,26
mexico,1974,742
morocco,1974,367
netherlands,1974,14
new_zealand,1974,380
nigeria,1974,163
norway,1974,13
pakistan,1974,191
panama,1974,3
peru,1974,570
san_marino,1974,15
seychelles,1974,2
sierra_leone,1974,4
singapore,1974,10
solomon_is,1974,5
south_africa,1974,384
south_korea,1974,58
spain,1974,2009
sri_lanka,1974,91
st_lucia,1974,6
suriname,1974,12
sweden,1974,85
switzerland,1974,3
syria,1974,3818
thailand,1974,357
trinidad_and_tobago,1974,78
tunisia,1974,131
turkey,1974,110
united_kingdom,1974,2922
united_states,1974,6074
venezuela,1974,116
zambia,1974,60
argentina,1975,1266
australia,1975,2432
bangladesh,1975,2
barbados,1975,3
belgium,1975,243
burundi,1975,18
cameroon,1975,12
canada,1975,1171
cote_d_ivoire,1975,30
cyprus,1975,9
denmark,1975,147
ecuador,1975,61
egypt,1975,7
el_salvador,1975,14
fiji,1975,46
finland,1975,1530
france,1975,3888
ghana,1975,33
guatemala,1975,7
guyana,1975,129
iceland,1975,122
india,1975,1943
ireland,1975,151
israel,1975,117
italy,1975,3601
jamaica,1975,205
japan,1975,3391
kenya,1975,26
malta,1975,30
mauritius,1975,69
mexico,1975,236
morocco,1975,267
netherlands,1975,5
new_zealand,1975,428
nigeria,1975,394
norway,1975,22
pakistan,1975,260
panama,1975,6
papua_new_guinea,1975,105
peru,1975,779
san_marino,1975,23
seychelles,1975,1
sierra_leone,1975,8
singapore,1975,7
solomon_is,1975,56
south_africa,1975,276
south_korea,1975,52
spain,1975,2807
sri_lanka,1975,70
st_lucia,1975,1
suriname,1975,8
sweden,1975,86
switzerland,1975,6
syria,1975,3335
thailand,1975,241
trinidad_and_tobago,1975,88
tunisia,1975,363
turkey,1975,116
united_kingdom,1975,2282
united_states,1975,5031
venezuela,1975,100
zambia,1975,78
australia,1976,2055
bangladesh,1976,5
barbados,1976,2
belgium,1976,281
burkina_faso,1976,4
burundi,1976,5
cameroon,1976,3
canada,1976,1039
cote_d_ivoire,1976,43
cyprus,1976,9
denmark,1976,204
ecuador,1976,58
egypt,1976,10
el_salvador,1976,2
fiji,1976,46
finland,1976,3199
france,1976,4348
ghana,1976,45
greece,1976,947
guatemala,1976,16
guyana,1976,400
iceland,1976,123
india,1976,1459
ireland,1976,134
israel,1976,123
italy,1976,2706
jamaica,1976,142
japan,1976,2720
kenya,1976,44
malta,1976,17
mauritius,1976,86
mexico,1976,547
morocco,1976,521
netherlands,1976,11
new_zealand,1976,487
nigeria,1976,107
norway,1976,35
pakistan,1976,171
panama,1976,15
papua_new_guinea,1976,52
peru,1976,440
philippines,1976,91
san_marino,1976,4
seychelles,1976,0
sierra_leone,1976,3
singapore,1976,4
solomon_is,1976,2
south_africa,1976,248
south_korea,1976,49
spain,1976,3662
sri_lanka,1976,157
st_lucia,1976,6
suriname,1976,24
sweden,1976,73
switzerland,1976,19
syria,1976,2895
thailand,1976,133
trinidad_and_tobago,1976,44
tunisia,1976,372
turkey,1976,58
united_kingdom,1976,2016
united_states,1976,5648
venezuela,1976,171
zambia,1976,59
australia,1977,2090
bangladesh,1977,22
barbados,1977,0
belgium,1977,220
burkina_faso,1977,0
burundi,1977,2
cameroon,1977,0
canada,1977,803
costa_rica,1977,10
cote_d_ivoire,1977,35
cyprus,1977,7
denmark,1977,228
ecuador,1977,9
egypt,1977,5
el_salvador,1977,19
fiji,1977,64
finland,1977,1633
france,1977,3281
ghana,1977,61
greece,1977,569
guatemala,1977,9
guyana,1977,383
haiti,1977,2647
iceland,1977,292
india,1977,3117
ireland,1977,175
israel,1977,126
italy,1977,3308
jamaica,1977,163
japan,1977,1712
kenya,1977,45
malta,1977,62
mauritius,1977,41
mexico,1977,476
morocco,1977,421
netherlands,1977,44
new_zealand,1977,562
nigeria,1977,169
norway,1977,15
pakistan,1977,81
panama,1977,4
papua_new_guinea,1977,64
peru,1977,234
philippines,1977,30
portugal,1977,332
san_marino,1977,15
seychelles,1977,0
sierra_leone,1977,4
singapore,1977,1
solomon_is,1977,6
south_africa,1977,90
south_korea,1977,58
spain,1977,1194
sri_lanka,1977,124
st_lucia,1977,3
suriname,1977,12
sweden,1977,35
switzerland,1977,9
syria,1977,3209
thailand,1977,7
trinidad_and_tobago,1977,16
tunisia,1977,452
turkey,1977,59
uganda,1977,5
united_kingdom,1977,2703
united_states,1977,5506
venezuela,1977,214
zambia,1977,51
zimbabwe,1977,17
antigua_and_barbuda,1978,6
australia,1978,2277
bangladesh,1978,89
barbados,1978,0
belgium,1978,195
burkina_faso,1978,3
burundi,1978,17
cameroon,1978,6
canada,1978,1058
colombia,1978,266
costa_rica,1978,14
cote_d_ivoire,1978,28
cyprus,1978,14
denmark,1978,314
ecuador,1978,7
egypt,1978,3
el_salvador,1978,29
fiji,1978,33
finland,1978,1207
france,1978,3195
ghana,1978,65
greece,1978,616
guatemala,1978,229
guyana,1978,300
haiti,1978,1337
iceland,1978,7
india,1978,3187
ireland,1978,152
israel,1978,85
italy,1978,2479
jamaica,1978,205
japan,1978,1517
kenya,1978,43
mali,1978,4
malta,1978,11
mauritius,1978,33
mexico,1978,758
morocco,1978,490
netherlands,1978,32
new_zealand,1978,411
nigeria,1978,73
norway,1978,14
pakistan,1978,85
panama,1978,3
papua_new_guinea,1978,63
peru,1978,364
philippines,1978,47
portugal,1978,333
san_marino,1978,7
sierra_leone,1978,12
singapore,1978,0
south_africa,1978,106
south_korea,1978,102
spain,1978,1128
sri_lanka,1978,134
st_lucia,1978,12
suriname,1978,11
sweden,1978,99
switzerland,1978,10
thailand,1978,21
togo,1978,95
trinidad_and_tobago,1978,38
tunisia,1978,178
turkey,1978,87
uganda,1978,26
united_kingdom,1978,2471
united_states,1978,4230
venezuela,1978,140
zambia,1978,50
zimbabwe,1978,18
antigua_and_barbuda,1979,12
australia,1979,2042
austria,1979,8
bangladesh,1979,96
barbados,1979,1
belgium,1979,215
burundi,1979,13
cameroon,1979,1
canada,1979,1050
colombia,1979,137
costa_rica,1979,20
cote_d_ivoire,1979,31
cyprus,1979,27
denmark,1979,218
ecuador,1979,37
egypt,1979,7
el_salvador,1979,103
fiji,1979,65
finland,1979,1715
france,1979,3121
ghana,1979,50
greece,1979,588
guatemala,1979,7
guyana,1979,219
haiti,1979,1751
honduras,1979,19
iceland,1979,13
india,1979,3048
ireland,1979,140
israel,1979,117
italy,1979,2000
jamaica,1979,152
japan,1979,1153
mali,1979,1
malta,1979,14
mauritius,1979,29
mexico,1979,795
morocco,1979,779
netherlands,1979,57
new_zealand,1979,523
nigeria,1979,136
norway,1979,10
pakistan,1979,65
panama,1979,10
papua_new_guinea,1979,89
peru,1979,653
philippines,1979,39
portugal,1979,370
san_marino,1979,3
sierra_leone,1979,18
singapore,1979,0
south_africa,1979,101
south_korea,1979,105
spain,1979,2680
sri_lanka,1979,181
st_lucia,1979,8
suriname,1979,8
sweden,1979,207
switzerland,1979,8
syria,1979,2877
thailand,1979,64
togo,1979,54
trinidad_and_tobago,1979,42
tunisia,1979,240
turkey,1979,126
uganda,1979,6
united_kingdom,1979,2080
united_states,1979,4827
venezuela,1979,145
zambia,1979,44
zimbabwe,1979,7
antigua_and_barbuda,1980,2
australia,1980,2429
austria,1980,9
bangladesh,1980,104
barbados,1980,7
belgium,1980,132
brazil,1980,81
burkina_faso,1980,7
burundi,1980,8
cameroon,1980,0
canada,1980,1028
chile,1980,89
colombia,1980,261
costa_rica,1980,61
cyprus,1980,38
denmark,1980,225
ecuador,1980,75
egypt,1980,4
el_salvador,1980,42
fiji,1980,73
finland,1980,2182
france,1980,2118
ghana,1980,59
greece,1980,726
guatemala,1980,51
guyana,1980,333
haiti,1980,2946
honduras,1980,37
iceland,1980,14
india,1980,2856
ireland,1980,130
israel,1980,84
italy,1980,2238
japan,1980,1133
malaysia,1980,38
mali,1980,1
malta,1980,12
mauritius,1980,7
mexico,1980,1339
morocco,1980,748
netherlands,1980,22
new_zealand,1980,360
nigeria,1980,185
norway,1980,35
pakistan,1980,59
panama,1980,18
papua_new_guinea,1980,53
peru,1980,739
philippines,1980,62
portugal,1980,269
san_marino,1980,4
sierra_leone,1980,8
singapore,1980,0
south_africa,1980,192
south_korea,1980,206
spain,1980,2103
sri_lanka,1980,227
st_kitts_and_nevis,1980,1
st_lucia,1980,1
suriname,1980,17
sweden,1980,212
switzerland,1980,5
syria,1980,2828
thailand,1980,18
togo,1980,74
trinidad_and_tobago,1980,27
turkey,1980,220
uganda,1980,19
united_kingdom,1980,1330
united_states,1980,3885
venezuela,1980,195
zambia,1980,121
zimbabwe,1980,297
antigua_and_barbuda,1981,7
australia,1981,2915
austria,1981,6
bangladesh,1981,80
barbados,1981,8
bolivia,1981,31
brazil,1981,79
burundi,1981,5
cameroon,1981,4
canada,1981,1048
colombia,1981,219
costa_rica,1981,6
cyprus,1981,38
denmark,1981,94
ecuador,1981,99
egypt,1981,6
el_salvador,1981,15
fiji,1981,41
finland,1981,1591
france,1981,2405
ghana,1981,58
greece,1981,466
guatemala,1981,3
guyana,1981,621
haiti,1981,2728
honduras,1981,49
iceland,1981,9
india,1981,2589
ireland,1981,117
israel,1981,90
italy,1981,2204
japan,1981,955
kenya,1981,74
madagascar,1981,8
malaysia,1981,31
mali,1981,1
mauritius,1981,9
mexico,1981,1066
morocco,1981,359
netherlands,1981,11
new_zealand,1981,291
nigeria,1981,237
norway,1981,17
pakistan,1981,64
panama,1981,16
papua_new_guinea,1981,58
peru,1981,871
philippines,1981,260
portugal,1981,602
san_marino,1981,5
singapore,1981,0
solomon_is,1981,4
south_africa,1981,292
south_korea,1981,186
spain,1981,1993
sri_lanka,1981,301
st_kitts_and_nevis,1981,4
st_lucia,1981,1
suriname,1981,13
sweden,1981,68
switzerland,1981,1
syria,1981,2549
thailand,1981,54
togo,1981,45
trinidad_and_tobago,1981,14
united_kingdom,1981,1338
united_states,1981,2568
venezuela,1981,129
zambia,1981,156
zimbabwe,1981,163
antigua_and_barbuda,1982,1
australia,1982,2060
austria,1982,2
bangladesh,1982,55
barbados,1982,17
bolivia,1982,301
brazil,1982,126
burundi,1982,6
canada,1982,677
colombia,1982,149
costa_rica,1982,14
cyprus,1982,31
denmark,1982,180
ecuador,1982,86
egypt,1982,4
el_salvador,1982,4
fiji,1982,44
finland,1982,1212
france,1982,3113
ghana,1982,10
greece,1982,968
guatemala,1982,0
guyana,1982,653
haiti,1982,2642
iceland,1982,17
india,1982,2483
ireland,1982,131
israel,1982,112
italy,1982,1747
japan,1982,944
kenya,1982,100
luxembourg,1982,0
madagascar,1982,8
malaysia,1982,28
mali,1982,1
mauritius,1982,19
mexico,1982,1925
morocco,1982,480
netherlands,1982,12
new_zealand,1982,333
nigeria,1982,240
norway,1982,12
pakistan,1982,26
panama,1982,7
papua_new_guinea,1982,39
peru,1982,809
philippines,1982,158
portugal,1982,528
san_marino,1982,15
singapore,1982,0
solomon_is,1982,8
south_africa,1982,394
south_korea,1982,88
spain,1982,1810
sri_lanka,1982,217
st_kitts_and_nevis,1982,1
st_lucia,1982,0
suriname,1982,53
sweden,1982,46
switzerland,1982,1
syria,1982,2467
thailand,1982,22
togo,1982,217
trinidad_and_tobago,1982,11
united_kingdom,1982,1528
united_states,1982,96
venezuela,1982,102
zambia,1982,39
zimbabwe,1982,94
antigua_and_barbuda,1983,6
australia,1983,1787
austria,1983,4
bangladesh,1983,16
barbados,1983,5
bolivia,1983,261
brazil,1983,312
burundi,1983,29
canada,1983,645
chile,1983,41
colombia,1983,139
costa_rica,1983,16
cyprus,1983,28
denmark,1983,161
dominica,1983,1
ecuador,1983,97
egypt,1983,1
el_salvador,1983,15
fiji,1983,9
finland,1983,1919
france,1983,2837
ghana,1983,16
greece,1983,675
guatemala,1983,0
guyana,1983,731
haiti,1983,2161
iceland,1983,1
india,1983,2488
ireland,1983,154
israel,1983,93
italy,1983,1565
jamaica,1983,91
japan,1983,893
kenya,1983,75
luxembourg,1983,0
madagascar,1983,18
malaysia,1983,25
mali,1983,6
mauritius,1983,25
mexico,1983,216
morocco,1983,338
netherlands,1983,9
new_zealand,1983,333
nigeria,1983,154
norway,1983,9
pakistan,1983,63
panama,1983,9
papua_new_guinea,1983,30
peru,1983,643
philippines,1983,155
portugal,1983,500
san_marino,1983,29
singapore,1983,0
solomon_is,1983,9
south_africa,1983,354
south_korea,1983,98
spain,1983,1451
sri_lanka,1983,147
st_kitts_and_nevis,1983,1
st_lucia,1983,8
suriname,1983,6
sweden,1983,92
switzerland,1983,5
syria,1983,2796
thailand,1983,28
togo,1983,205
trinidad_and_tobago,1983,38
united_kingdom,1983,1352
united_states,1983,81
venezuela,1983,67
zambia,1983,54
zimbabwe,1983,32
antigua_and_barbuda,1984,0
australia,1984,1965
austria,1984,2
bangladesh,1984,132
barbados,1984,3
bolivia,1984,500
brazil,1984,534
burundi,1984,9
canada,1984,716
chile,1984,38
colombia,1984,147
costa_rica,1984,12
cyprus,1984,29
denmark,1984,157
dominica,1984,2
ecuador,1984,96
egypt,1984,0
el_salvador,1984,36
fiji,1984,22
finland,1984,1679
france,1984,2537
ghana,1984,9
greece,1984,486
guyana,1984,493
haiti,1984,1845
honduras,1984,28
iceland,1984,7
india,1984,2094
ireland,1984,192
israel,1984,149
italy,1984,1816
jamaica,1984,63
japan,1984,596
kenya,1984,69
luxembourg,1984,0
malaysia,1984,19
mali,1984,4
mauritius,1984,18
mexico,1984,427
morocco,1984,297
nepal,1984,5
netherlands,1984,16
new_zealand,1984,364
niger,1984,12
nigeria,1984,68
norway,1984,21
pakistan,1984,81
panama,1984,12
papua_new_guinea,1984,21
peru,1984,509
philippines,1984,282
portugal,1984,525
san_marino,1984,11
singapore,1984,0
solomon_is,1984,12
south_africa,1984,469
south_korea,1984,114
spain,1984,1498
sri_lanka,1984,230
st_kitts_and_nevis,1984,0
st_lucia,1984,0
suriname,1984,51
sweden,1984,206
switzerland,1984,2
syria,1984,2993
thailand,1984,17
trinidad_and_tobago,1984,38
turkey,1984,4
united_kingdom,1984,1206
united_states,1984,62
venezuela,1984,73
zambia,1984,507
antigua_and_barbuda,1985,0
australia,1985,1895
austria,1985,4
bangladesh,1985,95
barbados,1985,5
belgium,1985,65
bolivia,1985,319
brazil,1985,843
burundi,1985,12
canada,1985,829
chile,1985,42
colombia,1985,87
costa_rica,1985,10
cyprus,1985,30
denmark,1985,820
dominica,1985,0
ecuador,1985,72
egypt,1985,2
el_salvador,1985,54
fiji,1985,20
finland,1985,833
france,1985,1901
ghana,1985,12
greece,1985,453
guyana,1985,718
haiti,1985,1653
honduras,1985,14
iceland,1985,13
india,1985,1755
ireland,1985,116
israel,1985,131
italy,1985,1341
japan,1985,627
kenya,1985,87
luxembourg,1985,0
malaysia,1985,25
mali,1985,1
mauritius,1985,15
mexico,1985,159
morocco,1985,222
nepal,1985,5
netherlands,1985,45
new_zealand,1985,383
niger,1985,6
nigeria,1985,56
norway,1985,11
pakistan,1985,58
panama,1985,7
papua_new_guinea,1985,33
peru,1985,579
philippines,1985,371
portugal,1985,476
san_marino,1985,20
singapore,1985,0
solomon_is,1985,18
south_africa,1985,389
south_korea,1985,265
spain,1985,1092
sri_lanka,1985,145
st_kitts_and_nevis,1985,0
st_lucia,1985,1
suriname,1985,9
sweden,1985,160
switzerland,1985,3
thailand,1985,4
trinidad_and_tobago,1985,45
tunisia,1985,391
turkey,1985,21
united_kingdom,1985,903
united_states,1985,54
venezuela,1985,99
zambia,1985,50
antigua_and_barbuda,1986,2
australia,1986,1754
austria,1986,11
bahamas,1986,0
bangladesh,1986,46
barbados,1986,2
bolivia,1986,188
brazil,1986,1494
burundi,1986,90
cameroon,1986,11
canada,1986,748
chile,1986,41
colombia,1986,80
costa_rica,1986,23
cyprus,1986,39
denmark,1986,215
dominica,1986,4
ecuador,1986,78
egypt,1986,3
el_salvador,1986,54
fiji,1986,9
finland,1986,1225
france,1986,1391
ghana,1986,19
greece,1986,213
guatemala,1986,33
guyana,1986,453
haiti,1986,1767
honduras,1986,46
iceland,1986,4
india,1986,1892
ireland,1986,102
israel,1986,142
italy,1986,1469
jamaica,1986,40
japan,1986,620
kenya,1986,110
luxembourg,1986,0
malaysia,1986,23
mali,1986,1
mauritius,1986,16
mexico,1986,312
morocco,1986,245
myanmar,1986,0
nepal,1986,2
netherlands,1986,35
new_zealand,1986,215
niger,1986,2
nigeria,1986,101
norway,1986,16
pakistan,1986,26
panama,1986,13
peru,1986,648
philippines,1986,581
portugal,1986,363
san_marino,1986,4
singapore,1986,1
south_africa,1986,793
south_korea,1986,276
spain,1986,914
sri_lanka,1986,84
st_kitts_and_nevis,1986,0
st_lucia,1986,4
st_vincent_and_the_grenadines,1986,0
suriname,1986,10
sweden,1986,75
switzerland,1986,1
thailand,1986,9
trinidad_and_tobago,1986,16
tunisia,1986,170
turkey,1986,28
united_kingdom,1986,1074
united_states,1986,69
zambia,1986,35
antigua_and_barbuda,1987,1
argentina,1987,638
australia,1987,1517
austria,1987,6
bahamas,1987,1
bangladesh,1987,18
barbados,1987,7
bolivia,1987,207
brazil,1987,2369
burundi,1987,37
canada,1987,668
chile,1987,81
colombia,1987,79
costa_rica,1987,7
cyprus,1987,38
denmark,1987,202
dominica,1987,3
ecuador,1987,75
egypt,1987,2
el_salvador,1987,25
fiji,1987,13
finland,1987,802
france,1987,1391
ghana,1987,22
greece,1987,381
guatemala,1987,12
guyana,1987,497
haiti,1987,1961
honduras,1987,28
iceland,1987,34
india,1987,1799
ireland,1987,80
israel,1987,174
italy,1987,1149
jamaica,1987,30
japan,1987,474
kenya,1987,109
luxembourg,1987,2
malaysia,1987,13
mali,1987,1
malta,1987,2
mauritius,1987,43
mexico,1987,174
morocco,1987,198
myanmar,1987,0
nepal,1987,3
netherlands,1987,28
new_zealand,1987,193
niger,1987,3
nigeria,1987,50
norway,1987,10
pakistan,1987,26
panama,1987,7
peru,1987,720
philippines,1987,436
portugal,1987,213
san_marino,1987,17
singapore,1987,0
south_africa,1987,1148
south_korea,1987,3749
spain,1987,1497
sri_lanka,1987,68
st_kitts_and_nevis,1987,2
st_lucia,1987,0
st_vincent_and_the_grenadines,1987,0
suriname,1987,3
sweden,1987,72
switzerland,1987,0
thailand,1987,10
trinidad_and_tobago,1987,11
tunisia,1987,241
turkey,1987,307
united_kingdom,1987,1016
united_states,1987,46
zambia,1987,70
antigua_and_barbuda,1988,0
argentina,1988,463
australia,1988,1508
austria,1988,5
bahamas,1988,1
bangladesh,1988,9
barbados,1988,10
belgium,1988,64
bolivia,1988,164
brazil,1988,1954
canada,1988,548
chile,1988,72
colombia,1988,251
costa_rica,1988,16
cyprus,1988,35
denmark,1988,157
dominica,1988,0
ecuador,1988,126
egypt,1988,0
el_salvador,1988,36
fiji,1988,12
finland,1988,1353
france,1988,1852
ghana,1988,11
greece,1988,320
guyana,1988,349
haiti,1988,1564
iceland,1988,15
india,1988,1745
ireland,1988,65
israel,1988,156
italy,1988,1769
jamaica,1988,66
japan,1988,498
kenya,1988,98
luxembourg,1988,0
malaysia,1988,9
mali,1988,0
malta,1988,7
mauritius,1988,30
mexico,1988,518
moldova,1988,0
morocco,1988,124
myanmar,1988,0
netherlands,1988,38
new_zealand,1988,172
niger,1988,9
nigeria,1988,63
norway,1988,15
pakistan,1988,18
panama,1988,3
peru,1988,814
philippines,1988,267
portugal,1988,181
san_marino,1988,26
singapore,1988,0
south_africa,1988,1025
south_korea,1988,1873
spain,1988,1193
sri_lanka,1988,64
st_kitts_and_nevis,1988,0
st_vincent_and_the_grenadines,1988,4
suriname,1988,8
sweden,1988,144
switzerland,1988,4
thailand,1988,7
trinidad_and_tobago,1988,12
tunisia,1988,385
turkey,1988,156
united_kingdom,1988,781
united_states,1988,40
venezuela,1988,2
zambia,1988,39
algeria,1989,2290
antigua_and_barbuda,1989,2
argentina,1989,193
australia,1989,1402
austria,1989,7
azerbaijan,1989,205
bahamas,1989,0
bangladesh,1989,12
barbados,1989,12
belarus,1989,26
belgium,1989,81
bolivia,1989,177
brazil,1989,3164
canada,1989,627
central_african_republic,1989,3
chile,1989,101
colombia,1989,117
costa_rica,1989,19
cyprus,1989,37
denmark,1989,132
dominica,1989,1
ecuador,1989,169
egypt,1989,3
el_salvador,1989,31
fiji,1989,15
finland,1989,629
france,1989,2040
ghana,1989,21
greece,1989,207
guatemala,1989,9
guyana,1989,138
honduras,1989,56
iceland,1989,16
india,1989,1786
ireland,1989,38
israel,1989,120
italy,1989,1297
jamaica,1989,64
japan,1989,362
kenya,1989,121
luxembourg,1989,0
malaysia,1989,17
mali,1989,3
malta,1989,71
mauritius,1989,15
mexico,1989,757
moldova,1989,179
morocco,1989,208
myanmar,1989,0
netherlands,1989,27
new_zealand,1989,171
nicaragua,1989,47
niger,1989,11
nigeria,1989,89
norway,1989,14
pakistan,1989,42
panama,1989,0
papua_new_guinea,1989,29
peru,1989,667
philippines,1989,197
poland,1989,894
portugal,1989,307
san_marino,1989,19
senegal,1989,39
singapore,1989,0
south_africa,1989,855
south_korea,1989,1616
spain,1989,1047
sri_lanka,1989,52
st_kitts_and_nevis,1989,0
st_vincent_and_the_grenadines,1989,1
suriname,1989,8
sweden,1989,139
switzerland,1989,2
thailand,1989,11
trinidad_and_tobago,1989,25
tunisia,1989,430
turkey,1989,171
ukraine,1989,222
united_kingdom,1989,701
united_states,1989,51
venezuela,1989,6
zambia,1989,69
algeria,1990,2023
antigua_and_barbuda,1990,4
australia,1990,1193
austria,1990,9
azerbaijan,1990,230
bahamas,1990,0
bangladesh,1990,5
barbados,1990,17
belarus,1990,19
belgium,1990,33
bolivia,1990,30
brazil,1990,1846
canada,1990,579
chile,1990,176
colombia,1990,283
costa_rica,1990,42
cyprus,1990,20
denmark,1990,232
dominica,1990,1
ecuador,1990,140
egypt,1990,4
el_salvador,1990,20
fiji,1990,25
finland,1990,455
france,1990,1790
ghana,1990,24
greece,1990,234
guatemala,1990,19
guinea,1990,2
guyana,1990,329
honduras,1990,93
iceland,1990,1
india,1990,1825
ireland,1990,49
israel,1990,117
italy,1990,1094
jamaica,1990,65
japan,1990,284
luxembourg,1990,1
malaysia,1990,17
malta,1990,19
mauritius,1990,8
mexico,1990,670
moldova,1990,0
morocco,1990,178
myanmar,1990,0
namibia,1990,24
netherlands,1990,29
new_zealand,1990,137
nicaragua,1990,55
niger,1990,28
nigeria,1990,126
norway,1990,15
pakistan,1990,99
panama,1990,0
papua_new_guinea,1990,13
peru,1990,613
philippines,1990,183
poland,1990,250
portugal,1990,271
russia,1990,260
san_marino,1990,11
senegal,1990,26
singapore,1990,0
south_africa,1990,948
south_korea,1990,322
spain,1990,1312
sri_lanka,1990,116
st_kitts_and_nevis,1990,0
st_vincent_and_the_grenadines,1990,1
suriname,1990,6
sweden,1990,126
switzerland,1990,2
thailand,1990,9
trinidad_and_tobago,1990,15
tunisia,1990,564
turkey,1990,458
ukraine,1990,260
united_kingdom,1990,630
united_states,1990,44
venezuela,1990,7
zambia,1990,103
algeria,1991,1034
antigua_and_barbuda,1991,0
australia,1991,1036
austria,1991,9
bahamas,1991,0
bangladesh,1991,3
barbados,1991,10
belarus,1991,47
belgium,1991,62
bolivia,1991,16
brazil,1991,659
burkina_faso,1991,3
canada,1991,463
cape_verde,1991,1
central_african_republic,1991,4
chad,1991,1
chile,1991,224
colombia,1991,234
costa_rica,1991,11
cyprus,1991,31
czech_republic,1991,1
denmark,1991,203
dominica,1991,0
ecuador,1991,87
egypt,1991,1
el_salvador,1991,26
fiji,1991,11
finland,1991,284
france,1991,1572
ghana,1991,24
greece,1991,161
guinea,1991,8
guyana,1991,307
honduras,1991,23
hungary,1991,3
iceland,1991,7
india,1991,1810
ireland,1991,54
israel,1991,77
italy,1991,791
jamaica,1991,57
japan,1991,310
luxembourg,1991,0
malaysia,1991,23
malta,1991,8
mauritius,1991,6
mexico,1991,438
moldova,1991,0
morocco,1991,364
myanmar,1991,0
namibia,1991,8
netherlands,1991,28
new_zealand,1991,71
nicaragua,1991,133
niger,1991,3
nigeria,1991,125
norway,1991,4
pakistan,1991,94
panama,1991,0
papua_new_guinea,1991,4
peru,1991,315
philippines,1991,182
poland,1991,305
portugal,1991,262
russia,1991,1755
san_marino,1991,6
senegal,1991,55
singapore,1991,0
slovakia,1991,21
south_africa,1991,613
south_korea,1991,234
spain,1991,1645
sri_lanka,1991,130
st_kitts_and_nevis,1991,0
st_vincent_and_the_grenadines,1991,1
suriname,1991,2
sweden,1991,23
switzerland,1991,1
thailand,1991,14
trinidad_and_tobago,1991,17
tunisia,1991,464
turkey,1991,398
ukraine,1991,239
united_kingdom,1991,369
united_states,1991,40
zambia,1991,102
algeria,1992,493
antigua_and_barbuda,1992,3
australia,1992,728
austria,1992,3
bahamas,1992,0
bangladesh,1992,11
barbados,1992,12
belarus,1992,3
belgium,1992,49
bolivia,1992,22
brazil,1992,557
canada,1992,404
central_african_republic,1992,13
chad,1992,1
chile,1992,247
colombia,1992,638
costa_rica,1992,19
cyprus,1992,27
czech_republic,1992,2
denmark,1992,151
dominica,1992,0
ecuador,1992,49
egypt,1992,0
el_salvador,1992,47
estonia,1992,0
fiji,1992,5
finland,1992,168
france,1992,1494
greece,1992,824
guatemala,1992,25
guinea,1992,5
guyana,1992,258
honduras,1992,43
hungary,1992,4
iceland,1992,4
india,1992,1714
ireland,1992,38
israel,1992,114
italy,1992,903
jamaica,1992,68
japan,1992,263
kazakhstan,1992,24
luxembourg,1992,0
malaysia,1992,17
malta,1992,5
mauritius,1992,9
mexico,1992,477
moldova,1992,701
morocco,1992,310
myanmar,1992,0
namibia,1992,23
nepal,1992,160
netherlands,1992,23
new_zealand,1992,54
nicaragua,1992,85
nigeria,1992,187
norway,1992,16
pakistan,1992,40
panama,1992,1
papua_new_guinea,1992,11
peru,1992,219
philippines,1992,136
poland,1992,6351
portugal,1992,409
romania,1992,9
russia,1992,6273
san_marino,1992,1
senegal,1992,19
singapore,1992,0
slovakia,1992,5
south_africa,1992,833
south_korea,1992,235
spain,1992,1360
sri_lanka,1992,103
st_vincent_and_the_grenadines,1992,0
suriname,1992,7
swaziland,1992,16
sweden,1992,20
switzerland,1992,3
thailand,1992,33
trinidad_and_tobago,1992,17
tunisia,1992,496
turkey,1992,98
uganda,1992,3
ukraine,1992,2239
united_kingdom,1992,253
united_states,1992,35
venezuela,1992,15
zambia,1992,91
algeria,1993,537
antigua_and_barbuda,1993,2
australia,1993,610
austria,1993,3
bangladesh,1993,11
barbados,1993,5
belarus,1993,2
belgium,1993,28
bolivia,1993,93
brazil,1993,653
canada,1993,381
central_african_republic,1993,2
chile,1993,224
colombia,1993,292
costa_rica,1993,21
cyprus,1993,24
czech_republic,1993,2
denmark,1993,218
dominica,1993,1
ecuador,1993,28
egypt,1993,2
el_salvador,1993,36
estonia,1993,0
fiji,1993,12
finland,1993,126
france,1993,1472
greece,1993,596
guatemala,1993,35
guinea,1993,0
guyana,1993,475
hungary,1993,5
iceland,1993,2
india,1993,1393
ireland,1993,46
israel,1993,73
italy,1993,1054
jamaica,1993,69
japan,1993,252
kazakhstan,1993,0
luxembourg,1993,0
malaysia,1993,18
malta,1993,13
mauritius,1993,4
mexico,1993,474
moldova,1993,1
morocco,1993,323
myanmar,1993,0
namibia,1993,5
nepal,1993,71
netherlands,1993,12
new_zealand,1993,58
nicaragua,1993,41
nigeria,1993,137
norway,1993,12
panama,1993,0
papua_new_guinea,1993,10
peru,1993,151
philippines,1993,122
poland,1993,7443
portugal,1993,230
romania,1993,30
russia,1993,264
san_marino,1993,8
singapore,1993,0
slovakia,1993,1
south_africa,1993,790
south_korea,1993,144
spain,1993,1209
sri_lanka,1993,49
st_vincent_and_the_grenadines,1993,0
suriname,1993,27
swaziland,1993,7
sweden,1993,33
switzerland,1993,0
thailand,1993,23
trinidad_and_tobago,1993,24
tunisia,1993,513
turkey,1993,49
uganda,1993,3
ukraine,1993,462
united_kingdom,1993,211
united_states,1993,35
venezuela,1993,5
zambia,1993,31
algeria,1994,410
antigua_and_barbuda,1994,0
australia,1994,560
austria,1994,0
bangladesh,1994,2
barbados,1994,2
belarus,1994,3
belgium,1994,30
bolivia,1994,40
botswana,1994,7
brazil,1994,1034
cambodia,1994,2
canada,1994,374
chile,1994,196
colombia,1994,154
costa_rica,1994,19
cyprus,1994,32
czech_republic,1994,3
denmark,1994,240
ecuador,1994,14
egypt,1994,5
el_salvador,1994,12
estonia,1994,0
fiji,1994,6
finland,1994,171
france,1994,1671
greece,1994,215
guatemala,1994,17
guinea,1994,2
guyana,1994,468
hungary,1994,4
iceland,1994,11
india,1994,1201
ireland,1994,28
israel,1994,75
italy,1994,861
jamaica,1994,95
japan,1994,230
malaysia,1994,15
malta,1994,10
mauritius,1994,9
mexico,1994,472
moldova,1994,0
morocco,1994,388
myanmar,1994,0
namibia,1994,7
nepal,1994,26
netherlands,1994,17
new_zealand,1994,68
nicaragua,1994,10
nigeria,1994,156
norway,1994,20
pakistan,1994,25
panama,1994,1
peru,1994,168
philippines,1994,93
poland,1994,429
portugal,1994,300
romania,1994,33
russia,1994,514
san_marino,1994,2
singapore,1994,0
slovakia,1994,1
south_africa,1994,804
south_korea,1994,121
spain,1994,908
sri_lanka,1994,233
st_vincent_and_the_grenadines,1994,0
suriname,1994,7
swaziland,1994,16
sweden,1994,13
switzerland,1994,8
thailand,1994,15
trinidad_and_tobago,1994,13
tunisia,1994,425
turkey,1994,36
uganda,1994,5
ukraine,1994,1638
united_kingdom,1994,205
united_states,1994,45
venezuela,1994,1
zambia,1994,35
algeria,1995,432
antigua_and_barbuda,1995,11
australia,1995,643
austria,1995,1
bangladesh,1995,5
barbados,1995,8
belarus,1995,0
belgium,1995,46
bolivia,1995,38
botswana,1995,6
brazil,1995,1056
burundi,1995,4
cambodia,1995,0
canada,1995,328
chile,1995,187
costa_rica,1995,15
cyprus,1995,26
czech_republic,1995,2
denmark,1995,424
dominican_republic,1995,2
ecuador,1995,7
egypt,1995,8
el_salvador,1995,42
estonia,1995,0
fiji,1995,9
finland,1995,112
france,1995,2066
greece,1995,110
guatemala,1995,17
guinea,1995,0
guyana,1995,422
honduras,1995,47
hungary,1995,7
iceland,1995,16
india,1995,1066
ireland,1995,34
israel,1995,71
italy,1995,545
jamaica,1995,69
japan,1995,209
liechtenstein,1995,0
malaysia,1995,13
malta,1995,13
mauritius,1995,7
mexico,1995,481
moldova,1995,0
monaco,1995,0
morocco,1995,337
myanmar,1995,0
nepal,1995,31
netherlands,1995,14
new_zealand,1995,69
nicaragua,1995,11
nigeria,1995,45
norway,1995,11
pakistan,1995,24
panama,1995,2
peru,1995,102
philippines,1995,94
poland,1995,42
portugal,1995,282
romania,1995,27
russia,1995,8856
san_marino,1995,4
singapore,1995,0
slovakia,1995,0
south_africa,1995,315
south_korea,1995,88
spain,1995,883
sri_lanka,1995,183
st_vincent_and_the_grenadines,1995,0
suriname,1995,6
sweden,1995,36
switzerland,1995,2
thailand,1995,39
trinidad_and_tobago,1995,15
tunisia,1995,346
turkey,1995,120
uganda,1995,9
ukraine,1995,247
united_kingdom,1995,235
united_states,1995,31
zambia,1995,24
algeria,1996,441
antigua_and_barbuda,1996,2
australia,1996,543
austria,1996,0
bangladesh,1996,1
barbados,1996,7
belarus,1996,0
belgium,1996,60
bolivia,1996,117
botswana,1996,6
brazil,1996,1258
burundi,1996,1
cambodia,1996,0
canada,1996,330
chile,1996,183
costa_rica,1996,12
cyprus,1996,20
czech_republic,1996,2
denmark,1996,930
dominican_republic,1996,0
ecuador,1996,11
egypt,1996,7
el_salvador,1996,40
estonia,1996,0
finland,1996,94
france,1996,1439
greece,1996,171
guatemala,1996,18
guinea,1996,3
guyana,1996,391
hungary,1996,8
iceland,1996,0
india,1996,1166
ireland,1996,32
israel,1996,75
italy,1996,904
jamaica,1996,59
japan,1996,193
jordan,1996,0
liechtenstein,1996,0
malaysia,1996,9
malta,1996,8
mauritius,1996,18
mexico,1996,410
moldova,1996,0
monaco,1996,0
morocco,1996,344
myanmar,1996,0
nepal,1996,54
netherlands,1996,12
new_zealand,1996,72
nicaragua,1996,17
nigeria,1996,29
norway,1996,18
pakistan,1996,30
panama,1996,5
peru,1996,77
philippines,1996,89
poland,1996,21
portugal,1996,274
romania,1996,15
russia,1996,8278
san_marino,1996,2
singapore,1996,0
south_africa,1996,901
south_korea,1996,85
spain,1996,830
sri_lanka,1996,224
st_vincent_and_the_grenadines,1996,2
suriname,1996,4
swaziland,1996,1
sweden,1996,9
switzerland,1996,3
thailand,1996,18
trinidad_and_tobago,1996,27
tunisia,1996,300
turkey,1996,38
uganda,1996,4
ukraine,1996,1269
united_kingdom,1996,244
united_states,1996,37
zambia,1996,36
algeria,1997,292
australia,1997,447
austria,1997,1
bangladesh,1997,0
barbados,1997,13
belarus,1997,0
belgium,1997,17
bolivia,1997,222
botswana,1997,19
brazil,1997,630
burundi,1997,2
cambodia,1997,1
canada,1997,284
cape_verde,1997,17
chile,1997,179
costa_rica,1997,9
cyprus,1997,16
denmark,1997,1023
dominica,1997,4
dominican_republic,1997,0
ecuador,1997,18
egypt,1997,4
el_salvador,1997,645
estonia,1997,0
finland,1997,91
france,1997,1607
greece,1997,125
guatemala,1997,0
guyana,1997,305
honduras,1997,46
hungary,1997,5
iceland,1997,16
india,1997,1305
ireland,1997,28
israel,1997,69
italy,1997,923
jamaica,1997,70
japan,1997,178
jordan,1997,0
kenya,1997,44
liechtenstein,1997,0
malaysia,1997,5
malta,1997,9
mauritius,1997,23
mexico,1997,356
moldova,1997,0
monaco,1997,0
morocco,1997,370
myanmar,1997,1
nepal,1997,54
netherlands,1997,17
new_zealand,1997,42
nicaragua,1997,8
nigeria,1997,31
norway,1997,6
pakistan,1997,30
panama,1997,1
peru,1997,66
philippines,1997,93
poland,1997,35
portugal,1997,265
romania,1997,15
russia,1997,17007
san_marino,1997,5
singapore,1997,0
slovakia,1997,6
south_africa,1997,1324
south_korea,1997,78
spain,1997,744
sri_lanka,1997,156
st_vincent_and_the_grenadines,1997,2
sweden,1997,14
switzerland,1997,2
thailand,1997,23
trinidad_and_tobago,1997,37
tunisia,1997,305
turkey,1997,37
uganda,1997,4
ukraine,1997,1162
united_kingdom,1997,216
united_states,1997,29
venezuela,1997,1
zambia,1997,60
algeria,1998,195
australia,1998,520
austria,1998,0
bangladesh,1998,1
barbados,1998,40
belarus,1998,0
belgium,1998,484
bolivia,1998,145
botswana,1998,30
brazil,1998,546
burundi,1998,2
cambodia,1998,10
canada,1998,379
chile,1998,121
cyprus,1998,20
denmark,1998,1258
dominican_republic,1998,9
ecuador,1998,17
egypt,1998,7
el_salvador,1998,12
estonia,1998,0
finland,1998,98
france,1998,1475
greece,1998,99
guyana,1998,273
honduras,1998,80
hungary,1998,7
iceland,1998,3
india,1998,1097
ireland,1998,34
israel,1998,53
italy,1998,1103
jamaica,1998,62
japan,1998,145
jordan,1998,0
liechtenstein,1998,0
malaysia,1998,12
malta,1998,8
mauritius,1998,21
mexico,1998,245
monaco,1998,0
morocco,1998,403
myanmar,1998,0
nepal,1998,44
netherlands,1998,22
new_zealand,1998,35
nicaragua,1998,4
nigeria,1998,16
norway,1998,36
pakistan,1998,20
panama,1998,3
peru,1998,58
philippines,1998,92
poland,1998,37
portugal,1998,227
romania,1998,54
russia,1998,11162
rwanda,1998,41
san_marino,1998,10
singapore,1998,0
slovakia,1998,0
south_africa,1998,527
south_korea,1998,129
spain,1998,632
sri_lanka,1998,122
st_vincent_and_the_grenadines,1998,0
suriname,1998,17
sweden,1998,13
switzerland,1998,7
thailand,1998,8
trinidad_and_tobago,1998,8
tunisia,1998,277
turkey,1998,44
uganda,1998,4
ukraine,1998,687
united_kingdom,1998,166
united_states,1998,34
algeria,1999,173
australia,1999,731
austria,1999,0
bangladesh,1999,4
belarus,1999,0
belgium,1999,64
bolivia,1999,174
botswana,1999,10
brazil,1999,508
burundi,1999,2
cambodia,1999,78
canada,1999,413
chile,1999,108
cyprus,1999,21
denmark,1999,1079
dominican_republic,1999,0
ecuador,1999,8
egypt,1999,8
el_salvador,1999,36
estonia,1999,0
finland,1999,65
france,1999,2319
guyana,1999,244
honduras,1999,42
hungary,1999,5
iceland,1999,0
india,1999,927
ireland,1999,32
israel,1999,66
italy,1999,753
jamaica,1999,43
japan,1999,154
jordan,1999,0
liechtenstein,1999,0
malaysia,1999,11
mauritius,1999,19
mexico,1999,225
monaco,1999,0
morocco,1999,492
myanmar,1999,13
nepal,1999,49
netherlands,1999,24
new_zealand,1999,32
nicaragua,1999,0
nigeria,1999,52
norway,1999,15
pakistan,1999,9
panama,1999,9
peru,1999,71
philippines,1999,58
poland,1999,920
portugal,1999,200
romania,1999,85
russia,1999,7285
rwanda,1999,49
san_marino,1999,3
singapore,1999,0
slovakia,1999,0
south_africa,1999,107
south_korea,1999,198
spain,1999,749
sri_lanka,1999,125
st_vincent_and_the_grenadines,1999,4
sweden,1999,10
switzerland,1999,5
thailand,1999,16
trinidad_and_tobago,1999,8
tunisia,1999,308
turkey,1999,34
uganda,1999,6
ukraine,1999,290
united_kingdom,1999,205
united_states,1999,17
venezuela,1999,35
algeria,2000,187
australia,2000,700
austria,2000,4
bangladesh,2000,4
belarus,2000,0
belgium,2000,75
botswana,2000,14
brazil,2000,525
burundi,2000,3
cambodia,2000,76
canada,2000,378
chile,2000,125
costa_rica,2000,35
cyprus,2000,6
denmark,2000,1081
dominican_republic,2000,1
ecuador,2000,11
egypt,2000,6
el_salvador,2000,38
estonia,2000,0
finland,2000,96
france,2000,2768
gabon,2000,14
guyana,2000,268
honduras,2000,63
hungary,2000,5
iceland,2000,7
india,2000,771
ireland,2000,39
israel,2000,54
italy,2000,966
jamaica,2000,28
japan,2000,118
jordan,2000,0
liechtenstein,2000,0
lithuania,2000,56
malaysia,2000,11
malta,2000,12
mauritius,2000,25
mexico,2000,147
monaco,2000,0
morocco,2000,484
myanmar,2000,10
nepal,2000,36
netherlands,2000,23
new_zealand,2000,21
nicaragua,2000,0
nigeria,2000,49
norway,2000,29
pakistan,2000,4
panama,2000,2
peru,2000,37
philippines,2000,60
poland,2000,44
portugal,2000,250
romania,2000,10
russia,2000,817
san_marino,2000,3
singapore,2000,0
slovakia,2000,0
south_africa,2000,80
south_korea,2000,250
spain,2000,750
sri_lanka,2000,87
st_vincent_and_the_grenadines,2000,3
sweden,2000,2
switzerland,2000,8
thailand,2000,13
trinidad_and_tobago,2000,38
tunisia,2000,411
turkey,2000,52
uganda,2000,5
ukraine,2000,73
united_kingdom,2000,226
united_states,2000,39
venezuela,2000,32
algeria,2001,176
australia,2001,675
austria,2001,0
barbados,2001,24
belarus,2001,0
brazil,2001,416
burundi,2001,4
cambodia,2001,95
canada,2001,381
chile,2001,88
costa_rica,2001,4
cyprus,2001,25
denmark,2001,832
dominican_republic,2001,1
ecuador,2001,4
egypt,2001,1
el_salvador,2001,19
estonia,2001,0
finland,2001,84
france,2001,2131
guyana,2001,243
hungary,2001,6
iceland,2001,17
india,2001,674
ireland,2001,26
israel,2001,62
italy,2001,746
jamaica,2001,14
japan,2001,90
jordan,2001,0
liechtenstein,2001,0
lithuania,2001,34
malaysia,2001,13
malta,2001,13
mauritius,2001,25
mexico,2001,219
monaco,2001,0
morocco,2001,309
myanmar,2001,18
nepal,2001,21
netherlands,2001,16
new_zealand,2001,42
nicaragua,2001,0
nigeria,2001,24
norway,2001,3
pakistan,2001,4
panama,2001,10
peru,2001,40
philippines,2001,43
poland,2001,11
portugal,2001,208
romania,2001,5
russia,2001,291
san_marino,2001,2
singapore,2001,0
slovakia,2001,0
south_africa,2001,83
south_korea,2001,235
spain,2001,737
sri_lanka,2001,92
sweden,2001,20
switzerland,2001,3
thailand,2001,5
trinidad_and_tobago,2001,76
tunisia,2001,380
turkey,2001,35
uganda,2001,3
ukraine,2001,31
united_kingdom,2001,207
united_states,2001,29
venezuela,2001,27
algeria,2002,175
australia,2002,767
austria,2002,4
barbados,2002,5
belarus,2002,0
botswana,2002,4
brazil,2002,298
canada,2002,294
chile,2002,117
colombia,2002,35
costa_rica,2002,6
cyprus,2002,23
denmark,2002,1349
dominican_republic,2002,0
ecuador,2002,17
egypt,2002,3
el_salvador,2002,25
finland,2002,76
france,2002,745
guyana,2002,226
hungary,2002,4
iceland,2002,0
india,2002,579
ireland,2002,27
israel,2002,47
italy,2002,616
jamaica,2002,19
japan,2002,74
jordan,2002,0
liechtenstein,2002,0
lithuania,2002,0
malaysia,2002,4
malta,2002,5
mauritius,2002,29
mexico,2002,213
monaco,2002,0
morocco,2002,267
myanmar,2002,11
nepal,2002,22
netherlands,2002,16
new_zealand,2002,46
nicaragua,2002,0
nigeria,2002,52
norway,2002,16
pakistan,2002,4
panama,2002,4
peru,2002,64
philippines,2002,36
poland,2002,1
portugal,2002,250
romania,2002,13
russia,2002,80
san_marino,2002,13
singapore,2002,0
slovakia,2002,0
south_africa,2002,47
south_korea,2002,322
spain,2002,688
sri_lanka,2002,104
sweden,2002,10
switzerland,2002,4
thailand,2002,6
trinidad_and_tobago,2002,22
tunisia,2002,345
turkey,2002,27
uganda,2002,5
ukraine,2002,97
united_kingdom,2002,162
united_states,2002,19
venezuela,2002,35
algeria,2003,23
australia,2003,643
belarus,2003,0
botswana,2003,3
brazil,2003,340
canada,2003,266
central_african_republic,2003,2
chile,2003,92
colombia,2003,15
costa_rica,2003,6
cyprus,2003,18
denmark,2003,681
dominican_republic,2003,0
ecuador,2003,17
egypt,2003,4
el_salvador,2003,17
estonia,2003,1
finland,2003,112
france,2003,785
guyana,2003,225
hungary,2003,7
iceland,2003,0
india,2003,552
ireland,2003,24
israel,2003,60
italy,2003,710
jamaica,2003,29
japan,2003,47
jordan,2003,0
liechtenstein,2003,0
lithuania,2003,0
malaysia,2003,2
malta,2003,8
mauritius,2003,46
mexico,2003,202
monaco,2003,0
myanmar,2003,28
netherlands,2003,14
new_zealand,2003,28
nigeria,2003,77
norway,2003,5
pakistan,2003,17
panama,2003,3
peru,2003,68
philippines,2003,38
poland,2003,24
portugal,2003,170
romania,2003,9
russia,2003,67
san_marino,2003,7
singapore,2003,0
slovakia,2003,2
south_africa,2003,62
south_korea,2003,320
spain,2003,678
sri_lanka,2003,98
sweden,2003,11
switzerland,2003,9
thailand,2003,5
trinidad_and_tobago,2003,31
tunisia,2003,395
turkey,2003,23
uganda,2003,1
ukraine,2003,15
united_kingdom,2003,138
united_states,2003,14
algeria,2004,35
australia,2004,692
belarus,2004,0
botswana,2004,5
brazil,2004,302
canada,2004,297
central_african_republic,2004,1
chile,2004,125
colombia,2004,12
costa_rica,2004,10
cyprus,2004,13
denmark,2004,804
dominican_republic,2004,0
ecuador,2004,11
el_salvador,2004,27
estonia,2004,1
finland,2004,84
france,2004,699
guyana,2004,229
hungary,2004,8
iceland,2004,1
india,2004,477
ireland,2004,11
israel,2004,49
italy,2004,745
jamaica,2004,16
japan,2004,51
jordan,2004,0
liechtenstein,2004,0
lithuania,2004,0
malta,2004,6
mauritius,2004,47
mexico,2004,205
monaco,2004,0
myanmar,2004,9
netherlands,2004,12
new_zealand,2004,34
nicaragua,2004,1
nigeria,2004,36
norway,2004,12
panama,2004,1
peru,2004,107
philippines,2004,25
poland,2004,2
portugal,2004,122
romania,2004,11
russia,2004,5933
san_marino,2004,1
singapore,2004,0
slovakia,2004,0
south_africa,2004,49
south_korea,2004,462
spain,2004,708
sri_lanka,2004,90
sweden,2004,9
switzerland,2004,8
thailand,2004,2
trinidad_and_tobago,2004,22
tunisia,2004,391
turkey,2004,30
uganda,2004,3
ukraine,2004,4
united_kingdom,2004,135
united_states,2004,17
australia,2005,472
austria,2005,0
botswana,2005,1
brazil,2005,299
canada,2005,260
central_african_republic,2005,3
chile,2005,101
colombia,2005,18
costa_rica,2005,16
cyprus,2005,11
denmark,2005,534
dominican_republic,2005,0
ecuador,2005,8
el_salvador,2005,25
estonia,2005,0
finland,2005,365
guyana,2005,163
hungary,2005,11
india,2005,456
ireland,2005,15
israel,2005,57
italy,2005,654
jamaica,2005,7
japan,2005,50
jordan,2005,0
latvia,2005,0
liechtenstein,2005,0
lithuania,2005,1
malta,2005,8
mauritius,2005,17
mexico,2005,224
monaco,2005,0
myanmar,2005,4
netherlands,2005,28
new_zealand,2005,60
nigeria,2005,149
norway,2005,2
panama,2005,1
peru,2005,65
philippines,2005,26
poland,2005,8
portugal,2005,126
romania,2005,8
russia,2005,2575
san_marino,2005,2
singapore,2005,0
slovakia,2005,0
south_africa,2005,102
south_korea,2005,287
spain,2005,685
sri_lanka,2005,57
sweden,2005,14
switzerland,2005,5
thailand,2005,9
tunisia,2005,466
turkey,2005,34
ukraine,2005,4
united_kingdom,2005,116
united_states,2005,22
argentina,2006,770
australia,2006,202
austria,2006,0
botswana,2006,2
brazil,2006,320
canada,2006,151
central_african_republic,2006,9
chile,2006,134
colombia,2006,8
costa_rica,2006,7
cyprus,2006,10
denmark,2006,476
dominican_republic,2006,1
ecuador,2006,16
el_salvador,2006,17
estonia,2006,1
finland,2006,97
guyana,2006,208
hungary,2006,16
india,2006,430
ireland,2006,10
israel,2006,35
italy,2006,587
japan,2006,46
latvia,2006,0
liechtenstein,2006,0
lithuania,2006,0
luxembourg,2006,0
malta,2006,8
mauritius,2006,13
mexico,2006,186
monaco,2006,0
myanmar,2006,6
netherlands,2006,31
new_zealand,2006,42
nigeria,2006,189
norway,2006,12
panama,2006,3
peru,2006,67
philippines,2006,12
poland,2006,27
portugal,2006,155
romania,2006,2
russia,2006,6
san_marino,2006,0
singapore,2006,0
slovakia,2006,4
south_africa,2006,99
south_korea,2006,138
spain,2006,783
sri_lanka,2006,52
sweden,2006,9
switzerland,2006,3
thailand,2006,2
tunisia,2006,392
turkey,2006,26
ukraine,2006,13
united_kingdom,2006,158
united_states,2006,23
argentina,2007,838
australia,2007,135
austria,2007,0
botswana,2007,5
brazil,2007,316
canada,2007,206
central_african_republic,2007,11
chile,2007,146
colombia,2007,7
costa_rica,2007,7
cyprus,2007,8
denmark,2007,862
dominican_republic,2007,0
ecuador,2007,8
el_salvador,2007,11
estonia,2007,2
finland,2007,91
guyana,2007,177
hungary,2007,22
india,2007,389
ireland,2007,6
israel,2007,30
italy,2007,667
japan,2007,54
latvia,2007,0
lithuania,2007,161
malta,2007,5
mauritius,2007,29
mexico,2007,271
myanmar,2007,7
netherlands,2007,20
new_zealand,2007,31
norway,2007,4
panama,2007,4
peru,2007,73
philippines,2007,6
poland,2007,1736
portugal,2007,99
romania,2007,12
russia,2007,7
san_marino,2007,0
singapore,2007,0
slovakia,2007,1
south_africa,2007,75
south_korea,2007,115
spain,2007,752
sri_lanka,2007,25
sweden,2007,14
switzerland,2007,2
thailand,2007,5
tunisia,2007,382
turkey,2007,15
ukraine,2007,5
united_kingdom,2007,152
united_states,2007,23
argentina,2008,840
australia,2008,177
austria,2008,0
botswana,2008,1
brazil,2008,411
canada,2008,187
central_african_republic,2008,3
chile,2008,159
colombia,2008,3
costa_rica,2008,9
cyprus,2008,8
denmark,2008,335
dominican_republic,2008,0
ecuador,2008,11
el_salvador,2008,12
estonia,2008,1
finland,2008,92
hungary,2008,8
india,2008,423
ireland,2008,12
israel,2008,14
italy,2008,621
japan,2008,52
latvia,2008,14
lithuania,2008,112
malta,2008,4
mauritius,2008,15
mexico,2008,150
myanmar,2008,6
netherlands,2008,21
new_zealand,2008,23
norway,2008,10
panama,2008,7
peru,2008,63
philippines,2008,5
poland,2008,12765
romania,2008,8
russia,2008,4
singapore,2008,0
slovakia,2008,1
south_africa,2008,57
south_korea,2008,108
spain,2008,811
sri_lanka,2008,51
sweden,2008,5
switzerland,2008,8
turkey,2008,15
ukraine,2008,1
united_kingdom,2008,144
united_states,2008,16
uruguay,2008,150
argentina,2009,971
armenia,2009,0
austria,2009,0
bahrain,2009,5
barbados,2009,24
brazil,2009,518
costa_rica,2009,20
cyprus,2009,6
denmark,2009,207
el_salvador,2009,24
finland,2009,112
germany,2009,455
hungary,2009,9
india,2009,391
israel,2009,15
italy,2009,889
japan,2009,92
latvia,2009,2
malta,2009,3
mexico,2009,19
new_zealand,2009,31
panama,2009,9
paraguay,2009,172
peru,2009,99
philippines,2009,4
poland,2009,49
san_marino,2009,1
singapore,2009,0
slovakia,2009,0
south_africa,2009,51
south_korea,2009,121
spain,2009,1001
sri_lanka,2009,8
sweden,2009,3
switzerland,2009,3
trinidad_and_tobago,2009,11
united_kingdom,2009,98
united_states,2009,5
uruguay,2009,104
argentina,2010,1031
armenia,2010,0
austria,2010,0
bahrain,2010,11
barbados,2010,0
brazil,2010,446
costa_rica,2010,6
cyprus,2010,4
denmark,2010,329
el_salvador,2010,13
finland,2010,150
germany,2010,132
hungary,2010,7
india,2010,429
israel,2010,24
japan,2010,85
latvia,2010,0
mexico,2010,11
new_zealand,2010,17
panama,2010,6
paraguay,2010,125
peru,2010,83
philippines,2010,8
poland,2010,79
san_marino,2010,1
singapore,2010,0
slovakia,2010,2
south_africa,2010,74
south_korea,2010,86
spain,2010,986
sri_lanka,2010,15
sweden,2010,5
switzerland,2010,3
trinidad_and_tobago,2010,4
united_kingdom,2010,92
united_states,2010,11
uruguay,2010,150
argentina,2011,961
belize,2011,0
brazil,2011,554
canada,2011,148
chile,2011,184
costa_rica,2011,15
cyprus,2011,57
denmark,2011,280
ecuador,2011,2
estonia,2011,0
finland,2011,163
germany,2011,158
hungary,2011,1
israel,2011,27
japan,2011,57
latvia,2011,0
malta,2011,3
mauritius,2011,15
mexico,2011,13
new_zealand,2011,12
panama,2011,1
paraguay,2011,185
peru,2011,84
philippines,2011,2
poland,2011,53
singapore,2011,0
slovakia,2011,4
south_africa,2011,67
south_korea,2011,65
spain,2011,777
sri_lanka,2011,21
sweden,2011,2
switzerland,2011,7
united_kingdom,2011,149
united_states,2011,19
argentina,2012,1216
belize,2012,0
brazil,2012,873
canada,2012,282
chile,2012,160
costa_rica,2012,8
cyprus,2012,76
denmark,2012,225
ecuador,2012,12
estonia,2012,2
finland,2012,86
germany,2012,368
hungary,2012,3
israel,2012,24
japan,2012,79
latvia,2012,1
lithuania,2012,193
malta,2012,4
mauritius,2012,11
mexico,2012,19
new_zealand,2012,10
panama,2012,1
paraguay,2012,106
peru,2012,89
philippines,2012,3
poland,2012,17
seychelles,2012,3
singapore,2012,1
slovakia,2012,2
south_africa,2012,99
south_korea,2012,105
spain,2012,878
sri_lanka,2012,34
sweden,2012,8
switzerland,2012,10
united_kingdom,2012,131
united_states,2012,19
argentina,2013,1206
australia,2013,215
barbados,2013,9
chile,2013,201
costa_rica,2013,23
cyprus,2013,47
denmark,2013,197
estonia,2013,0
finland,2013,121
germany,2013,1384
hungary,2013,1
israel,2013,25
latvia,2013,0
mexico,2013,18
norway,2013,6
panama,2013,1
peru,2013,94
poland,2013,93
south_africa,2013,114
sri_lanka,2013,40
sweden,2013,11
switzerland,2013,13
turkey,2013,21
united_kingdom,2013,114
united_states,2013,15
