country,year,nickel_production
albania,1850,0.0
australia,1850,0.0
botswana,1850,0.0
brazil,1850,0.0
canada,1850,0.0
china,1850,0.0
colombia,1850,0.0
cuba,1850,0.0
dominican_republic,1850,0.0
finland,1850,0.0
germany,1850,0.0
greece,1850,0.0
indonesia,1850,0.0
kazakhstan,1850,0.0
macedonia,1850,0.0
morocco,1850,0.0
myanmar,1850,0.0
norway,1850,0.0
papua_new_guinea,1850,0.0
philippines,1850,0.0
poland,1850,0.0
russia,1850,0.0
south_africa,1850,0.0
spain,1850,0.0
turkey,1850,0.0
ukraine,1850,0.0
united_states,1850,0.0
venezuela,1850,0.0
zambia,1850,0.0
zimbabwe,1850,0.0
albania,1851,0.0
australia,1851,0.0
botswana,1851,0.0
brazil,1851,0.0
canada,1851,0.0
china,1851,0.0
colombia,1851,0.0
cuba,1851,0.0
dominican_republic,1851,0.0
finland,1851,0.0
germany,1851,0.0
greece,1851,0.0
india,1851,0.0
indonesia,1851,0.0
iran,1851,0.0
kazakhstan,1851,0.0
macedonia,1851,0.0
morocco,1851,0.0
myanmar,1851,0.0
norway,1851,0.0
papua_new_guinea,1851,0.0
philippines,1851,0.0
poland,1851,0.0
russia,1851,0.0
south_africa,1851,0.0
spain,1851,0.0
turkey,1851,0.0
ukraine,1851,0.0
united_states,1851,0.0
venezuela,1851,0.0
zambia,1851,0.0
zimbabwe,1851,0.0
albania,1852,0.0
australia,1852,0.0
botswana,1852,0.0
brazil,1852,0.0
canada,1852,0.0
china,1852,0.0
colombia,1852,0.0
cuba,1852,0.0
dominican_republic,1852,0.0
finland,1852,0.0
germany,1852,0.0
greece,1852,0.0
india,1852,0.0
indonesia,1852,0.0
iran,1852,0.0
kazakhstan,1852,0.0
macedonia,1852,0.0
morocco,1852,0.0
myanmar,1852,0.0
norway,1852,0.0
papua_new_guinea,1852,0.0
philippines,1852,0.0
poland,1852,0.0
russia,1852,0.0
south_africa,1852,0.0
spain,1852,0.0
turkey,1852,0.0
ukraine,1852,0.0
united_states,1852,0.0
venezuela,1852,0.0
zambia,1852,0.0
zimbabwe,1852,0.0
albania,1853,0.0
australia,1853,0.0
botswana,1853,0.0
brazil,1853,0.0
canada,1853,0.0
china,1853,0.0
colombia,1853,0.0
cuba,1853,0.0
dominican_republic,1853,0.0
finland,1853,0.0
germany,1853,0.0
greece,1853,0.0
india,1853,0.0
indonesia,1853,0.0
iran,1853,0.0
kazakhstan,1853,0.0
macedonia,1853,0.0
morocco,1853,0.0
myanmar,1853,0.0
norway,1853,0.0
papua_new_guinea,1853,0.0
philippines,1853,0.0
poland,1853,0.0
russia,1853,0.0
south_africa,1853,0.0
spain,1853,0.0
turkey,1853,0.0
ukraine,1853,0.0
united_states,1853,0.0
venezuela,1853,0.0
zambia,1853,0.0
zimbabwe,1853,0.0
albania,1854,0.0
australia,1854,0.0
botswana,1854,0.0
brazil,1854,0.0
canada,1854,0.0
china,1854,0.0
colombia,1854,0.0
cuba,1854,0.0
dominican_republic,1854,0.0
finland,1854,0.0
germany,1854,0.0
greece,1854,0.0
india,1854,0.0
indonesia,1854,0.0
iran,1854,0.0
kazakhstan,1854,0.0
macedonia,1854,0.0
morocco,1854,0.0
myanmar,1854,0.0
norway,1854,0.0
papua_new_guinea,1854,0.0
philippines,1854,0.0
poland,1854,0.0
russia,1854,0.0
south_africa,1854,0.0
spain,1854,0.0
turkey,1854,0.0
ukraine,1854,0.0
united_states,1854,0.0
venezuela,1854,0.0
zambia,1854,0.0
zimbabwe,1854,0.0
albania,1855,0.0
australia,1855,0.0
botswana,1855,0.0
brazil,1855,0.0
canada,1855,0.0
china,1855,0.0
colombia,1855,0.0
cuba,1855,0.0
dominican_republic,1855,0.0
finland,1855,0.0
germany,1855,0.0
greece,1855,0.0
india,1855,0.0
indonesia,1855,0.0
iran,1855,0.0
kazakhstan,1855,0.0
macedonia,1855,0.0
morocco,1855,0.0
myanmar,1855,0.0
norway,1855,0.0
papua_new_guinea,1855,0.0
philippines,1855,0.0
poland,1855,0.0
russia,1855,0.0
south_africa,1855,0.0
spain,1855,0.0
turkey,1855,0.0
ukraine,1855,0.0
united_states,1855,0.0
venezuela,1855,0.0
zambia,1855,0.0
zimbabwe,1855,0.0
albania,1856,0.0
australia,1856,0.0
botswana,1856,0.0
brazil,1856,0.0
canada,1856,0.0
china,1856,0.0
colombia,1856,0.0
cuba,1856,0.0
dominican_republic,1856,0.0
finland,1856,0.0
germany,1856,0.0
greece,1856,0.0
india,1856,0.0
indonesia,1856,0.0
iran,1856,0.0
kazakhstan,1856,0.0
macedonia,1856,0.0
morocco,1856,0.0
myanmar,1856,0.0
norway,1856,0.0
papua_new_guinea,1856,0.0
philippines,1856,0.0
poland,1856,0.0
russia,1856,0.0
south_africa,1856,0.0
spain,1856,0.0
turkey,1856,0.0
ukraine,1856,0.0
united_states,1856,0.0
venezuela,1856,0.0
zambia,1856,0.0
zimbabwe,1856,0.0
albania,1857,0.0
australia,1857,0.0
botswana,1857,0.0
brazil,1857,0.0
canada,1857,0.0
china,1857,0.0
colombia,1857,0.0
cuba,1857,0.0
dominican_republic,1857,0.0
finland,1857,0.0
germany,1857,0.0
greece,1857,0.0
india,1857,0.0
indonesia,1857,0.0
iran,1857,0.0
kazakhstan,1857,0.0
macedonia,1857,0.0
morocco,1857,0.0
myanmar,1857,0.0
norway,1857,0.0
papua_new_guinea,1857,0.0
philippines,1857,0.0
poland,1857,0.0
russia,1857,0.0
south_africa,1857,0.0
spain,1857,0.0
turkey,1857,0.0
ukraine,1857,0.0
united_states,1857,0.0
venezuela,1857,0.0
zambia,1857,0.0
zimbabwe,1857,0.0
albania,1858,0.0
australia,1858,0.0
botswana,1858,0.0
brazil,1858,0.0
canada,1858,0.0
china,1858,0.0
colombia,1858,0.0
cuba,1858,0.0
dominican_republic,1858,0.0
finland,1858,0.0
germany,1858,0.0
greece,1858,0.0
india,1858,0.0
indonesia,1858,0.0
iran,1858,0.0
kazakhstan,1858,0.0
macedonia,1858,0.0
morocco,1858,0.0
myanmar,1858,0.0
norway,1858,0.0
papua_new_guinea,1858,0.0
philippines,1858,0.0
poland,1858,0.0
russia,1858,0.0
south_africa,1858,0.0
spain,1858,0.0
turkey,1858,0.0
ukraine,1858,0.0
united_states,1858,0.0
venezuela,1858,0.0
zambia,1858,0.0
zimbabwe,1858,0.0
albania,1859,0.0
australia,1859,0.0
botswana,1859,0.0
brazil,1859,0.0
canada,1859,0.0
china,1859,0.0
colombia,1859,0.0
cuba,1859,0.0
dominican_republic,1859,0.0
finland,1859,0.0
germany,1859,0.0
greece,1859,0.0
india,1859,0.0
indonesia,1859,0.0
iran,1859,0.0
kazakhstan,1859,0.0
macedonia,1859,0.0
morocco,1859,0.0
myanmar,1859,0.0
norway,1859,0.0
papua_new_guinea,1859,0.0
philippines,1859,0.0
poland,1859,0.0
russia,1859,0.0
south_africa,1859,0.0
spain,1859,0.0
turkey,1859,0.0
ukraine,1859,0.0
united_states,1859,0.0
venezuela,1859,0.0
zambia,1859,0.0
zimbabwe,1859,0.0
albania,1860,0.0
australia,1860,0.0
botswana,1860,0.0
brazil,1860,0.0
canada,1860,0.0
china,1860,0.0
colombia,1860,0.0
cuba,1860,0.0
dominican_republic,1860,0.0
finland,1860,0.0
germany,1860,0.0
greece,1860,0.0
india,1860,0.0
indonesia,1860,0.0
iran,1860,0.0
kazakhstan,1860,0.0
macedonia,1860,0.0
morocco,1860,0.0
myanmar,1860,0.0
norway,1860,0.0
papua_new_guinea,1860,0.0
philippines,1860,0.0
poland,1860,0.0
russia,1860,0.0
south_africa,1860,0.0
spain,1860,0.0
turkey,1860,0.0
ukraine,1860,0.0
united_states,1860,0.0
venezuela,1860,0.0
zambia,1860,0.0
zimbabwe,1860,0.0
albania,1861,0.0
australia,1861,0.0
botswana,1861,0.0
brazil,1861,0.0
canada,1861,0.0
china,1861,0.0
colombia,1861,0.0
cuba,1861,0.0
dominican_republic,1861,0.0
finland,1861,0.0
germany,1861,0.0
greece,1861,0.0
india,1861,0.0
indonesia,1861,0.0
iran,1861,0.0
kazakhstan,1861,0.0
macedonia,1861,0.0
morocco,1861,0.0
myanmar,1861,0.0
norway,1861,0.0
papua_new_guinea,1861,0.0
philippines,1861,0.0
poland,1861,0.0
russia,1861,0.0
south_africa,1861,0.0
spain,1861,0.0
turkey,1861,0.0
ukraine,1861,0.0
united_states,1861,0.1
venezuela,1861,0.0
zambia,1861,0.0
zimbabwe,1861,0.0
albania,1862,0.0
australia,1862,0.0
botswana,1862,0.0
brazil,1862,0.0
canada,1862,0.0
china,1862,0.0
colombia,1862,0.0
cuba,1862,0.0
dominican_republic,1862,0.0
finland,1862,0.0
germany,1862,0.0
greece,1862,0.0
india,1862,0.0
indonesia,1862,0.0
iran,1862,0.0
kazakhstan,1862,0.0
macedonia,1862,0.0
morocco,1862,0.0
myanmar,1862,0.0
norway,1862,0.0
papua_new_guinea,1862,0.0
philippines,1862,0.0
poland,1862,0.0
russia,1862,0.0
south_africa,1862,0.0
spain,1862,0.0
turkey,1862,0.0
ukraine,1862,0.0
united_states,1862,0.0
venezuela,1862,0.0
zambia,1862,0.0
zimbabwe,1862,0.0
albania,1863,0.0
australia,1863,0.0
botswana,1863,0.0
brazil,1863,0.0
canada,1863,0.0
china,1863,0.0
colombia,1863,0.0
cuba,1863,0.0
dominican_republic,1863,0.0
finland,1863,0.0
germany,1863,0.0
greece,1863,0.0
india,1863,0.0
indonesia,1863,0.0
iran,1863,0.0
kazakhstan,1863,0.0
macedonia,1863,0.0
morocco,1863,0.0
myanmar,1863,0.0
norway,1863,0.0
papua_new_guinea,1863,0.0
philippines,1863,0.0
poland,1863,0.0
russia,1863,0.0
south_africa,1863,0.0
spain,1863,0.0
turkey,1863,0.0
ukraine,1863,0.0
united_states,1863,0.0
venezuela,1863,0.0
zambia,1863,0.0
zimbabwe,1863,0.0
albania,1864,0.0
australia,1864,0.0
botswana,1864,0.0
brazil,1864,0.0
canada,1864,0.0
china,1864,0.0
colombia,1864,0.0
cuba,1864,0.0
dominican_republic,1864,0.0
finland,1864,0.0
germany,1864,0.0
greece,1864,0.0
india,1864,0.0
indonesia,1864,0.0
iran,1864,0.0
kazakhstan,1864,0.0
macedonia,1864,0.0
morocco,1864,0.0
myanmar,1864,0.0
norway,1864,0.0
papua_new_guinea,1864,0.0
philippines,1864,0.0
poland,1864,0.0
russia,1864,0.0
south_africa,1864,0.0
spain,1864,0.0
turkey,1864,0.0
ukraine,1864,0.0
united_states,1864,0.0
venezuela,1864,0.0
zambia,1864,0.0
zimbabwe,1864,0.0
albania,1865,0.0
australia,1865,0.0
botswana,1865,0.0
brazil,1865,0.0
canada,1865,0.0
china,1865,0.0
colombia,1865,0.0
cuba,1865,0.0
dominican_republic,1865,0.0
finland,1865,0.0
germany,1865,0.0
greece,1865,0.0
india,1865,0.0
indonesia,1865,0.0
iran,1865,0.0
kazakhstan,1865,0.0
macedonia,1865,0.0
morocco,1865,0.0
myanmar,1865,0.0
norway,1865,0.0
papua_new_guinea,1865,0.0
philippines,1865,0.0
poland,1865,0.0
russia,1865,0.0
south_africa,1865,0.0
spain,1865,0.0
turkey,1865,0.0
ukraine,1865,0.0
united_states,1865,0.1
venezuela,1865,0.0
zambia,1865,0.0
zimbabwe,1865,0.0
albania,1866,0.0
australia,1866,0.0
botswana,1866,0.0
brazil,1866,0.0
canada,1866,0.0
china,1866,0.0
colombia,1866,0.0
cuba,1866,0.0
dominican_republic,1866,0.0
finland,1866,0.0
germany,1866,0.0
greece,1866,0.0
india,1866,0.0
indonesia,1866,0.0
iran,1866,0.0
kazakhstan,1866,0.0
macedonia,1866,0.0
morocco,1866,0.0
myanmar,1866,0.0
norway,1866,0.1
papua_new_guinea,1866,0.0
philippines,1866,0.0
poland,1866,0.0
russia,1866,0.0
south_africa,1866,0.0
spain,1866,0.0
turkey,1866,0.0
ukraine,1866,0.0
united_states,1866,0.1
venezuela,1866,0.0
zambia,1866,0.0
zimbabwe,1866,0.0
albania,1867,0.0
australia,1867,0.0
botswana,1867,0.0
brazil,1867,0.0
canada,1867,0.0
china,1867,0.0
colombia,1867,0.0
cuba,1867,0.0
dominican_republic,1867,0.0
finland,1867,0.0
germany,1867,0.0
greece,1867,0.0
india,1867,0.0
indonesia,1867,0.0
iran,1867,0.0
kazakhstan,1867,0.0
macedonia,1867,0.0
morocco,1867,0.0
myanmar,1867,0.0
norway,1867,0.1
papua_new_guinea,1867,0.0
philippines,1867,0.0
poland,1867,0.0
russia,1867,0.0
south_africa,1867,0.0
spain,1867,0.0
turkey,1867,0.0
ukraine,1867,0.0
united_states,1867,0.0
venezuela,1867,0.0
zambia,1867,0.0
zimbabwe,1867,0.0
albania,1868,0.0
australia,1868,0.0
botswana,1868,0.0
brazil,1868,0.0
canada,1868,0.0
china,1868,0.0
colombia,1868,0.0
cuba,1868,0.0
dominican_republic,1868,0.0
finland,1868,0.0
germany,1868,0.0
greece,1868,0.0
india,1868,0.0
indonesia,1868,0.0
iran,1868,0.0
kazakhstan,1868,0.0
macedonia,1868,0.0
morocco,1868,0.0
myanmar,1868,0.0
norway,1868,0.1
papua_new_guinea,1868,0.0
philippines,1868,0.0
poland,1868,0.0
russia,1868,0.0
south_africa,1868,0.0
spain,1868,0.0
turkey,1868,0.0
ukraine,1868,0.0
united_states,1868,0.0
venezuela,1868,0.0
zambia,1868,0.0
zimbabwe,1868,0.0
albania,1869,0.0
australia,1869,0.0
botswana,1869,0.0
brazil,1869,0.0
canada,1869,0.0
china,1869,0.0
colombia,1869,0.0
cuba,1869,0.0
dominican_republic,1869,0.0
finland,1869,0.0
germany,1869,0.0
greece,1869,0.0
india,1869,0.0
indonesia,1869,0.0
iran,1869,0.0
kazakhstan,1869,0.0
macedonia,1869,0.0
morocco,1869,0.0
myanmar,1869,0.0
norway,1869,0.0
papua_new_guinea,1869,0.0
philippines,1869,0.0
poland,1869,0.0
russia,1869,0.0
south_africa,1869,0.0
spain,1869,0.0
turkey,1869,0.0
ukraine,1869,0.0
united_states,1869,0.0
venezuela,1869,0.0
zambia,1869,0.0
zimbabwe,1869,0.0
albania,1870,0.0
australia,1870,0.0
botswana,1870,0.0
brazil,1870,0.0
canada,1870,0.0
china,1870,0.0
colombia,1870,0.0
cuba,1870,0.0
dominican_republic,1870,0.0
finland,1870,0.0
germany,1870,0.0
greece,1870,0.0
india,1870,0.0
indonesia,1870,0.0
iran,1870,0.0
kazakhstan,1870,0.0
macedonia,1870,0.0
morocco,1870,0.0
myanmar,1870,0.0
norway,1870,0.1
papua_new_guinea,1870,0.0
philippines,1870,0.0
poland,1870,0.0
russia,1870,0.0
south_africa,1870,0.0
spain,1870,0.0
turkey,1870,0.0
ukraine,1870,0.0
united_states,1870,0.1
venezuela,1870,0.0
zambia,1870,0.0
zimbabwe,1870,0.0
albania,1871,0.0
australia,1871,0.0
botswana,1871,0.0
brazil,1871,0.0
canada,1871,0.0
china,1871,0.0
colombia,1871,0.0
cuba,1871,0.0
dominican_republic,1871,0.0
finland,1871,0.0
germany,1871,0.0
greece,1871,0.0
india,1871,0.0
indonesia,1871,0.0
iran,1871,0.0
kazakhstan,1871,0.0
macedonia,1871,0.0
morocco,1871,0.0
myanmar,1871,0.0
norway,1871,0.0
papua_new_guinea,1871,0.0
philippines,1871,0.0
poland,1871,0.0
russia,1871,0.0
south_africa,1871,0.0
spain,1871,0.0
turkey,1871,0.0
ukraine,1871,0.0
united_states,1871,0.0
venezuela,1871,0.0
zambia,1871,0.0
zimbabwe,1871,0.0
albania,1872,0.0
australia,1872,0.0
botswana,1872,0.0
brazil,1872,0.0
canada,1872,0.0
china,1872,0.0
colombia,1872,0.0
cuba,1872,0.0
dominican_republic,1872,0.0
finland,1872,0.0
germany,1872,0.0
greece,1872,0.0
india,1872,0.0
indonesia,1872,0.0
iran,1872,0.0
kazakhstan,1872,0.0
macedonia,1872,0.0
morocco,1872,0.0
myanmar,1872,0.0
norway,1872,0.1
papua_new_guinea,1872,0.0
philippines,1872,0.0
poland,1872,0.0
russia,1872,0.0
south_africa,1872,0.0
spain,1872,0.0
turkey,1872,0.0
ukraine,1872,0.0
united_states,1872,0.0
venezuela,1872,0.0
zambia,1872,0.0
zimbabwe,1872,0.0
albania,1873,0.0
australia,1873,0.0
botswana,1873,0.0
brazil,1873,0.0
canada,1873,0.0
china,1873,0.0
colombia,1873,0.0
cuba,1873,0.0
dominican_republic,1873,0.0
finland,1873,0.0
germany,1873,0.0
greece,1873,0.0
india,1873,0.0
indonesia,1873,0.0
iran,1873,0.0
kazakhstan,1873,0.0
macedonia,1873,0.0
morocco,1873,0.0
myanmar,1873,0.0
norway,1873,0.1
papua_new_guinea,1873,0.0
philippines,1873,0.0
poland,1873,0.0
russia,1873,0.0
south_africa,1873,0.0
spain,1873,0.0
turkey,1873,0.0
ukraine,1873,0.0
united_states,1873,0.0
venezuela,1873,0.0
zambia,1873,0.0
zimbabwe,1873,0.0
albania,1874,0.0
australia,1874,0.0
botswana,1874,0.0
brazil,1874,0.0
canada,1874,0.0
china,1874,0.0
colombia,1874,0.0
cuba,1874,0.0
dominican_republic,1874,0.0
finland,1874,0.0
germany,1874,0.0
greece,1874,0.0
india,1874,0.0
indonesia,1874,0.0
iran,1874,0.0
kazakhstan,1874,0.0
macedonia,1874,0.0
morocco,1874,0.0
myanmar,1874,0.0
norway,1874,0.1
papua_new_guinea,1874,0.0
philippines,1874,0.0
poland,1874,0.0
russia,1874,0.0
south_africa,1874,0.0
spain,1874,0.0
turkey,1874,0.0
ukraine,1874,0.0
united_states,1874,0.0
venezuela,1874,0.0
zambia,1874,0.0
zimbabwe,1874,0.0
albania,1875,0.0
australia,1875,0.0
botswana,1875,0.0
brazil,1875,0.0
canada,1875,0.0
china,1875,0.0
colombia,1875,0.0
cuba,1875,0.0
dominican_republic,1875,0.0
finland,1875,0.0
germany,1875,0.0
greece,1875,0.0
india,1875,0.0
indonesia,1875,0.0
iran,1875,0.0
kazakhstan,1875,0.0
macedonia,1875,0.0
morocco,1875,0.0
myanmar,1875,0.0
norway,1875,0.3
papua_new_guinea,1875,0.0
philippines,1875,0.0
poland,1875,0.0
russia,1875,0.0
south_africa,1875,0.0
spain,1875,0.0
turkey,1875,0.0
ukraine,1875,0.0
united_states,1875,0.0
venezuela,1875,0.0
zambia,1875,0.0
zimbabwe,1875,0.0
albania,1876,0.0
australia,1876,0.0
botswana,1876,0.0
brazil,1876,0.0
canada,1876,0.0
china,1876,0.0
colombia,1876,0.0
cuba,1876,0.0
dominican_republic,1876,0.0
finland,1876,0.0
germany,1876,0.0
greece,1876,0.0
india,1876,0.0
indonesia,1876,0.0
iran,1876,0.0
kazakhstan,1876,0.0
macedonia,1876,0.0
morocco,1876,0.0
myanmar,1876,0.0
norway,1876,0.3
papua_new_guinea,1876,0.0
philippines,1876,0.0
poland,1876,0.0
russia,1876,0.0
south_africa,1876,0.0
spain,1876,0.0
turkey,1876,0.0
ukraine,1876,0.0
united_states,1876,0.1
venezuela,1876,0.0
zambia,1876,0.0
zimbabwe,1876,0.0
albania,1877,0.0
australia,1877,0.0
botswana,1877,0.0
brazil,1877,0.0
canada,1877,0.0
china,1877,0.0
colombia,1877,0.0
cuba,1877,0.0
dominican_republic,1877,0.0
finland,1877,0.0
germany,1877,0.0
greece,1877,0.0
india,1877,0.0
indonesia,1877,0.0
iran,1877,0.0
kazakhstan,1877,0.0
macedonia,1877,0.0
morocco,1877,0.0
myanmar,1877,0.0
norway,1877,0.1
papua_new_guinea,1877,0.0
philippines,1877,0.0
poland,1877,0.0
russia,1877,0.0
south_africa,1877,0.0
spain,1877,0.0
turkey,1877,0.0
ukraine,1877,0.0
united_states,1877,0.1
venezuela,1877,0.0
zambia,1877,0.0
zimbabwe,1877,0.0
albania,1878,0.0
australia,1878,0.0
botswana,1878,0.0
brazil,1878,0.0
canada,1878,0.0
china,1878,0.0
colombia,1878,0.0
cuba,1878,0.0
dominican_republic,1878,0.0
finland,1878,0.0
germany,1878,0.0
greece,1878,0.0
india,1878,0.0
indonesia,1878,0.0
iran,1878,0.0
kazakhstan,1878,0.0
macedonia,1878,0.0
morocco,1878,0.0
myanmar,1878,0.0
norway,1878,0.1
papua_new_guinea,1878,0.0
philippines,1878,0.0
poland,1878,0.0
russia,1878,0.0
south_africa,1878,0.0
spain,1878,0.0
turkey,1878,0.0
ukraine,1878,0.0
united_states,1878,0.1
venezuela,1878,0.0
zambia,1878,0.0
zimbabwe,1878,0.0
albania,1879,0.0
australia,1879,0.0
botswana,1879,0.0
brazil,1879,0.0
canada,1879,0.0
china,1879,0.0
colombia,1879,0.0
cuba,1879,0.0
dominican_republic,1879,0.0
finland,1879,0.0
germany,1879,0.0
greece,1879,0.0
india,1879,0.0
indonesia,1879,0.0
iran,1879,0.0
kazakhstan,1879,0.0
macedonia,1879,0.0
morocco,1879,0.0
myanmar,1879,0.0
norway,1879,0.0
papua_new_guinea,1879,0.0
philippines,1879,0.0
poland,1879,0.0
russia,1879,0.0
south_africa,1879,0.0
spain,1879,0.0
turkey,1879,0.0
ukraine,1879,0.0
united_states,1879,0.1
venezuela,1879,0.0
zambia,1879,0.0
zimbabwe,1879,0.0
albania,1880,0.0
australia,1880,0.0
botswana,1880,0.0
brazil,1880,0.0
canada,1880,0.0
china,1880,0.0
colombia,1880,0.0
cuba,1880,0.0
dominican_republic,1880,0.0
finland,1880,0.0
germany,1880,0.0
greece,1880,0.0
india,1880,0.0
indonesia,1880,0.0
iran,1880,0.0
kazakhstan,1880,0.0
macedonia,1880,0.0
morocco,1880,0.0
myanmar,1880,0.0
norway,1880,0.1
papua_new_guinea,1880,0.0
philippines,1880,0.0
poland,1880,0.0
russia,1880,0.0
south_africa,1880,0.0
spain,1880,0.0
turkey,1880,0.0
ukraine,1880,0.0
united_states,1880,0.1
venezuela,1880,0.0
zambia,1880,0.0
zimbabwe,1880,0.0
albania,1881,0.0
australia,1881,0.0
botswana,1881,0.0
brazil,1881,0.0
canada,1881,0.0
china,1881,0.0
colombia,1881,0.0
cuba,1881,0.0
dominican_republic,1881,0.0
finland,1881,0.0
germany,1881,0.0
greece,1881,0.0
india,1881,0.0
indonesia,1881,0.0
iran,1881,0.0
kazakhstan,1881,0.0
macedonia,1881,0.0
morocco,1881,0.0
myanmar,1881,0.0
norway,1881,0.1
papua_new_guinea,1881,0.0
philippines,1881,0.0
poland,1881,0.0
russia,1881,0.0
south_africa,1881,0.0
spain,1881,0.0
turkey,1881,0.0
ukraine,1881,0.0
united_states,1881,0.1
venezuela,1881,0.0
zambia,1881,0.0
zimbabwe,1881,0.0
albania,1882,0.0
australia,1882,0.0
botswana,1882,0.0
brazil,1882,0.0
canada,1882,0.0
china,1882,0.0
colombia,1882,0.0
cuba,1882,0.0
dominican_republic,1882,0.0
finland,1882,0.0
germany,1882,0.0
greece,1882,0.0
india,1882,0.0
indonesia,1882,0.0
iran,1882,0.0
kazakhstan,1882,0.0
macedonia,1882,0.0
morocco,1882,0.0
myanmar,1882,0.0
norway,1882,0.1
papua_new_guinea,1882,0.0
philippines,1882,0.0
poland,1882,0.0
russia,1882,0.0
south_africa,1882,0.0
spain,1882,0.0
turkey,1882,0.0
ukraine,1882,0.0
united_states,1882,0.1
venezuela,1882,0.0
zambia,1882,0.0
zimbabwe,1882,0.0
albania,1883,0.0
australia,1883,0.0
botswana,1883,0.0
brazil,1883,0.0
canada,1883,0.0
china,1883,0.0
colombia,1883,0.0
cuba,1883,0.0
dominican_republic,1883,0.0
finland,1883,0.0
germany,1883,0.0
greece,1883,0.0
india,1883,0.0
indonesia,1883,0.0
iran,1883,0.0
kazakhstan,1883,0.0
macedonia,1883,0.0
morocco,1883,0.0
myanmar,1883,0.0
norway,1883,0.1
papua_new_guinea,1883,0.0
philippines,1883,0.0
poland,1883,0.0
russia,1883,0.0
south_africa,1883,0.0
spain,1883,0.0
turkey,1883,0.0
ukraine,1883,0.0
united_states,1883,0.0
venezuela,1883,0.0
zambia,1883,0.0
zimbabwe,1883,0.0
albania,1884,0.0
australia,1884,0.0
botswana,1884,0.0
brazil,1884,0.0
canada,1884,0.0
china,1884,0.0
colombia,1884,0.0
cuba,1884,0.0
dominican_republic,1884,0.0
finland,1884,0.0
germany,1884,0.0
greece,1884,0.0
india,1884,0.0
indonesia,1884,0.0
iran,1884,0.0
kazakhstan,1884,0.0
macedonia,1884,0.0
morocco,1884,0.0
myanmar,1884,0.0
norway,1884,0.1
papua_new_guinea,1884,0.0
philippines,1884,0.0
poland,1884,0.0
russia,1884,0.0
south_africa,1884,0.0
spain,1884,0.0
turkey,1884,0.0
ukraine,1884,0.0
united_states,1884,0.0
venezuela,1884,0.0
zambia,1884,0.0
zimbabwe,1884,0.0
albania,1885,0.0
australia,1885,0.0
botswana,1885,0.0
brazil,1885,0.0
canada,1885,0.0
china,1885,0.0
colombia,1885,0.0
cuba,1885,0.0
dominican_republic,1885,0.0
finland,1885,0.0
germany,1885,0.0
greece,1885,0.0
india,1885,0.0
indonesia,1885,0.0
iran,1885,0.0
kazakhstan,1885,0.0
macedonia,1885,0.0
morocco,1885,0.0
myanmar,1885,0.0
norway,1885,0.1
papua_new_guinea,1885,0.0
philippines,1885,0.0
poland,1885,0.0
russia,1885,0.0
south_africa,1885,0.0
spain,1885,0.0
turkey,1885,0.0
ukraine,1885,0.0
united_states,1885,0.1
venezuela,1885,0.0
zambia,1885,0.0
zimbabwe,1885,0.0
albania,1886,0.0
australia,1886,0.0
botswana,1886,0.0
brazil,1886,0.0
canada,1886,0.0
china,1886,0.0
colombia,1886,0.0
cuba,1886,0.0
dominican_republic,1886,0.0
finland,1886,0.0
germany,1886,0.0
greece,1886,0.0
india,1886,0.0
indonesia,1886,0.0
iran,1886,0.0
kazakhstan,1886,0.0
macedonia,1886,0.0
morocco,1886,0.0
myanmar,1886,0.0
norway,1886,0.1
papua_new_guinea,1886,0.0
philippines,1886,0.0
poland,1886,0.0
russia,1886,0.0
south_africa,1886,0.0
spain,1886,0.0
turkey,1886,0.0
ukraine,1886,0.0
united_states,1886,0.1
venezuela,1886,0.0
zambia,1886,0.0
zimbabwe,1886,0.0
albania,1887,0.0
australia,1887,0.0
botswana,1887,0.0
brazil,1887,0.0
canada,1887,0.0
china,1887,0.0
colombia,1887,0.0
cuba,1887,0.0
dominican_republic,1887,0.0
finland,1887,0.0
germany,1887,0.0
greece,1887,0.0
india,1887,0.0
indonesia,1887,0.0
iran,1887,0.0
kazakhstan,1887,0.0
macedonia,1887,0.0
morocco,1887,0.0
myanmar,1887,0.0
norway,1887,0.1
papua_new_guinea,1887,0.0
philippines,1887,0.0
poland,1887,0.0
russia,1887,0.0
south_africa,1887,0.0
spain,1887,0.0
turkey,1887,0.0
ukraine,1887,0.0
united_states,1887,0.1
venezuela,1887,0.0
zambia,1887,0.0
zimbabwe,1887,0.0
albania,1888,0.0
australia,1888,0.0
botswana,1888,0.0
brazil,1888,0.0
canada,1888,0.0
china,1888,0.0
colombia,1888,0.0
cuba,1888,0.0
dominican_republic,1888,0.0
finland,1888,0.0
germany,1888,0.0
greece,1888,0.0
india,1888,0.0
indonesia,1888,0.0
iran,1888,0.0
kazakhstan,1888,0.0
macedonia,1888,0.0
morocco,1888,0.0
myanmar,1888,0.0
norway,1888,0.1
papua_new_guinea,1888,0.0
philippines,1888,0.0
poland,1888,0.0
russia,1888,0.0
south_africa,1888,0.0
spain,1888,0.0
turkey,1888,0.0
ukraine,1888,0.0
united_states,1888,0.1
venezuela,1888,0.0
zambia,1888,0.0
zimbabwe,1888,0.0
albania,1889,0.0
australia,1889,0.0
botswana,1889,0.0
brazil,1889,0.0
canada,1889,0.4
china,1889,0.0
colombia,1889,0.0
cuba,1889,0.0
dominican_republic,1889,0.0
finland,1889,0.0
germany,1889,0.0
greece,1889,0.0
india,1889,0.0
indonesia,1889,0.0
iran,1889,0.0
kazakhstan,1889,0.0
macedonia,1889,0.0
morocco,1889,0.0
myanmar,1889,0.0
norway,1889,0.1
papua_new_guinea,1889,0.0
philippines,1889,0.0
poland,1889,0.0
russia,1889,0.0
south_africa,1889,0.0
spain,1889,0.0
turkey,1889,0.0
ukraine,1889,0.0
united_states,1889,0.1
venezuela,1889,0.0
zambia,1889,0.0
zimbabwe,1889,0.0
albania,1890,0.0
australia,1890,0.0
botswana,1890,0.0
brazil,1890,0.0
canada,1890,0.7
china,1890,0.0
colombia,1890,0.0
cuba,1890,0.0
dominican_republic,1890,0.0
finland,1890,0.0
germany,1890,0.0
greece,1890,0.0
india,1890,0.0
indonesia,1890,0.0
iran,1890,0.0
kazakhstan,1890,0.0
macedonia,1890,0.0
morocco,1890,0.0
myanmar,1890,0.0
norway,1890,0.1
papua_new_guinea,1890,0.0
philippines,1890,0.0
poland,1890,0.0
russia,1890,0.0
south_africa,1890,0.0
spain,1890,0.0
turkey,1890,0.0
ukraine,1890,0.0
united_states,1890,0.1
venezuela,1890,0.0
zambia,1890,0.0
zimbabwe,1890,0.0
albania,1891,0.0
australia,1891,0.0
botswana,1891,0.0
brazil,1891,0.0
canada,1891,1.8
china,1891,0.0
colombia,1891,0.0
cuba,1891,0.0
dominican_republic,1891,0.0
finland,1891,0.0
germany,1891,0.0
greece,1891,0.0
india,1891,0.0
indonesia,1891,0.0
iran,1891,0.0
kazakhstan,1891,0.0
macedonia,1891,0.0
morocco,1891,0.0
myanmar,1891,0.0
norway,1891,0.1
papua_new_guinea,1891,0.0
philippines,1891,0.0
poland,1891,0.0
russia,1891,0.0
south_africa,1891,0.0
spain,1891,0.0
turkey,1891,0.0
ukraine,1891,0.0
united_states,1891,0.1
venezuela,1891,0.0
zambia,1891,0.0
zimbabwe,1891,0.0
albania,1892,0.0
australia,1892,0.0
botswana,1892,0.0
brazil,1892,0.0
canada,1892,1.1
china,1892,0.0
colombia,1892,0.0
cuba,1892,0.0
dominican_republic,1892,0.0
finland,1892,0.0
germany,1892,0.0
greece,1892,0.0
india,1892,0.0
indonesia,1892,0.0
iran,1892,0.0
kazakhstan,1892,0.0
macedonia,1892,0.0
morocco,1892,0.0
myanmar,1892,0.0
norway,1892,0.1
papua_new_guinea,1892,0.0
philippines,1892,0.0
poland,1892,0.0
russia,1892,0.0
south_africa,1892,0.0
spain,1892,0.0
turkey,1892,0.0
ukraine,1892,0.0
united_states,1892,0.0
venezuela,1892,0.0
zambia,1892,0.0
zimbabwe,1892,0.0
albania,1893,0.0
australia,1893,0.0
botswana,1893,0.0
brazil,1893,0.0
canada,1893,1.8
china,1893,0.0
colombia,1893,0.0
cuba,1893,0.0
dominican_republic,1893,0.0
finland,1893,0.0
germany,1893,0.0
greece,1893,0.0
india,1893,0.0
indonesia,1893,0.0
iran,1893,0.0
kazakhstan,1893,0.0
macedonia,1893,0.0
morocco,1893,0.0
myanmar,1893,0.0
norway,1893,0.1
papua_new_guinea,1893,0.0
philippines,1893,0.0
poland,1893,0.0
russia,1893,0.0
south_africa,1893,0.0
spain,1893,0.0
turkey,1893,0.0
ukraine,1893,0.0
united_states,1893,0.0
venezuela,1893,0.0
zambia,1893,0.0
zimbabwe,1893,0.0
albania,1894,0.0
australia,1894,0.0
botswana,1894,0.0
brazil,1894,0.0
canada,1894,2.2
china,1894,0.0
colombia,1894,0.0
cuba,1894,0.0
dominican_republic,1894,0.0
finland,1894,0.0
germany,1894,0.0
greece,1894,0.0
india,1894,0.0
indonesia,1894,0.0
iran,1894,0.0
kazakhstan,1894,0.0
macedonia,1894,0.0
morocco,1894,0.0
myanmar,1894,0.0
norway,1894,0.1
papua_new_guinea,1894,0.0
philippines,1894,0.0
poland,1894,0.0
russia,1894,0.0
south_africa,1894,0.0
spain,1894,0.0
turkey,1894,0.0
ukraine,1894,0.0
united_states,1894,0.0
venezuela,1894,0.0
zambia,1894,0.0
zimbabwe,1894,0.0
albania,1895,0.0
australia,1895,0.0
botswana,1895,0.0
brazil,1895,0.0
canada,1895,1.8
china,1895,0.0
colombia,1895,0.0
cuba,1895,0.0
dominican_republic,1895,0.0
finland,1895,0.0
germany,1895,0.0
greece,1895,0.0
india,1895,0.0
indonesia,1895,0.0
iran,1895,0.0
kazakhstan,1895,0.0
macedonia,1895,0.0
morocco,1895,0.0
myanmar,1895,0.0
norway,1895,0.0
papua_new_guinea,1895,0.0
philippines,1895,0.0
poland,1895,0.0
russia,1895,0.0
south_africa,1895,0.0
spain,1895,0.0
turkey,1895,0.0
ukraine,1895,0.0
united_states,1895,0.0
venezuela,1895,0.0
zambia,1895,0.0
zimbabwe,1895,0.0
albania,1896,0.0
australia,1896,0.0
botswana,1896,0.0
brazil,1896,0.0
canada,1896,1.5
china,1896,0.0
colombia,1896,0.0
cuba,1896,0.0
dominican_republic,1896,0.0
finland,1896,0.0
germany,1896,0.0
greece,1896,0.0
india,1896,0.0
indonesia,1896,0.0
iran,1896,0.0
kazakhstan,1896,0.0
macedonia,1896,0.0
morocco,1896,0.0
myanmar,1896,0.0
norway,1896,0.0
papua_new_guinea,1896,0.0
philippines,1896,0.0
poland,1896,0.0
russia,1896,0.0
south_africa,1896,0.0
spain,1896,0.0
turkey,1896,0.0
ukraine,1896,0.0
united_states,1896,0.0
venezuela,1896,0.0
zambia,1896,0.0
zimbabwe,1896,0.0
albania,1897,0.0
australia,1897,0.0
botswana,1897,0.0
brazil,1897,0.0
canada,1897,1.8
china,1897,0.0
colombia,1897,0.0
cuba,1897,0.0
dominican_republic,1897,0.0
finland,1897,0.0
germany,1897,0.0
greece,1897,0.0
india,1897,0.0
indonesia,1897,0.0
iran,1897,0.0
kazakhstan,1897,0.0
macedonia,1897,0.0
morocco,1897,0.0
myanmar,1897,0.0
norway,1897,0.0
papua_new_guinea,1897,0.0
philippines,1897,0.0
poland,1897,0.0
russia,1897,0.0
south_africa,1897,0.0
spain,1897,0.0
turkey,1897,0.0
ukraine,1897,0.0
united_states,1897,0.0
venezuela,1897,0.0
zambia,1897,0.0
zimbabwe,1897,0.0
albania,1898,0.0
australia,1898,0.0
botswana,1898,0.0
brazil,1898,0.0
canada,1898,2.5
china,1898,0.0
colombia,1898,0.0
cuba,1898,0.0
dominican_republic,1898,0.0
finland,1898,0.0
germany,1898,0.0
greece,1898,0.0
india,1898,0.0
indonesia,1898,0.0
iran,1898,0.0
kazakhstan,1898,0.0
macedonia,1898,0.0
morocco,1898,0.0
myanmar,1898,0.0
norway,1898,0.0
papua_new_guinea,1898,0.0
philippines,1898,0.0
poland,1898,0.0
russia,1898,0.0
south_africa,1898,0.0
spain,1898,0.0
turkey,1898,0.0
ukraine,1898,0.0
united_states,1898,0.0
venezuela,1898,0.0
zambia,1898,0.0
zimbabwe,1898,0.0
albania,1899,0.0
australia,1899,0.0
botswana,1899,0.0
brazil,1899,0.0
canada,1899,2.6
china,1899,0.0
colombia,1899,0.0
cuba,1899,0.0
dominican_republic,1899,0.0
finland,1899,0.0
germany,1899,0.0
greece,1899,0.0
india,1899,0.0
indonesia,1899,0.0
iran,1899,0.0
kazakhstan,1899,0.0
macedonia,1899,0.0
morocco,1899,0.0
myanmar,1899,0.0
norway,1899,0.0
papua_new_guinea,1899,0.0
philippines,1899,0.0
poland,1899,0.0
russia,1899,0.0
south_africa,1899,0.0
spain,1899,0.0
turkey,1899,0.0
ukraine,1899,0.0
united_states,1899,0.0
venezuela,1899,0.0
zambia,1899,0.0
zimbabwe,1899,0.0
albania,1900,0.0
australia,1900,0.0
botswana,1900,0.0
brazil,1900,0.0
canada,1900,3.2
china,1900,0.0
colombia,1900,0.0
cuba,1900,0.0
dominican_republic,1900,0.0
finland,1900,0.0
germany,1900,0.0
greece,1900,0.0
india,1900,0.0
indonesia,1900,0.0
iran,1900,0.0
kazakhstan,1900,0.0
macedonia,1900,0.0
morocco,1900,0.0
myanmar,1900,0.0
norway,1900,0.0
papua_new_guinea,1900,0.0
philippines,1900,0.0
poland,1900,0.0
russia,1900,0.0
south_africa,1900,0.0
spain,1900,0.0
turkey,1900,0.0
ukraine,1900,0.0
united_states,1900,0.0
venezuela,1900,0.0
zambia,1900,0.0
zimbabwe,1900,0.0
albania,1901,0.0
australia,1901,0.0
botswana,1901,0.0
brazil,1901,0.0
canada,1901,4.2
china,1901,0.0
colombia,1901,0.0
cuba,1901,0.0
dominican_republic,1901,0.0
finland,1901,0.0
germany,1901,0.0
greece,1901,0.0
india,1901,0.0
indonesia,1901,0.0
iran,1901,0.0
kazakhstan,1901,0.0
macedonia,1901,0.0
morocco,1901,0.0
myanmar,1901,0.0
norway,1901,0.0
papua_new_guinea,1901,0.0
philippines,1901,0.0
poland,1901,0.0
russia,1901,0.0
south_africa,1901,0.0
spain,1901,0.0
turkey,1901,0.0
ukraine,1901,0.0
united_states,1901,0.0
venezuela,1901,0.0
zambia,1901,0.0
zimbabwe,1901,0.0
albania,1902,0.0
australia,1902,0.0
botswana,1902,0.0
brazil,1902,0.0
canada,1902,4.9
china,1902,0.0
colombia,1902,0.0
cuba,1902,0.0
dominican_republic,1902,0.0
finland,1902,0.0
germany,1902,0.0
greece,1902,0.0
india,1902,0.0
indonesia,1902,0.0
iran,1902,0.0
kazakhstan,1902,0.0
macedonia,1902,0.0
morocco,1902,0.0
myanmar,1902,0.0
norway,1902,0.0
papua_new_guinea,1902,0.0
philippines,1902,0.0
poland,1902,0.0
russia,1902,0.0
south_africa,1902,0.0
spain,1902,0.0
turkey,1902,0.0
ukraine,1902,0.0
united_states,1902,0.0
venezuela,1902,0.0
zambia,1902,0.0
zimbabwe,1902,0.0
albania,1903,0.0
australia,1903,0.0
botswana,1903,0.0
brazil,1903,0.0
canada,1903,5.2
china,1903,0.0
colombia,1903,0.0
cuba,1903,0.0
dominican_republic,1903,0.0
finland,1903,0.0
germany,1903,0.0
greece,1903,0.0
india,1903,0.0
indonesia,1903,0.0
iran,1903,0.0
kazakhstan,1903,0.0
macedonia,1903,0.0
morocco,1903,0.0
myanmar,1903,0.0
norway,1903,0.0
papua_new_guinea,1903,0.0
philippines,1903,0.0
poland,1903,0.0
russia,1903,0.0
south_africa,1903,0.0
spain,1903,0.0
turkey,1903,0.0
ukraine,1903,0.0
united_states,1903,0.0
venezuela,1903,0.0
zambia,1903,0.0
zimbabwe,1903,0.0
albania,1904,0.0
australia,1904,0.0
botswana,1904,0.0
brazil,1904,0.0
canada,1904,4.8
china,1904,0.0
colombia,1904,0.0
cuba,1904,0.0
dominican_republic,1904,0.0
finland,1904,0.0
germany,1904,0.0
greece,1904,0.0
india,1904,0.0
indonesia,1904,0.0
iran,1904,0.0
kazakhstan,1904,0.0
macedonia,1904,0.0
morocco,1904,0.0
myanmar,1904,0.0
norway,1904,0.0
papua_new_guinea,1904,0.0
philippines,1904,0.0
poland,1904,0.0
russia,1904,0.0
south_africa,1904,0.0
spain,1904,0.0
turkey,1904,0.0
ukraine,1904,0.0
united_states,1904,0.0
venezuela,1904,0.0
zambia,1904,0.0
zimbabwe,1904,0.0
albania,1905,0.0
australia,1905,0.0
botswana,1905,0.0
brazil,1905,0.0
canada,1905,8.6
china,1905,0.0
colombia,1905,0.0
cuba,1905,0.0
dominican_republic,1905,0.0
finland,1905,0.0
germany,1905,0.0
greece,1905,0.0
india,1905,0.0
indonesia,1905,0.0
iran,1905,0.0
kazakhstan,1905,0.0
macedonia,1905,0.0
morocco,1905,0.0
myanmar,1905,0.0
norway,1905,0.0
papua_new_guinea,1905,0.0
philippines,1905,0.0
poland,1905,0.0
russia,1905,0.0
south_africa,1905,0.0
spain,1905,0.0
turkey,1905,0.0
ukraine,1905,0.0
united_states,1905,0.0
venezuela,1905,0.0
zambia,1905,0.0
zimbabwe,1905,0.0
albania,1906,0.0
australia,1906,0.0
botswana,1906,0.0
brazil,1906,0.0
canada,1906,9.8
china,1906,0.0
colombia,1906,0.0
cuba,1906,0.0
dominican_republic,1906,0.0
finland,1906,0.0
germany,1906,0.0
greece,1906,0.0
india,1906,0.0
indonesia,1906,0.0
iran,1906,0.0
kazakhstan,1906,0.0
macedonia,1906,0.0
morocco,1906,0.0
myanmar,1906,0.0
norway,1906,0.0
papua_new_guinea,1906,0.0
philippines,1906,0.0
poland,1906,0.0
russia,1906,0.0
south_africa,1906,0.0
spain,1906,0.0
turkey,1906,0.0
ukraine,1906,0.0
united_states,1906,0.0
venezuela,1906,0.0
zambia,1906,0.0
zimbabwe,1906,0.0
albania,1907,0.0
australia,1907,0.0
botswana,1907,0.0
brazil,1907,0.0
canada,1907,9.6
china,1907,0.0
colombia,1907,0.0
cuba,1907,0.0
dominican_republic,1907,0.0
finland,1907,0.0
germany,1907,0.0
greece,1907,0.0
india,1907,0.0
indonesia,1907,0.0
iran,1907,0.0
kazakhstan,1907,0.0
macedonia,1907,0.0
morocco,1907,0.0
myanmar,1907,0.0
norway,1907,0.0
papua_new_guinea,1907,0.0
philippines,1907,0.0
poland,1907,0.0
russia,1907,0.0
south_africa,1907,0.0
spain,1907,0.0
turkey,1907,0.0
ukraine,1907,0.0
united_states,1907,0.0
venezuela,1907,0.0
zambia,1907,0.0
zimbabwe,1907,0.0
albania,1908,0.0
australia,1908,0.0
botswana,1908,0.0
brazil,1908,0.0
canada,1908,8.7
china,1908,0.0
colombia,1908,0.0
cuba,1908,0.0
dominican_republic,1908,0.0
finland,1908,0.0
germany,1908,0.0
greece,1908,0.0
india,1908,0.0
indonesia,1908,0.0
iran,1908,0.0
kazakhstan,1908,0.0
macedonia,1908,0.0
morocco,1908,0.0
myanmar,1908,0.0
norway,1908,0.0
papua_new_guinea,1908,0.0
philippines,1908,0.0
poland,1908,0.0
russia,1908,0.0
south_africa,1908,0.0
spain,1908,0.0
turkey,1908,0.0
ukraine,1908,0.0
united_states,1908,0.0
venezuela,1908,0.0
zambia,1908,0.0
zimbabwe,1908,0.0
albania,1909,0.0
australia,1909,0.0
botswana,1909,0.0
brazil,1909,0.0
canada,1909,11.9
china,1909,0.0
colombia,1909,0.0
cuba,1909,0.0
dominican_republic,1909,0.0
finland,1909,0.0
germany,1909,0.0
greece,1909,0.0
india,1909,0.0
indonesia,1909,0.0
iran,1909,0.0
kazakhstan,1909,0.0
macedonia,1909,0.0
morocco,1909,0.0
myanmar,1909,0.0
norway,1909,0.0
papua_new_guinea,1909,0.0
philippines,1909,0.0
poland,1909,0.0
russia,1909,0.0
south_africa,1909,0.0
spain,1909,0.0
turkey,1909,0.0
ukraine,1909,0.0
united_states,1909,0.0
venezuela,1909,0.0
zambia,1909,0.0
zimbabwe,1909,0.0
albania,1910,0.0
australia,1910,0.0
botswana,1910,0.0
brazil,1910,0.0
canada,1910,16.9
china,1910,0.0
colombia,1910,0.0
cuba,1910,0.0
dominican_republic,1910,0.0
finland,1910,0.0
germany,1910,0.0
greece,1910,0.0
india,1910,0.0
indonesia,1910,0.0
iran,1910,0.0
kazakhstan,1910,0.0
macedonia,1910,0.0
morocco,1910,0.0
myanmar,1910,0.0
norway,1910,0.0
papua_new_guinea,1910,0.0
philippines,1910,0.0
poland,1910,0.0
russia,1910,0.0
south_africa,1910,0.0
spain,1910,0.0
turkey,1910,0.0
ukraine,1910,0.0
united_states,1910,0.0
venezuela,1910,0.0
zambia,1910,0.0
zimbabwe,1910,0.0
albania,1911,0.0
australia,1911,0.0
botswana,1911,0.0
brazil,1911,0.0
canada,1911,16.5
china,1911,0.0
colombia,1911,0.0
cuba,1911,0.0
dominican_republic,1911,0.0
finland,1911,0.0
germany,1911,0.0
greece,1911,0.0
india,1911,0.0
indonesia,1911,0.0
iran,1911,0.0
kazakhstan,1911,0.0
macedonia,1911,0.0
morocco,1911,0.0
myanmar,1911,0.0
norway,1911,0.0
papua_new_guinea,1911,0.0
philippines,1911,0.0
poland,1911,0.0
russia,1911,0.0
south_africa,1911,0.0
spain,1911,0.0
turkey,1911,0.0
ukraine,1911,0.0
united_states,1911,0.0
venezuela,1911,0.0
zambia,1911,0.0
zimbabwe,1911,0.0
albania,1912,0.0
australia,1912,0.0
botswana,1912,0.0
brazil,1912,0.0
canada,1912,20.3
china,1912,0.0
colombia,1912,0.0
cuba,1912,0.0
dominican_republic,1912,0.0
finland,1912,0.0
germany,1912,0.0
greece,1912,0.0
india,1912,0.0
indonesia,1912,0.0
iran,1912,0.0
kazakhstan,1912,0.0
macedonia,1912,0.0
morocco,1912,0.0
myanmar,1912,0.0
norway,1912,0.0
papua_new_guinea,1912,0.0
philippines,1912,0.0
poland,1912,0.0
russia,1912,0.0
south_africa,1912,0.0
spain,1912,0.0
turkey,1912,0.0
ukraine,1912,0.0
united_states,1912,0.0
venezuela,1912,0.0
zambia,1912,0.0
zimbabwe,1912,0.0
albania,1913,0.0
australia,1913,0.0
botswana,1913,0.0
brazil,1913,0.0
canada,1913,22.5
china,1913,0.0
colombia,1913,0.0
cuba,1913,0.0
dominican_republic,1913,0.0
finland,1913,0.0
germany,1913,0.3
greece,1913,1.0
india,1913,0.0
indonesia,1913,0.0
iran,1913,0.0
kazakhstan,1913,0.0
macedonia,1913,0.0
morocco,1913,0.0
myanmar,1913,0.0
norway,1913,0.5
papua_new_guinea,1913,0.0
philippines,1913,0.0
poland,1913,0.0
russia,1913,0.0
south_africa,1913,0.0
spain,1913,0.0
turkey,1913,0.0
ukraine,1913,0.0
united_states,1913,0.2
venezuela,1913,0.0
zambia,1913,0.0
zimbabwe,1913,0.0
albania,1914,0.0
australia,1914,0.0
botswana,1914,0.0
brazil,1914,0.0
canada,1914,20.6
china,1914,0.0
colombia,1914,0.0
cuba,1914,0.0
dominican_republic,1914,0.0
finland,1914,0.0
germany,1914,0.3
greece,1914,0.7
india,1914,0.0
indonesia,1914,0.0
iran,1914,0.0
kazakhstan,1914,0.0
macedonia,1914,0.0
morocco,1914,0.0
myanmar,1914,0.0
norway,1914,0.5
papua_new_guinea,1914,0.0
philippines,1914,0.0
poland,1914,0.0
russia,1914,0.0
south_africa,1914,0.0
spain,1914,0.0
turkey,1914,0.0
ukraine,1914,0.0
united_states,1914,0.4
venezuela,1914,0.0
zambia,1914,0.0
zimbabwe,1914,0.0
albania,1915,0.0
australia,1915,0.0
botswana,1915,0.0
brazil,1915,0.0
canada,1915,31.0
china,1915,0.0
colombia,1915,0.0
cuba,1915,0.0
dominican_republic,1915,0.0
finland,1915,0.0
germany,1915,0.3
greece,1915,1.1
india,1915,0.0
indonesia,1915,0.0
iran,1915,0.0
kazakhstan,1915,0.0
macedonia,1915,0.0
morocco,1915,0.0
myanmar,1915,0.0
norway,1915,0.8
papua_new_guinea,1915,0.0
philippines,1915,0.0
poland,1915,0.0
russia,1915,0.0
south_africa,1915,0.0
spain,1915,0.0
turkey,1915,0.0
ukraine,1915,0.0
united_states,1915,0.7
venezuela,1915,0.0
zambia,1915,0.0
zimbabwe,1915,0.0
albania,1916,0.0
australia,1916,0.0
botswana,1916,0.0
brazil,1916,0.0
canada,1916,37.6
china,1916,0.0
colombia,1916,0.0
cuba,1916,0.0
dominican_republic,1916,0.0
finland,1916,0.0
germany,1916,1.7
greece,1916,0.6
india,1916,0.0
indonesia,1916,0.0
iran,1916,0.0
kazakhstan,1916,0.0
macedonia,1916,0.0
morocco,1916,0.0
myanmar,1916,0.0
norway,1916,0.8
papua_new_guinea,1916,0.0
philippines,1916,0.0
poland,1916,0.0
russia,1916,0.0
south_africa,1916,0.0
spain,1916,0.0
turkey,1916,0.0
ukraine,1916,0.0
united_states,1916,0.8
venezuela,1916,0.0
zambia,1916,0.0
zimbabwe,1916,0.0
albania,1917,0.0
australia,1917,0.0
botswana,1917,0.0
brazil,1917,0.0
canada,1917,38.2
china,1917,0.0
colombia,1917,0.0
cuba,1917,0.0
dominican_republic,1917,0.0
finland,1917,0.0
germany,1917,2.1
greece,1917,0.1
india,1917,0.0
indonesia,1917,0.0
iran,1917,0.0
kazakhstan,1917,0.0
macedonia,1917,0.0
morocco,1917,0.0
myanmar,1917,0.0
norway,1917,0.7
papua_new_guinea,1917,0.0
philippines,1917,0.0
poland,1917,0.0
russia,1917,0.0
south_africa,1917,0.0
spain,1917,0.0
turkey,1917,0.0
ukraine,1917,0.0
united_states,1917,0.4
venezuela,1917,0.0
zambia,1917,0.0
zimbabwe,1917,0.0
albania,1918,0.0
australia,1918,0.0
botswana,1918,0.0
brazil,1918,0.0
canada,1918,41.9
china,1918,0.0
colombia,1918,0.0
cuba,1918,0.0
dominican_republic,1918,0.0
finland,1918,0.0
germany,1918,1.9
greece,1918,0.7
india,1918,0.0
indonesia,1918,0.0
iran,1918,0.0
kazakhstan,1918,0.0
macedonia,1918,0.0
morocco,1918,0.0
myanmar,1918,0.0
norway,1918,0.2
papua_new_guinea,1918,0.0
philippines,1918,0.0
poland,1918,0.0
russia,1918,0.0
south_africa,1918,0.0
spain,1918,0.0
turkey,1918,0.0
ukraine,1918,0.0
united_states,1918,0.4
venezuela,1918,0.0
zambia,1918,0.0
zimbabwe,1918,0.0
albania,1919,0.0
australia,1919,0.0
botswana,1919,0.0
brazil,1919,0.0
canada,1919,20.2
china,1919,0.0
colombia,1919,0.0
cuba,1919,0.0
dominican_republic,1919,0.0
finland,1919,0.0
germany,1919,0.6
greece,1919,0.1
india,1919,0.0
indonesia,1919,0.0
iran,1919,0.0
kazakhstan,1919,0.0
macedonia,1919,0.0
morocco,1919,0.0
myanmar,1919,0.0
norway,1919,0.1
papua_new_guinea,1919,0.0
philippines,1919,0.0
poland,1919,0.0
russia,1919,0.0
south_africa,1919,0.0
spain,1919,0.0
turkey,1919,0.0
ukraine,1919,0.0
united_states,1919,0.5
venezuela,1919,0.0
zambia,1919,0.0
zimbabwe,1919,0.0
albania,1920,0.0
australia,1920,0.0
botswana,1920,0.0
brazil,1920,0.0
canada,1920,27.8
china,1920,0.0
colombia,1920,0.0
cuba,1920,0.0
dominican_republic,1920,0.0
finland,1920,0.0
germany,1920,0.0
greece,1920,0.0
india,1920,0.0
indonesia,1920,0.0
iran,1920,0.0
kazakhstan,1920,0.0
macedonia,1920,0.0
morocco,1920,0.0
myanmar,1920,0.0
norway,1920,0.4
papua_new_guinea,1920,0.0
philippines,1920,0.0
poland,1920,0.0
russia,1920,0.0
south_africa,1920,0.0
spain,1920,0.0
turkey,1920,0.0
ukraine,1920,0.0
united_states,1920,0.3
venezuela,1920,0.0
zambia,1920,0.0
zimbabwe,1920,0.0
albania,1921,0.0
australia,1921,0.0
botswana,1921,0.0
brazil,1921,0.0
canada,1921,8.8
china,1921,0.0
colombia,1921,0.0
cuba,1921,0.0
dominican_republic,1921,0.0
finland,1921,0.0
germany,1921,0.0
greece,1921,0.0
india,1921,0.0
indonesia,1921,0.0
iran,1921,0.0
kazakhstan,1921,0.0
macedonia,1921,0.0
morocco,1921,0.0
myanmar,1921,0.0
norway,1921,0.0
papua_new_guinea,1921,0.0
philippines,1921,0.0
poland,1921,0.0
russia,1921,0.0
south_africa,1921,0.0
spain,1921,0.0
turkey,1921,0.0
ukraine,1921,0.0
united_states,1921,0.1
venezuela,1921,0.0
zambia,1921,0.0
zimbabwe,1921,0.0
albania,1922,0.0
australia,1922,0.0
botswana,1922,0.0
brazil,1922,0.0
canada,1922,8.0
china,1922,0.0
colombia,1922,0.0
cuba,1922,0.0
dominican_republic,1922,0.0
finland,1922,0.0
germany,1922,0.0
greece,1922,0.0
india,1922,0.0
indonesia,1922,0.0
iran,1922,0.0
kazakhstan,1922,0.0
macedonia,1922,0.0
morocco,1922,0.0
myanmar,1922,0.0
norway,1922,0.0
papua_new_guinea,1922,0.0
philippines,1922,0.0
poland,1922,0.0
russia,1922,0.0
south_africa,1922,0.0
spain,1922,0.0
turkey,1922,0.0
ukraine,1922,0.0
united_states,1922,0.2
venezuela,1922,0.0
zambia,1922,0.0
zimbabwe,1922,0.0
albania,1923,0.0
australia,1923,0.0
botswana,1923,0.0
brazil,1923,0.0
canada,1923,28.3
china,1923,0.0
colombia,1923,0.0
cuba,1923,0.0
dominican_republic,1923,0.0
finland,1923,0.0
germany,1923,0.0
greece,1923,0.0
india,1923,0.0
indonesia,1923,0.0
iran,1923,0.0
kazakhstan,1923,0.0
macedonia,1923,0.0
morocco,1923,0.0
myanmar,1923,0.0
norway,1923,0.3
papua_new_guinea,1923,0.0
philippines,1923,0.0
poland,1923,0.0
russia,1923,0.0
south_africa,1923,0.0
spain,1923,0.0
turkey,1923,0.0
ukraine,1923,0.0
united_states,1923,0.1
venezuela,1923,0.0
zambia,1923,0.0
zimbabwe,1923,0.0
albania,1924,0.0
australia,1924,0.0
botswana,1924,0.0
brazil,1924,0.0
canada,1924,31.5
china,1924,0.0
colombia,1924,0.0
cuba,1924,0.0
dominican_republic,1924,0.0
finland,1924,0.0
germany,1924,0.0
greece,1924,0.0
india,1924,0.0
indonesia,1924,0.0
iran,1924,0.0
kazakhstan,1924,0.0
macedonia,1924,0.0
morocco,1924,0.0
myanmar,1924,0.0
norway,1924,0.0
papua_new_guinea,1924,0.0
philippines,1924,0.0
poland,1924,0.0
russia,1924,0.0
south_africa,1924,0.0
spain,1924,0.0
turkey,1924,0.0
ukraine,1924,0.0
united_states,1924,0.1
venezuela,1924,0.0
zambia,1924,0.0
zimbabwe,1924,0.0
albania,1925,0.0
australia,1925,0.0
botswana,1925,0.0
brazil,1925,0.0
canada,1925,33.4
china,1925,0.0
colombia,1925,0.0
cuba,1925,0.0
dominican_republic,1925,0.0
finland,1925,0.0
germany,1925,0.0
greece,1925,0.0
india,1925,0.0
indonesia,1925,0.0
iran,1925,0.0
kazakhstan,1925,0.0
macedonia,1925,0.0
morocco,1925,0.0
myanmar,1925,0.0
norway,1925,0.0
papua_new_guinea,1925,0.0
philippines,1925,0.0
poland,1925,0.0
russia,1925,0.0
south_africa,1925,0.0
spain,1925,0.0
turkey,1925,0.0
ukraine,1925,0.0
united_states,1925,0.2
venezuela,1925,0.0
zambia,1925,0.0
zimbabwe,1925,0.0
albania,1926,0.0
australia,1926,0.0
botswana,1926,0.0
brazil,1926,0.0
canada,1926,29.9
china,1926,0.0
colombia,1926,0.0
cuba,1926,0.0
dominican_republic,1926,0.0
finland,1926,0.0
germany,1926,0.0
greece,1926,0.0
india,1926,0.0
indonesia,1926,0.0
iran,1926,0.0
kazakhstan,1926,0.0
macedonia,1926,0.0
morocco,1926,0.0
myanmar,1926,0.0
norway,1926,0.0
papua_new_guinea,1926,0.0
philippines,1926,0.0
poland,1926,0.0
russia,1926,0.0
south_africa,1926,0.0
spain,1926,0.0
turkey,1926,0.0
ukraine,1926,0.0
united_states,1926,0.3
venezuela,1926,0.0
zambia,1926,0.0
zimbabwe,1926,0.0
albania,1927,0.0
australia,1927,0.0
botswana,1927,0.0
brazil,1927,0.0
canada,1927,33.0
china,1927,0.0
colombia,1927,0.0
cuba,1927,0.0
dominican_republic,1927,0.0
finland,1927,0.0
germany,1927,0.0
greece,1927,0.1
india,1927,0.0
indonesia,1927,0.0
iran,1927,0.0
kazakhstan,1927,0.0
macedonia,1927,0.0
morocco,1927,0.0
myanmar,1927,0.0
norway,1927,0.2
papua_new_guinea,1927,0.0
philippines,1927,0.0
poland,1927,0.0
russia,1927,0.0
south_africa,1927,0.0
spain,1927,0.0
turkey,1927,0.0
ukraine,1927,0.0
united_states,1927,0.7
venezuela,1927,0.0
zambia,1927,0.0
zimbabwe,1927,0.0
albania,1928,0.0
australia,1928,0.0
botswana,1928,0.0
brazil,1928,0.0
canada,1928,43.9
china,1928,0.0
colombia,1928,0.0
cuba,1928,0.0
dominican_republic,1928,0.0
finland,1928,0.0
germany,1928,0.0
greece,1928,0.6
india,1928,0.0
indonesia,1928,0.0
iran,1928,0.0
kazakhstan,1928,0.0
macedonia,1928,0.0
morocco,1928,0.0
myanmar,1928,0.0
norway,1928,0.5
papua_new_guinea,1928,0.0
philippines,1928,0.0
poland,1928,0.0
russia,1928,0.0
south_africa,1928,0.0
spain,1928,0.0
turkey,1928,0.0
ukraine,1928,0.0
united_states,1928,0.5
venezuela,1928,0.0
zambia,1928,0.0
zimbabwe,1928,0.0
albania,1929,0.0
australia,1929,0.0
botswana,1929,0.0
brazil,1929,0.0
canada,1929,50.0
china,1929,0.0
colombia,1929,0.0
cuba,1929,0.0
dominican_republic,1929,0.0
finland,1929,0.0
germany,1929,0.0
greece,1929,0.3
india,1929,0.0
indonesia,1929,0.0
iran,1929,0.0
kazakhstan,1929,0.0
macedonia,1929,0.0
morocco,1929,0.0
myanmar,1929,0.0
norway,1929,0.4
papua_new_guinea,1929,0.0
philippines,1929,0.0
poland,1929,0.0
russia,1929,0.0
south_africa,1929,0.0
spain,1929,0.0
turkey,1929,0.0
ukraine,1929,0.0
united_states,1929,0.3
venezuela,1929,0.0
zambia,1929,0.0
zimbabwe,1929,0.0
albania,1930,0.0
australia,1930,0.0
botswana,1930,0.0
brazil,1930,0.0
canada,1930,47.1
china,1930,0.0
colombia,1930,0.0
cuba,1930,0.0
dominican_republic,1930,0.0
finland,1930,0.0
germany,1930,0.0
greece,1930,0.0
india,1930,0.0
indonesia,1930,0.0
iran,1930,0.0
kazakhstan,1930,0.0
macedonia,1930,0.0
morocco,1930,0.0
myanmar,1930,1.0
norway,1930,0.9
papua_new_guinea,1930,0.0
philippines,1930,0.0
poland,1930,0.0
russia,1930,0.0
south_africa,1930,0.0
spain,1930,0.0
turkey,1930,0.0
ukraine,1930,0.0
united_states,1930,0.3
venezuela,1930,0.0
zambia,1930,0.0
zimbabwe,1930,0.0
albania,1931,0.0
australia,1931,0.0
botswana,1931,0.0
brazil,1931,0.0
canada,1931,29.8
china,1931,0.0
colombia,1931,0.0
cuba,1931,0.0
dominican_republic,1931,0.0
finland,1931,0.0
germany,1931,0.0
greece,1931,0.6
india,1931,0.0
indonesia,1931,0.0
iran,1931,0.0
kazakhstan,1931,0.0
macedonia,1931,0.0
morocco,1931,0.0
myanmar,1931,0.8
norway,1931,0.5
papua_new_guinea,1931,0.0
philippines,1931,0.0
poland,1931,0.0
russia,1931,0.0
south_africa,1931,0.0
spain,1931,0.0
turkey,1931,0.0
ukraine,1931,0.0
united_states,1931,0.3
venezuela,1931,0.0
zambia,1931,0.0
zimbabwe,1931,0.0
albania,1932,0.0
australia,1932,0.0
botswana,1932,0.0
brazil,1932,0.0
canada,1932,13.8
china,1932,0.0
colombia,1932,0.0
cuba,1932,0.0
dominican_republic,1932,0.0
finland,1932,0.0
germany,1932,0.0
greece,1932,1.0
india,1932,0.0
indonesia,1932,0.0
iran,1932,0.0
kazakhstan,1932,0.0
macedonia,1932,0.0
morocco,1932,0.0
myanmar,1932,0.9
norway,1932,1.0
papua_new_guinea,1932,0.0
philippines,1932,0.0
poland,1932,0.0
russia,1932,0.0
south_africa,1932,0.0
spain,1932,0.0
turkey,1932,0.0
ukraine,1932,0.0
united_states,1932,0.2
venezuela,1932,0.0
zambia,1932,0.0
zimbabwe,1932,0.0
albania,1933,0.0
australia,1933,0.0
botswana,1933,0.0
brazil,1933,0.0
canada,1933,37.8
china,1933,0.0
colombia,1933,0.0
cuba,1933,0.0
dominican_republic,1933,0.0
finland,1933,0.0
germany,1933,0.0
greece,1933,1.4
india,1933,0.0
indonesia,1933,0.0
iran,1933,0.0
kazakhstan,1933,0.0
macedonia,1933,0.0
morocco,1933,0.0
myanmar,1933,1.0
norway,1933,1.0
papua_new_guinea,1933,0.0
philippines,1933,0.0
poland,1933,0.0
russia,1933,0.0
south_africa,1933,0.0
spain,1933,0.0
turkey,1933,0.0
ukraine,1933,0.0
united_states,1933,0.1
venezuela,1933,0.0
zambia,1933,0.0
zimbabwe,1933,0.0
albania,1934,0.0
australia,1934,0.0
botswana,1934,0.0
brazil,1934,0.0
canada,1934,58.4
china,1934,0.0
colombia,1934,0.0
cuba,1934,0.0
dominican_republic,1934,0.0
finland,1934,0.0
germany,1934,0.0
greece,1934,1.4
india,1934,0.0
indonesia,1934,0.0
iran,1934,0.0
kazakhstan,1934,0.0
macedonia,1934,0.0
morocco,1934,0.0
myanmar,1934,1.2
norway,1934,1.3
papua_new_guinea,1934,0.0
philippines,1934,0.0
poland,1934,0.0
russia,1934,0.0
south_africa,1934,0.0
spain,1934,0.0
turkey,1934,0.0
ukraine,1934,0.0
united_states,1934,0.1
venezuela,1934,0.0
zambia,1934,0.0
zimbabwe,1934,0.0
albania,1935,0.0
australia,1935,0.0
botswana,1935,0.0
brazil,1935,0.0
canada,1935,62.8
china,1935,0.0
colombia,1935,0.0
cuba,1935,0.0
dominican_republic,1935,0.0
finland,1935,0.0
germany,1935,0.0
greece,1935,1.1
india,1935,0.0
indonesia,1935,0.0
iran,1935,0.0
kazakhstan,1935,0.0
macedonia,1935,0.0
morocco,1935,0.0
myanmar,1935,1.5
norway,1935,1.2
papua_new_guinea,1935,0.0
philippines,1935,0.0
poland,1935,0.0
russia,1935,0.87586364
south_africa,1935,0.0
spain,1935,0.0
turkey,1935,0.0
ukraine,1935,0.02413636
united_states,1935,0.1
venezuela,1935,0.0
zambia,1935,0.0
zimbabwe,1935,0.0
albania,1936,0.0
australia,1936,0.0
botswana,1936,0.0
brazil,1936,0.0
canada,1936,77.0
china,1936,0.0
colombia,1936,0.0
cuba,1936,0.0
dominican_republic,1936,0.0
finland,1936,0.0
germany,1936,0.0
greece,1936,1.3
india,1936,0.0
indonesia,1936,0.0
iran,1936,0.0
kazakhstan,1936,0.0
macedonia,1936,0.0
morocco,1936,0.0
myanmar,1936,1.2
norway,1936,1.3
papua_new_guinea,1936,0.0
philippines,1936,0.0
poland,1936,0.0
russia,1936,1.94636364
south_africa,1936,0.0
spain,1936,0.0
turkey,1936,0.0
ukraine,1936,0.05363636
united_states,1936,0.1
venezuela,1936,0.0
zambia,1936,0.0
zimbabwe,1936,0.0
albania,1937,0.0
australia,1937,0.0
botswana,1937,0.0
brazil,1937,0.0
canada,1937,102.0
china,1937,0.0
colombia,1937,0.0
cuba,1937,0.0
dominican_republic,1937,0.0
finland,1937,0.0
germany,1937,0.0
greece,1937,1.0
india,1937,0.0
indonesia,1937,0.0
iran,1937,0.0
kazakhstan,1937,0.0
macedonia,1937,0.0
morocco,1937,0.0
myanmar,1937,1.2
norway,1937,0.9
papua_new_guinea,1937,0.0
philippines,1937,0.0
poland,1937,0.0
russia,1937,1.94636364
south_africa,1937,0.0
spain,1937,0.0
turkey,1937,0.0
ukraine,1937,0.05363636
united_states,1937,0.2
venezuela,1937,0.0
zambia,1937,0.0
zimbabwe,1937,0.0
albania,1938,0.0
australia,1938,0.0
botswana,1938,0.0
brazil,1938,0.0
canada,1938,95.5
china,1938,0.0
colombia,1938,0.0
cuba,1938,0.0
dominican_republic,1938,0.0
finland,1938,0.0
germany,1938,0.0
greece,1938,1.2
india,1938,0.0
indonesia,1938,0.0
iran,1938,0.0
kazakhstan,1938,0.0
macedonia,1938,0.0
morocco,1938,0.0
myanmar,1938,1.0
norway,1938,1.2
papua_new_guinea,1938,0.0
philippines,1938,0.0
poland,1938,0.0
russia,1938,1.94636364
south_africa,1938,0.0
spain,1938,0.0
turkey,1938,0.0
ukraine,1938,0.05363636
united_states,1938,0.4
venezuela,1938,0.0
zambia,1938,0.0
zimbabwe,1938,0.0
albania,1939,0.0
australia,1939,0.0
botswana,1939,0.0
brazil,1939,0.0
canada,1939,102.6
china,1939,0.0
colombia,1939,0.0
cuba,1939,0.0
dominican_republic,1939,0.0
finland,1939,0.0
germany,1939,0.0
greece,1939,1.3
india,1939,0.0
indonesia,1939,0.0
iran,1939,0.0
kazakhstan,1939,0.0
macedonia,1939,0.0
morocco,1939,0.0
myanmar,1939,0.9
norway,1939,1.1
papua_new_guinea,1939,0.0
philippines,1939,0.0
poland,1939,0.0
russia,1939,3.89272727
south_africa,1939,0.4
spain,1939,0.0
turkey,1939,0.0
ukraine,1939,0.10727273
united_states,1939,0.4
venezuela,1939,0.0
zambia,1939,0.0
zimbabwe,1939,0.0
albania,1940,0.0
australia,1940,0.0
botswana,1940,0.0
brazil,1940,0.0
canada,1940,111.4
china,1940,0.0
colombia,1940,0.0
cuba,1940,0.0
dominican_republic,1940,0.0
finland,1940,0.0
germany,1940,0.0
greece,1940,0.6
india,1940,0.0
indonesia,1940,0.0
iran,1940,0.0
kazakhstan,1940,0.0
macedonia,1940,0.0
morocco,1940,0.0
myanmar,1940,0.7
norway,1940,1.0
papua_new_guinea,1940,0.0
philippines,1940,0.0
poland,1940,0.0
russia,1940,10.705
south_africa,1940,0.5
spain,1940,0.0
turkey,1940,0.0
ukraine,1940,0.295
united_states,1940,0.5
venezuela,1940,0.0
zambia,1940,0.0
zimbabwe,1940,0.0
albania,1941,0.0
australia,1941,0.0
botswana,1941,0.0
brazil,1941,0.0
canada,1941,128.0
china,1941,0.0
colombia,1941,0.0
cuba,1941,0.0
dominican_republic,1941,0.0
finland,1941,0.1
germany,1941,0.0
greece,1941,0.2
india,1941,0.0
indonesia,1941,0.0
iran,1941,0.0
kazakhstan,1941,0.0
macedonia,1941,0.0
morocco,1941,0.0
myanmar,1941,0.0
norway,1941,0.9
papua_new_guinea,1941,0.0
philippines,1941,0.0
poland,1941,0.0
russia,1941,13.62454545
south_africa,1941,0.5
spain,1941,0.0
turkey,1941,0.0
ukraine,1941,0.37545455
united_states,1941,0.6
venezuela,1941,0.0
zambia,1941,0.0
zimbabwe,1941,0.0
albania,1942,0.0
australia,1942,0.0
botswana,1942,0.0
brazil,1942,0.0
canada,1942,129.4
china,1942,0.0
colombia,1942,0.0
cuba,1942,0.0
dominican_republic,1942,0.0
finland,1942,1.6
germany,1942,0.0
greece,1942,0.7
india,1942,0.0
indonesia,1942,0.0
iran,1942,0.0
kazakhstan,1942,0.0
macedonia,1942,0.0
morocco,1942,0.0
myanmar,1942,0.0
norway,1942,0.9
papua_new_guinea,1942,0.0
philippines,1942,0.0
poland,1942,0.0
russia,1942,11.67818182
south_africa,1942,0.5
spain,1942,0.0
turkey,1942,0.0
ukraine,1942,0.32181818
united_states,1942,0.6
venezuela,1942,0.0
zambia,1942,0.0
zimbabwe,1942,0.0
albania,1943,0.0
australia,1943,0.0
botswana,1943,0.0
brazil,1943,0.0
canada,1943,130.6
china,1943,0.0
colombia,1943,0.0
cuba,1943,2.4
dominican_republic,1943,0.0
finland,1943,9.0
germany,1943,0.0
greece,1943,0.5
india,1943,0.0
indonesia,1943,0.0
iran,1943,0.0
kazakhstan,1943,0.0
macedonia,1943,0.0
morocco,1943,0.0
myanmar,1943,0.0
norway,1943,0.6
papua_new_guinea,1943,0.0
philippines,1943,0.0
poland,1943,0.0
russia,1943,12.65136364
south_africa,1943,0.5
spain,1943,0.0
turkey,1943,0.0
ukraine,1943,0.34863636
united_states,1943,0.6
venezuela,1943,0.0
zambia,1943,0.0
zimbabwe,1943,0.0
albania,1944,0.0
australia,1944,0.0
botswana,1944,0.0
brazil,1944,0.0
canada,1944,124.6
china,1944,0.0
colombia,1944,0.0
cuba,1944,4.7
dominican_republic,1944,0.0
finland,1944,0.3
germany,1944,0.0
greece,1944,0.0
india,1944,0.0
indonesia,1944,0.0
iran,1944,0.0
kazakhstan,1944,0.0
macedonia,1944,0.0
morocco,1944,0.0
myanmar,1944,0.0
norway,1944,0.5
papua_new_guinea,1944,0.0
philippines,1944,0.0
poland,1944,0.0
russia,1944,12.65136364
south_africa,1944,0.5
spain,1944,0.0
turkey,1944,0.0
ukraine,1944,0.34863636
united_states,1944,0.9
venezuela,1944,0.0
zambia,1944,0.0
zimbabwe,1944,0.0
albania,1945,0.0
australia,1945,0.0
botswana,1945,0.0
brazil,1945,0.0
canada,1945,111.2
china,1945,0.0
colombia,1945,0.0
cuba,1945,10.9
dominican_republic,1945,0.0
finland,1945,0.9
germany,1945,0.0
greece,1945,0.0
india,1945,0.0
indonesia,1945,0.0
iran,1945,0.0
kazakhstan,1945,0.0
macedonia,1945,0.0
morocco,1945,0.0
myanmar,1945,0.0
norway,1945,0.5
papua_new_guinea,1945,0.0
philippines,1945,0.0
poland,1945,0.0
russia,1945,13.62454545
south_africa,1945,0.5
spain,1945,0.0
turkey,1945,0.0
ukraine,1945,0.37545455
united_states,1945,1.1
venezuela,1945,0.0
zambia,1945,0.0
zimbabwe,1945,0.0
albania,1946,0.0
australia,1946,0.0
botswana,1946,0.0
brazil,1946,0.0
canada,1946,87.1
china,1946,0.0
colombia,1946,0.0
cuba,1946,11.2
dominican_republic,1946,0.0
finland,1946,0.6
germany,1946,0.0
greece,1946,0.0
india,1946,0.0
indonesia,1946,0.0
iran,1946,0.0
kazakhstan,1946,0.0
macedonia,1946,0.0
morocco,1946,0.0
myanmar,1946,0.0
norway,1946,0.1
papua_new_guinea,1946,0.0
philippines,1946,0.0
poland,1946,0.0
russia,1946,17.51727273
south_africa,1946,0.5
spain,1946,0.0
turkey,1946,0.0
ukraine,1946,0.48272727
united_states,1946,0.3
venezuela,1946,0.0
zambia,1946,0.0
zimbabwe,1946,0.0
albania,1947,0.0
australia,1947,0.0
botswana,1947,0.0
brazil,1947,0.0
canada,1947,107.6
china,1947,0.0
colombia,1947,0.0
cuba,1947,2.0
dominican_republic,1947,0.0
finland,1947,0.5
germany,1947,0.0
greece,1947,0.0
india,1947,0.0
indonesia,1947,0.0
iran,1947,0.0
kazakhstan,1947,0.0
macedonia,1947,0.0
morocco,1947,0.0
myanmar,1947,0.0
norway,1947,0.0
papua_new_guinea,1947,0.0
philippines,1947,0.0
poland,1947,0.0
russia,1947,22.38318182
south_africa,1947,0.5
spain,1947,0.0
turkey,1947,0.0
ukraine,1947,0.61681818
united_states,1947,0.6
venezuela,1947,0.0
zambia,1947,0.0
zimbabwe,1947,0.0
albania,1948,0.0
australia,1948,0.0
botswana,1948,0.0
brazil,1948,0.0
canada,1948,119.5
china,1948,0.0
colombia,1948,0.0
cuba,1948,0.0
dominican_republic,1948,0.0
finland,1948,0.0
germany,1948,0.0
greece,1948,0.0
india,1948,0.0
indonesia,1948,0.0
iran,1948,0.0
kazakhstan,1948,0.0
macedonia,1948,0.0
morocco,1948,0.0
myanmar,1948,0.0
norway,1948,0.0
papua_new_guinea,1948,0.0
philippines,1948,0.0
poland,1948,0.0
russia,1948,26.27590909
south_africa,1948,0.5
spain,1948,0.0
turkey,1948,0.0
ukraine,1948,0.72409091
united_states,1948,0.8
venezuela,1948,0.0
zambia,1948,0.0
zimbabwe,1948,0.0
albania,1949,0.0
australia,1949,0.0
botswana,1949,0.0
brazil,1949,0.0
canada,1949,116.7
china,1949,0.0
colombia,1949,0.0
cuba,1949,0.0
dominican_republic,1949,0.0
finland,1949,0.0
germany,1949,0.0
greece,1949,0.0
india,1949,0.0
indonesia,1949,0.0
iran,1949,0.0
kazakhstan,1949,0.0
macedonia,1949,0.0
morocco,1949,0.0
myanmar,1949,0.0
norway,1949,0.0
papua_new_guinea,1949,0.0
philippines,1949,0.0
poland,1949,0.0
russia,1949,26.27590909
south_africa,1949,0.6
spain,1949,0.0
turkey,1949,0.0
ukraine,1949,0.72409091
united_states,1949,0.7
venezuela,1949,0.0
zambia,1949,0.0
zimbabwe,1949,0.0
albania,1950,0.0
australia,1950,0.0
botswana,1950,0.0
brazil,1950,0.0
canada,1950,112.2
china,1950,0.0
colombia,1950,0.0
cuba,1950,0.0
dominican_republic,1950,0.0
finland,1950,0.0
germany,1950,0.0
greece,1950,0.0
india,1950,0.0
indonesia,1950,0.0
iran,1950,0.0
kazakhstan,1950,0.0
macedonia,1950,0.0
morocco,1950,0.0
myanmar,1950,0.0
norway,1950,0.0
papua_new_guinea,1950,0.0
philippines,1950,0.0
poland,1950,0.0
russia,1950,26.27590909
south_africa,1950,0.8
spain,1950,0.0
turkey,1950,0.0
ukraine,1950,0.72409091
united_states,1950,0.8
venezuela,1950,0.0
zambia,1950,0.0
zimbabwe,1950,0.0
albania,1951,0.0
australia,1951,0.0
botswana,1951,0.0
brazil,1951,0.0
canada,1951,125.1
china,1951,0.0
colombia,1951,0.0
cuba,1951,0.0
dominican_republic,1951,0.0
finland,1951,0.1
germany,1951,0.0
greece,1951,0.0
india,1951,0.0
indonesia,1951,0.0
iran,1951,0.0
kazakhstan,1951,0.0
macedonia,1951,0.0
morocco,1951,0.0
myanmar,1951,3.7
norway,1951,0.0
papua_new_guinea,1951,0.0
philippines,1951,0.0
poland,1951,0.0
russia,1951,33.08818182
south_africa,1951,1.1
spain,1951,0.0
turkey,1951,0.0
ukraine,1951,0.91181818
united_states,1951,0.7
venezuela,1951,0.0
zambia,1951,0.0
zimbabwe,1951,0.0
albania,1952,0.0
australia,1952,0.0
botswana,1952,0.0
brazil,1952,0.0
canada,1952,127.5
china,1952,0.0
colombia,1952,0.0
cuba,1952,8.1
dominican_republic,1952,0.0
finland,1952,1.2
germany,1952,0.0
greece,1952,0.0
india,1952,0.0
indonesia,1952,0.0
iran,1952,0.0
kazakhstan,1952,0.0
macedonia,1952,0.0
morocco,1952,0.0
myanmar,1952,0.4
norway,1952,0.0
papua_new_guinea,1952,0.0
philippines,1952,0.0
poland,1952,0.0
russia,1952,37.95409091
south_africa,1952,1.3
spain,1952,0.0
turkey,1952,0.0
ukraine,1952,1.04590909
united_states,1952,0.6
venezuela,1952,0.0
zambia,1952,0.0
zimbabwe,1952,0.0
albania,1953,0.0
australia,1953,0.0
botswana,1953,0.0
brazil,1953,0.0
canada,1953,130.3
china,1953,0.0
colombia,1953,0.0
cuba,1953,12.6
dominican_republic,1953,0.0
finland,1953,0.5
germany,1953,0.0
greece,1953,0.0
india,1953,0.0
indonesia,1953,0.0
iran,1953,0.0
kazakhstan,1953,0.0
macedonia,1953,0.0
morocco,1953,0.0
myanmar,1953,0.1
norway,1953,0.0
papua_new_guinea,1953,0.0
philippines,1953,0.0
poland,1953,0.0
russia,1953,39.90045455
south_africa,1953,1.7
spain,1953,0.0
turkey,1953,0.0
ukraine,1953,1.09954545
united_states,1953,0.6
venezuela,1953,0.0
zambia,1953,0.0
zimbabwe,1953,0.0
albania,1954,0.0
australia,1954,0.0
botswana,1954,0.0
brazil,1954,0.0
canada,1954,150.9
china,1954,0.0
colombia,1954,0.0
cuba,1954,13.2
dominican_republic,1954,0.0
finland,1954,0.2
germany,1954,0.0
greece,1954,0.0
india,1954,0.0
indonesia,1954,0.0
iran,1954,0.0
kazakhstan,1954,0.0
macedonia,1954,0.0
morocco,1954,0.0
myanmar,1954,0.5
norway,1954,0.0
papua_new_guinea,1954,0.0
philippines,1954,0.0
poland,1954,0.8
russia,1954,41.84681818
south_africa,1954,1.9
spain,1954,0.0
turkey,1954,0.0
ukraine,1954,1.15318182
united_states,1954,2.4
venezuela,1954,0.0
zambia,1954,0.0
zimbabwe,1954,0.0
albania,1955,0.0
australia,1955,0.0
botswana,1955,0.0
brazil,1955,0.0
canada,1955,158.7
china,1955,0.0
colombia,1955,0.0
cuba,1955,13.7
dominican_republic,1955,0.0
finland,1955,0.0
germany,1955,0.0
greece,1955,0.0
india,1955,0.0
indonesia,1955,0.0
iran,1955,0.0
kazakhstan,1955,0.0
macedonia,1955,0.0
morocco,1955,0.0
myanmar,1955,0.3
norway,1955,0.0
papua_new_guinea,1955,0.0
philippines,1955,0.0
poland,1955,0.9
russia,1955,43.79318182
south_africa,1955,2.4
spain,1955,0.0
turkey,1955,0.0
ukraine,1955,1.20681818
united_states,1955,3.0
venezuela,1955,0.0
zambia,1955,0.0
zimbabwe,1955,0.0
albania,1956,0.0
australia,1956,0.0
botswana,1956,0.0
brazil,1956,0.0
canada,1956,161.9
china,1956,0.0
colombia,1956,0.0
cuba,1956,14.6
dominican_republic,1956,0.0
finland,1956,0.0
germany,1956,0.0
greece,1956,0.0
india,1956,0.0
indonesia,1956,0.0
iran,1956,0.0
kazakhstan,1956,0.0
macedonia,1956,0.0
morocco,1956,0.0
myanmar,1956,0.5
norway,1956,0.0
papua_new_guinea,1956,0.0
philippines,1956,0.0
poland,1956,1.2
russia,1956,46.71272727
south_africa,1956,2.5
spain,1956,0.0
turkey,1956,0.0
ukraine,1956,1.28727273
united_states,1956,5.5
venezuela,1956,0.0
zambia,1956,0.0
zimbabwe,1956,0.0
albania,1957,0.0
australia,1957,0.0
botswana,1957,0.0
brazil,1957,0.1
canada,1957,170.5
china,1957,0.0
colombia,1957,0.0
cuba,1957,20.2
dominican_republic,1957,0.0
finland,1957,0.0
germany,1957,0.1
greece,1957,0.8
india,1957,0.0
indonesia,1957,0.0
iran,1957,0.0
kazakhstan,1957,0.0
macedonia,1957,0.0
morocco,1957,0.1
myanmar,1957,0.1
norway,1957,0.0
papua_new_guinea,1957,0.0
philippines,1957,0.0
poland,1957,1.3
russia,1957,48.65909091
south_africa,1957,4.1
spain,1957,0.0
turkey,1957,0.0
ukraine,1957,1.34090909
united_states,1957,8.7
venezuela,1957,0.0
zambia,1957,0.0
zimbabwe,1957,0.1
albania,1958,0.9
australia,1958,0.0
botswana,1958,0.0
brazil,1958,0.1
canada,1958,126.6
china,1958,0.0
colombia,1958,0.0
cuba,1958,17.9
dominican_republic,1958,0.0
finland,1958,0.0
germany,1958,0.1
greece,1958,0.4
india,1958,0.0
indonesia,1958,0.0
iran,1958,0.0
kazakhstan,1958,0.0
macedonia,1958,0.0
morocco,1958,0.2
myanmar,1958,0.3
norway,1958,0.0
papua_new_guinea,1958,0.0
philippines,1958,0.0
poland,1958,1.4
russia,1958,50.60545455
south_africa,1958,2.0
spain,1958,0.0
turkey,1958,0.0
ukraine,1958,1.39454545
united_states,1958,10.2
venezuela,1958,0.0
zambia,1958,0.0
zimbabwe,1958,0.0
albania,1959,1.7
australia,1959,0.0
botswana,1959,0.0
brazil,1959,0.1
canada,1959,169.2
china,1959,0.0
colombia,1959,0.0
cuba,1959,18.0
dominican_republic,1959,0.0
finland,1959,0.3
germany,1959,0.1
greece,1959,0.0
india,1959,0.0
indonesia,1959,0.2
iran,1959,0.0
kazakhstan,1959,0.0
macedonia,1959,0.0
morocco,1959,0.2
myanmar,1959,0.1
norway,1959,0.0
papua_new_guinea,1959,0.0
philippines,1959,0.0
poland,1959,1.3
russia,1959,51.57863636
south_africa,1959,2.7
spain,1959,0.0
turkey,1959,0.0
ukraine,1959,1.42136364
united_states,1959,10.1
venezuela,1959,0.0
zambia,1959,0.0
zimbabwe,1959,0.0
albania,1960,2.5
australia,1960,0.0
botswana,1960,0.0
brazil,1960,0.1
canada,1960,194.6
china,1960,0.0
colombia,1960,0.0
cuba,1960,12.8
dominican_republic,1960,0.0
finland,1960,2.4
germany,1960,0.1
greece,1960,0.0
india,1960,0.0
indonesia,1960,0.4
iran,1960,0.0
kazakhstan,1960,0.0
macedonia,1960,0.0
morocco,1960,0.3
myanmar,1960,0.1
norway,1960,0.0
papua_new_guinea,1960,0.0
philippines,1960,0.0
poland,1960,1.3
russia,1960,51.57863636
south_africa,1960,3.0
spain,1960,0.0
turkey,1960,0.0
ukraine,1960,1.42136364
united_states,1960,10.8
venezuela,1960,0.0
zambia,1960,0.0
zimbabwe,1960,0.0
albania,1961,3.5
australia,1961,0.0
botswana,1961,0.0
brazil,1961,0.1
canada,1961,211.4
china,1961,0.0
colombia,1961,0.0
cuba,1961,14.8
dominican_republic,1961,0.0
finland,1961,3.1
germany,1961,0.1
greece,1961,0.0
india,1961,0.0
indonesia,1961,0.6
iran,1961,0.0
kazakhstan,1961,0.0
macedonia,1961,0.0
morocco,1961,0.3
myanmar,1961,0.1
norway,1961,0.0
papua_new_guinea,1961,0.0
philippines,1961,0.0
poland,1961,1.3
russia,1961,68.12272727
south_africa,1961,2.6
spain,1961,0.0
turkey,1961,0.0
ukraine,1961,1.87727273
united_states,1961,9.6
venezuela,1961,0.0
zambia,1961,0.0
zimbabwe,1961,0.1
albania,1962,4.2
australia,1962,0.0
botswana,1962,0.0
brazil,1962,0.3
canada,1962,210.7
china,1962,0.0
colombia,1962,0.0
cuba,1962,16.6
dominican_republic,1962,0.0
finland,1962,3.6
germany,1962,0.1
greece,1962,0.0
india,1962,0.0
indonesia,1962,0.4
iran,1962,0.0
kazakhstan,1962,0.0
macedonia,1962,0.0
morocco,1962,0.3
myanmar,1962,0.2
norway,1962,0.0
papua_new_guinea,1962,0.0
philippines,1962,0.0
poland,1962,1.3
russia,1962,77.85454545
south_africa,1962,2.4
spain,1962,0.0
turkey,1962,0.0
ukraine,1962,2.14545455
united_states,1962,9.6
venezuela,1962,0.0
zambia,1962,0.0
zimbabwe,1962,0.1
albania,1963,3.0
australia,1963,0.0
botswana,1963,0.0
brazil,1963,1.0
canada,1963,196.9
china,1963,0.0
colombia,1963,0.0
cuba,1963,16.7
dominican_republic,1963,0.0
finland,1963,4.2
germany,1963,0.1
greece,1963,0.0
india,1963,0.0
indonesia,1963,1.6
iran,1963,0.0
kazakhstan,1963,0.0
macedonia,1963,0.0
morocco,1963,0.3
myanmar,1963,0.1
norway,1963,0.0
papua_new_guinea,1963,0.0
philippines,1963,0.0
poland,1963,1.1
russia,1963,77.85454545
south_africa,1963,2.4
spain,1963,0.0
turkey,1963,0.0
ukraine,1963,2.14545455
united_states,1963,9.7
venezuela,1963,0.0
zambia,1963,0.0
zimbabwe,1963,0.1
albania,1964,3.5
australia,1964,0.0
botswana,1964,0.0
brazil,1964,1.0
canada,1964,207.3
china,1964,0.0
colombia,1964,0.0
cuba,1964,17.0
dominican_republic,1964,0.0
finland,1964,4.5
germany,1964,0.1
greece,1964,0.0
india,1964,0.0
indonesia,1964,1.7
iran,1964,0.0
kazakhstan,1964,0.0
macedonia,1964,0.0
morocco,1964,0.3
myanmar,1964,0.1
norway,1964,0.0
papua_new_guinea,1964,0.0
philippines,1964,0.0
poland,1964,1.2
russia,1964,77.85454545
south_africa,1964,2.4
spain,1964,0.0
turkey,1964,0.0
ukraine,1964,2.14545455
united_states,1964,10.2
venezuela,1964,0.0
zambia,1964,0.0
zimbabwe,1964,0.2
albania,1965,4.0
australia,1965,0.0
botswana,1965,0.0
brazil,1965,1.1
canada,1965,235.1
china,1965,0.0
colombia,1965,0.0
cuba,1965,28.2
dominican_republic,1965,0.0
finland,1965,4.1
germany,1965,0.1
greece,1965,0.0
india,1965,0.0
indonesia,1965,3.6
iran,1965,0.0
kazakhstan,1965,0.0
macedonia,1965,0.0
morocco,1965,0.4
myanmar,1965,0.1
norway,1965,0.0
papua_new_guinea,1965,0.0
philippines,1965,0.0
poland,1965,1.1
russia,1965,77.85454545
south_africa,1965,3.0
spain,1965,0.0
turkey,1965,0.0
ukraine,1965,2.14545455
united_states,1965,11.5
venezuela,1965,0.0
zambia,1965,0.0
zimbabwe,1965,0.8
albania,1966,4.0
australia,1966,0.0
botswana,1966,0.0
brazil,1966,1.0
canada,1966,202.9
china,1966,0.0
colombia,1966,0.0
cuba,1966,28.0
dominican_republic,1966,0.0
finland,1966,3.8
germany,1966,1.3
greece,1966,0.1
india,1966,0.0
indonesia,1966,3.9
iran,1966,0.0
kazakhstan,1966,0.0
macedonia,1966,0.0
morocco,1966,0.4
myanmar,1966,0.0
norway,1966,0.0
papua_new_guinea,1966,0.0
philippines,1966,0.0
poland,1966,1.3
russia,1966,82.72045455
south_africa,1966,5.4
spain,1966,0.0
turkey,1966,0.0
ukraine,1966,2.27954545
united_states,1966,11.1
venezuela,1966,0.0
zambia,1966,0.0
zimbabwe,1966,0.7
albania,1967,4.0
australia,1967,2.1
botswana,1967,0.0
brazil,1967,1.1
canada,1967,225.6
china,1967,0.0
colombia,1967,0.0
cuba,1967,32.6
dominican_republic,1967,0.0
finland,1967,4.4
germany,1967,1.4
greece,1967,2.5
india,1967,0.0
indonesia,1967,5.1
iran,1967,0.0
kazakhstan,1967,0.0
macedonia,1967,0.0
morocco,1967,0.4
myanmar,1967,0.0
norway,1967,0.0
papua_new_guinea,1967,0.0
philippines,1967,0.0
poland,1967,1.5
russia,1967,92.45227273
south_africa,1967,5.4
spain,1967,0.0
turkey,1967,0.0
ukraine,1967,2.54772727
united_states,1967,11.8
venezuela,1967,0.0
zambia,1967,0.0
zimbabwe,1967,0.7
albania,1968,4.1
australia,1968,4.7
botswana,1968,0.0
brazil,1968,1.0
canada,1968,239.8
china,1968,0.0
colombia,1968,0.0
cuba,1968,37.53
dominican_republic,1968,0.0
finland,1968,4.3
germany,1968,1.5
greece,1968,4.2
india,1968,0.0
indonesia,1968,7.9
iran,1968,0.0
kazakhstan,1968,0.0
macedonia,1968,0.0
morocco,1968,0.3
myanmar,1968,0.0
norway,1968,0.0
papua_new_guinea,1968,0.0
philippines,1968,0.0
poland,1968,1.5
russia,1968,97.31818182
south_africa,1968,5.5
spain,1968,0.0
turkey,1968,0.0
ukraine,1968,2.68181818
united_states,1968,11.9
venezuela,1968,0.0
zambia,1968,0.0
zimbabwe,1968,1.0
albania,1969,4.1
australia,1969,11.2
botswana,1969,0.0
brazil,1969,1.3
canada,1969,193.8
china,1969,0.0
colombia,1969,0.0
cuba,1969,35.4
dominican_republic,1969,0.0
finland,1969,4.8
germany,1969,1.5
greece,1969,5.6
india,1969,0.0
indonesia,1969,7.6
iran,1969,0.0
kazakhstan,1969,0.0
macedonia,1969,0.0
morocco,1969,0.3
myanmar,1969,0.0
norway,1969,0.0
papua_new_guinea,1969,0.0
philippines,1969,0.0
poland,1969,1.5
russia,1969,101.21090909
south_africa,1969,10.0
spain,1969,0.0
turkey,1969,0.0
ukraine,1969,2.78909091
united_states,1969,11.9
venezuela,1969,0.0
zambia,1969,0.0
zimbabwe,1969,4.0
albania,1970,5.4
australia,1970,29.8
botswana,1970,0.0
brazil,1970,3.0
canada,1970,277.5
china,1970,0.0
colombia,1970,0.0
cuba,1970,36.8
dominican_republic,1970,0.0
finland,1970,6.7
germany,1970,1.8
greece,1970,8.6
india,1970,0.0
indonesia,1970,16.0
iran,1970,0.0
kazakhstan,1970,0.0
macedonia,1970,0.0
morocco,1970,0.1
myanmar,1970,0.0
norway,1970,0.0
papua_new_guinea,1970,0.0
philippines,1970,0.1
poland,1970,1.5
russia,1970,106.07681818
south_africa,1970,11.6
spain,1970,0.0
turkey,1970,0.0
ukraine,1970,2.92318182
united_states,1970,11.5
venezuela,1970,0.0
zambia,1970,0.0
zimbabwe,1970,11.0
albania,1971,6.0
australia,1971,35.5
botswana,1971,0.0
brazil,1971,3.3
canada,1971,267.0
china,1971,0.0
colombia,1971,0.0
cuba,1971,36.5
dominican_republic,1971,0.2
finland,1971,4.1
germany,1971,1.8
greece,1971,10.6
india,1971,0.0
indonesia,1971,20.0
iran,1971,0.0
kazakhstan,1971,0.0
macedonia,1971,0.0
morocco,1971,0.2
myanmar,1971,0.0
norway,1971,0.5
papua_new_guinea,1971,0.0
philippines,1971,0.2
poland,1971,1.5
russia,1971,101.21090909
south_africa,1971,12.8
spain,1971,0.0
turkey,1971,0.0
ukraine,1971,2.78909091
united_states,1971,14.2
venezuela,1971,0.0
zambia,1971,0.0
zimbabwe,1971,11.6
albania,1972,6.0
australia,1972,35.5
botswana,1972,0.0
brazil,1972,3.4
canada,1972,234.9
china,1972,0.0
colombia,1972,0.0
cuba,1972,36.8
dominican_republic,1972,17.4
finland,1972,6.5
germany,1972,1.9
greece,1972,11.3
india,1972,0.0
indonesia,1972,22.0
iran,1972,0.0
kazakhstan,1972,0.0
macedonia,1972,0.0
morocco,1972,0.2
myanmar,1972,0.0
norway,1972,0.5
papua_new_guinea,1972,0.0
philippines,1972,0.4
poland,1972,1.5
russia,1972,101.21090909
south_africa,1972,11.7
spain,1972,0.0
turkey,1972,0.0
ukraine,1972,2.78909091
united_states,1972,14.3
venezuela,1972,0.0
zambia,1972,0.0
zimbabwe,1972,12.0
albania,1973,5.8
australia,1973,40.1
botswana,1973,0.5
brazil,1973,4.1
canada,1973,249.1
china,1973,0.0
colombia,1973,0.0
cuba,1973,35.1
dominican_republic,1973,30.1
finland,1973,7.2
germany,1973,2.0
greece,1973,13.9
india,1973,0.0
indonesia,1973,21.0
iran,1973,0.0
kazakhstan,1973,0.0
macedonia,1973,0.0
morocco,1973,0.2
myanmar,1973,0.0
norway,1973,0.6
papua_new_guinea,1973,0.0
philippines,1973,0.4
poland,1973,2.0
russia,1973,109.96954546
south_africa,1973,19.4
spain,1973,0.0
turkey,1973,0.0
ukraine,1973,3.03045455
united_states,1973,12.6
venezuela,1973,0.0
zambia,1973,0.0
zimbabwe,1973,11.8
albania,1974,5.6
australia,1974,45.9
botswana,1974,2.6
brazil,1974,3.5
canada,1974,269.1
china,1974,0.0
colombia,1974,0.0
cuba,1974,33.9
dominican_republic,1974,30.5
finland,1974,6.0
germany,1974,2.2
greece,1974,15.1
india,1974,0.0
indonesia,1974,21.0
iran,1974,0.0
kazakhstan,1974,0.0
macedonia,1974,0.0
morocco,1974,0.3
myanmar,1974,0.0
norway,1974,0.7
papua_new_guinea,1974,0.0
philippines,1974,0.3
poland,1974,2.0
russia,1974,118.72818182
south_africa,1974,21.4
spain,1974,0.0
turkey,1974,0.0
ukraine,1974,3.27181818
united_states,1974,12.8
venezuela,1974,0.0
zambia,1974,0.0
zimbabwe,1974,11.5
albania,1975,6.5
australia,1975,76.0
botswana,1975,6.3
brazil,1975,3.2
canada,1975,242.2
china,1975,0.0
colombia,1975,0.0
cuba,1975,36.6
dominican_republic,1975,26.9
finland,1975,5.7
germany,1975,2.4
greece,1975,14.8
india,1975,0.0
indonesia,1975,19.0
iran,1975,0.0
kazakhstan,1975,0.0
macedonia,1975,0.0
morocco,1975,0.5
myanmar,1975,0.1
norway,1975,0.4
papua_new_guinea,1975,0.0
philippines,1975,9.5
poland,1975,2.5
russia,1975,121.64772727
south_africa,1975,20.8
spain,1975,0.0
turkey,1975,0.0
ukraine,1975,3.35227273
united_states,1975,13.0
venezuela,1975,0.0
zambia,1975,0.0
zimbabwe,1975,12.5
albania,1976,7.0
australia,1976,82.0
botswana,1976,12.6
brazil,1976,2.3
canada,1976,241.0
china,1976,0.0
colombia,1976,0.0
cuba,1976,36.8
dominican_republic,1976,24.4
finland,1976,6.4
germany,1976,2.5
greece,1976,16.4
india,1976,0.0
indonesia,1976,26.0
iran,1976,0.0
kazakhstan,1976,0.0
macedonia,1976,0.0
morocco,1976,0.2
myanmar,1976,0.1
norway,1976,0.4
papua_new_guinea,1976,0.0
philippines,1976,15.2
poland,1976,2.8
russia,1976,126.51363636
south_africa,1976,22.4
spain,1976,0.0
turkey,1976,0.0
ukraine,1976,3.48636364
united_states,1976,12.6
venezuela,1976,0.0
zambia,1976,0.0
zimbabwe,1976,16.2
albania,1977,7.5
australia,1977,86.0
botswana,1977,12.0
brazil,1977,4.241
canada,1977,233.0
china,1977,10.0
colombia,1977,0.0
cuba,1977,37.0
dominican_republic,1977,24.905
finland,1977,6.81
germany,1977,2.5
greece,1977,9.61
india,1977,0.0
indonesia,1977,31.0
iran,1977,0.0
kazakhstan,1977,0.0
macedonia,1977,0.0
morocco,1977,0.2
myanmar,1977,0.017
norway,1977,0.492
papua_new_guinea,1977,0.0
philippines,1977,37.0
poland,1977,1.4
russia,1977,131.37954545
south_africa,1977,22.0
spain,1977,0.0
turkey,1977,0.0
ukraine,1977,3.62045455
united_states,1977,13.0
venezuela,1977,0.0
zambia,1977,0.0
zimbabwe,1977,17.0
albania,1978,8.0
australia,1978,82.0
botswana,1978,16.0
brazil,1978,3.6
canada,1978,128.0
china,1978,10.0
colombia,1978,0.0
cuba,1978,35.0
dominican_republic,1978,14.302
finland,1978,5.481
germany,1978,2.7
greece,1978,15.1
india,1978,0.0
indonesia,1978,30.0
iran,1978,0.0
kazakhstan,1978,0.0
macedonia,1978,0.5
morocco,1978,0.1
myanmar,1978,0.018
norway,1978,0.499
papua_new_guinea,1978,0.0
philippines,1978,30.0
poland,1978,1.3
russia,1978,136.24545455
south_africa,1978,29.0
spain,1978,0.0
turkey,1978,0.0
ukraine,1978,3.75454545
united_states,1978,12.0
venezuela,1978,0.0
zambia,1978,0.0
zimbabwe,1978,16.0
albania,1979,8.5
australia,1979,80.0
botswana,1979,16.0
brazil,1979,2.964
canada,1979,126.0
china,1979,11.0
colombia,1979,0.0
cuba,1979,32.0
dominican_republic,1979,25.111
finland,1979,6.618
germany,1979,2.5
greece,1979,14.632
india,1979,0.0
indonesia,1979,37.0
iran,1979,0.0
kazakhstan,1979,0.0
macedonia,1979,0.5
morocco,1979,0.5
myanmar,1979,0.018
norway,1979,0.593
papua_new_guinea,1979,0.0
philippines,1979,21.0
poland,1979,1.2
russia,1979,141.11136364
south_africa,1979,30.0
spain,1979,0.0
turkey,1979,0.0
ukraine,1979,3.88863636
united_states,1979,14.0
venezuela,1979,0.0
zambia,1979,0.0
zimbabwe,1979,15.0
albania,1980,8.5
australia,1980,64.0
botswana,1980,15.0
brazil,1980,4.291
canada,1980,185.0
china,1980,11.0
colombia,1980,0.0
cuba,1980,38.0
dominican_republic,1980,16.347
finland,1980,6.03
germany,1980,2.7
greece,1980,13.9
india,1980,0.0
indonesia,1980,37.0
iran,1980,0.0
kazakhstan,1980,0.0
macedonia,1980,0.5
morocco,1980,0.5
myanmar,1980,0.014
norway,1980,0.508
papua_new_guinea,1980,0.0
philippines,1980,25.0
poland,1980,1.1
russia,1980,139.165
south_africa,1980,26.0
spain,1980,0.0
turkey,1980,0.0
ukraine,1980,3.835
united_states,1980,13.0
venezuela,1980,0.0
zambia,1980,0.0
zimbabwe,1980,15.0
albania,1981,8.8
australia,1981,73.0
botswana,1981,18.0
brazil,1981,4.0
canada,1981,155.0
china,1981,11.0
colombia,1981,0.0
cuba,1981,40.0
dominican_republic,1981,19.0
finland,1981,6.871
germany,1981,2.7
greece,1981,11.8
india,1981,0.0
indonesia,1981,37.0
iran,1981,0.0
kazakhstan,1981,0.0
macedonia,1981,2.0
morocco,1981,0.5
myanmar,1981,0.014
norway,1981,0.5
papua_new_guinea,1981,0.0
philippines,1981,21.0
poland,1981,1.0
russia,1981,141.11136364
south_africa,1981,26.0
spain,1981,0.0
turkey,1981,0.0
ukraine,1981,3.88863636
united_states,1981,11.0
venezuela,1981,0.0
zambia,1981,0.0
zimbabwe,1981,13.0
albania,1982,9.0
australia,1982,81.0
botswana,1982,18.0
brazil,1982,14.451
canada,1982,89.0
china,1982,13.0
colombia,1982,6.764
cuba,1982,38.0
dominican_republic,1982,5.958
finland,1982,4.746
germany,1982,2.5
greece,1982,5.0
india,1982,0.0
indonesia,1982,39.0
iran,1982,0.0
kazakhstan,1982,0.0
macedonia,1982,3.5
morocco,1982,0.5
myanmar,1982,0.02
norway,1982,0.405
papua_new_guinea,1982,0.0
philippines,1982,11.0
poland,1982,0.7
russia,1982,165.44090909
south_africa,1982,22.0
spain,1982,0.0
turkey,1982,0.0
ukraine,1982,4.55909091
united_states,1982,3.0
venezuela,1982,0.0
zambia,1982,0.0
zimbabwe,1982,13.0
albania,1983,9.0
australia,1983,83.0
botswana,1983,18.0
brazil,1983,15.561
canada,1983,125.0
china,1983,14.0
colombia,1983,17.307
cuba,1983,39.0
dominican_republic,1983,19.017
finland,1983,5.214
germany,1983,2.2
greece,1983,12.9
india,1983,0.0
indonesia,1983,31.0
iran,1983,0.0
kazakhstan,1983,0.0
macedonia,1983,1.6
morocco,1983,0.0
myanmar,1983,0.02
norway,1983,0.359
papua_new_guinea,1983,0.0
philippines,1983,6.0
poland,1983,0.3
russia,1983,167.38727273
south_africa,1983,20.0
spain,1983,0.0
turkey,1983,0.0
ukraine,1983,4.61272727
united_states,1983,0.0
venezuela,1983,0.0
zambia,1983,0.0
zimbabwe,1983,10.0
albania,1984,9.7
australia,1984,76.0
botswana,1984,19.0
brazil,1984,23.532
canada,1984,174.0
china,1984,18.0
colombia,1984,20.799
cuba,1984,33.0
dominican_republic,1984,24.805
finland,1984,6.928
germany,1984,2.0
greece,1984,15.8
india,1984,0.0
indonesia,1984,26.0
iran,1984,0.0
kazakhstan,1984,0.0
macedonia,1984,2.2
morocco,1984,0.0
myanmar,1984,0.02
norway,1984,0.326
papua_new_guinea,1984,0.0
philippines,1984,4.0
poland,1984,0.0
russia,1984,167.38727273
south_africa,1984,25.0
spain,1984,0.0
turkey,1984,0.0
ukraine,1984,4.61272727
united_states,1984,13.0
venezuela,1984,0.0
zambia,1984,0.0
zimbabwe,1984,10.0
albania,1985,10.0
australia,1985,82.0
botswana,1985,20.0
brazil,1985,16.473
canada,1985,170.0
china,1985,26.0
colombia,1985,14.608
cuba,1985,36.0
dominican_republic,1985,25.4
finland,1985,9.136
germany,1985,2.0
greece,1985,15.9
india,1985,0.0
indonesia,1985,23.0
iran,1985,0.0
kazakhstan,1985,0.0
macedonia,1985,2.8
morocco,1985,0.0
myanmar,1985,0.02
norway,1985,0.425
papua_new_guinea,1985,0.0
philippines,1985,15.0
poland,1985,0.0
russia,1985,167.38727273
south_africa,1985,25.0
spain,1985,0.0
turkey,1985,0.0
ukraine,1985,4.61272727
united_states,1985,6.0
venezuela,1985,0.0
zambia,1985,0.0
zimbabwe,1985,10.0
albania,1986,10.0
australia,1986,81.0
botswana,1986,19.0
brazil,1986,17.0
canada,1986,164.0
china,1986,29.0
colombia,1986,20.98
cuba,1986,35.0
dominican_republic,1986,24.1
finland,1986,11.8
germany,1986,2.0
greece,1986,10.3
india,1986,0.0
indonesia,1986,37.0
iran,1986,0.0
kazakhstan,1986,0.0
macedonia,1986,3.2
morocco,1986,0.0
myanmar,1986,0.02
norway,1986,0.4
papua_new_guinea,1986,0.0
philippines,1986,13.0
poland,1986,0.0
russia,1986,165.44090909
south_africa,1986,31.0
spain,1986,0.0
turkey,1986,0.0
ukraine,1986,4.55909091
united_states,1986,1.0
venezuela,1986,0.0
zambia,1986,0.0
zimbabwe,1986,10.0
albania,1987,9.238
australia,1987,75.0
botswana,1987,17.0
brazil,1987,22.092
canada,1987,189.0
china,1987,30.0
colombia,1987,22.8
cuba,1987,37.0
dominican_republic,1987,32.5
finland,1987,10.038
germany,1987,1.689
greece,1987,9.202
india,1987,0.0
indonesia,1987,43.0
iran,1987,0.0
kazakhstan,1987,0.0
macedonia,1987,3.5
morocco,1987,0.0
myanmar,1987,0.05
norway,1987,0.386
papua_new_guinea,1987,0.0
philippines,1987,9.0
poland,1987,0.0
russia,1987,189.77045455
south_africa,1987,34.0
spain,1987,0.0
turkey,1987,0.0
ukraine,1987,5.22954545
united_states,1987,0.0
venezuela,1987,0.0
zambia,1987,0.0
zimbabwe,1987,10.0
albania,1988,10.139
australia,1988,72.0
botswana,1988,23.0
brazil,1988,18.667
canada,1988,199.0
china,1988,27.0
colombia,1988,19.2
cuba,1988,44.0
dominican_republic,1988,29.3
finland,1988,11.07
germany,1988,1.367
greece,1988,13.131
india,1988,0.0
indonesia,1988,53.0
iran,1988,0.0
kazakhstan,1988,0.0
macedonia,1988,5.6
morocco,1988,0.0
myanmar,1988,0.1
norway,1988,0.382
papua_new_guinea,1988,0.0
philippines,1988,10.0
poland,1988,0.0
russia,1988,199.50227273
south_africa,1988,35.0
spain,1988,0.0
turkey,1988,0.0
ukraine,1988,5.49772727
united_states,1988,0.0
venezuela,1988,0.0
zambia,1988,0.0
zimbabwe,1988,11.0
albania,1989,11.204
australia,1989,63.0
botswana,1989,24.0
brazil,1989,18.826
canada,1989,195.0
china,1989,34.0
colombia,1989,21.2
cuba,1989,47.0
dominican_republic,1989,31.3
finland,1989,9.958
germany,1989,1.479
greece,1989,10.719
india,1989,0.0
indonesia,1989,64.0
iran,1989,0.0
kazakhstan,1989,0.0
macedonia,1989,6.3
morocco,1989,0.0
myanmar,1989,0.1
norway,1989,0.445
papua_new_guinea,1989,0.0
philippines,1989,15.0
poland,1989,0.0
russia,1989,199.50227273
south_africa,1989,35.0
spain,1989,0.0
turkey,1989,0.0
ukraine,1989,5.49772727
united_states,1989,0.0
venezuela,1989,0.0
zambia,1989,0.0
zimbabwe,1989,12.0
albania,1990,8.843
australia,1990,66.0
botswana,1990,23.0
brazil,1990,18.788
canada,1990,195.0
china,1990,33.0
colombia,1990,23.1
cuba,1990,38.0
dominican_republic,1990,28.7
finland,1990,10.812
germany,1990,0.872
greece,1990,15.728
india,1990,0.0
indonesia,1990,69.0
iran,1990,0.0
kazakhstan,1990,0.0
macedonia,1990,4.9
morocco,1990,0.0
myanmar,1990,0.1
norway,1990,2.2
papua_new_guinea,1990,0.0
philippines,1990,16.0
poland,1990,0.0
russia,1990,206.31454546
south_africa,1990,30.0
spain,1990,0.0
turkey,1990,0.0
ukraine,1990,5.68545455
united_states,1990,0.0
venezuela,1990,0.0
zambia,1990,0.0
zimbabwe,1990,11.0
albania,1991,4.0
australia,1991,69.0
botswana,1991,24.0
brazil,1991,20.0
canada,1991,188.0
china,1991,30.0
colombia,1991,22.8
cuba,1991,35.0
dominican_republic,1991,29.1
finland,1991,10.332
germany,1991,0.0
greece,1991,16.005
india,1991,0.0
indonesia,1991,66.0
iran,1991,0.0
kazakhstan,1991,0.0
macedonia,1991,3.2
morocco,1991,0.0
myanmar,1991,0.0
norway,1991,2.2
papua_new_guinea,1991,0.0
philippines,1991,18.0
poland,1991,0.0
russia,1991,194.63636364
south_africa,1991,30.0
spain,1991,0.0
turkey,1991,0.0
ukraine,1991,5.36363636
united_states,1991,5.0
venezuela,1991,0.0
zambia,1991,0.0
zimbabwe,1991,11.0
albania,1992,0.0
australia,1992,58.0
botswana,1992,23.0
brazil,1992,29.372
canada,1992,185.0
china,1992,33.0
colombia,1992,23.4
cuba,1992,32.0
dominican_republic,1992,43.874
finland,1992,10.311
germany,1992,0.0
greece,1992,17.0
india,1992,0.0
indonesia,1992,78.0
iran,1992,0.0
kazakhstan,1992,0.0
macedonia,1992,5.5
morocco,1992,0.0
myanmar,1992,0.0
norway,1992,3.398
papua_new_guinea,1992,0.0
philippines,1992,14.0
poland,1992,0.0
russia,1992,214.1
south_africa,1992,28.0
spain,1992,0.0
turkey,1992,0.0
ukraine,1992,5.9
united_states,1992,6.0
venezuela,1992,0.0
zambia,1992,0.0
zimbabwe,1992,10.0
albania,1993,0.0
australia,1993,65.0
botswana,1993,23.0
brazil,1993,32.154
canada,1993,188.0
china,1993,33.0
colombia,1993,23.474
cuba,1993,29.0
dominican_republic,1993,36.487
finland,1993,8.862
germany,1993,0.0
greece,1993,12.94
india,1993,0.0
indonesia,1993,66.0
iran,1993,0.0
kazakhstan,1993,1.0
macedonia,1993,5.3
morocco,1993,0.0
myanmar,1993,0.0
norway,1993,3.462
papua_new_guinea,1993,0.0
philippines,1993,10.0
poland,1993,0.0
russia,1993,209.0
south_africa,1993,29.0
spain,1993,0.0
turkey,1993,0.0
ukraine,1993,3.5
united_states,1993,5.0
venezuela,1993,0.0
zambia,1993,0.0
zimbabwe,1993,10.0
albania,1994,0.0
australia,1994,66.0
botswana,1994,19.041
brazil,1994,32.663
canada,1994,152.0
china,1994,37.0
colombia,1994,28.144
cuba,1994,31.0
dominican_republic,1994,50.146
finland,1994,7.652
germany,1994,0.0
greece,1994,18.821
india,1994,0.0
indonesia,1994,81.0
iran,1994,0.0
kazakhstan,1994,8.5
macedonia,1994,4.6
morocco,1994,0.0
myanmar,1994,0.0
norway,1994,3.328
papua_new_guinea,1994,0.0
philippines,1994,9.0
poland,1994,0.0
russia,1994,212.0
south_africa,1994,30.8
spain,1994,0.0
turkey,1994,0.0
ukraine,1994,2.5
united_states,1994,0.0
venezuela,1994,0.0
zambia,1994,0.0
zimbabwe,1994,13.518
albania,1995,0.0
australia,1995,98.0
botswana,1995,18.088
brazil,1995,29.124
canada,1995,172.0
china,1995,42.0
colombia,1995,29.806
cuba,1995,41.0
dominican_republic,1995,46.523
finland,1995,4.382
germany,1995,0.0
greece,1995,19.947
india,1995,0.0
indonesia,1995,87.0
iran,1995,0.0
kazakhstan,1995,9.9
macedonia,1995,3.5
morocco,1995,0.0
myanmar,1995,0.0
norway,1995,3.389
papua_new_guinea,1995,0.0
philippines,1995,15.0
poland,1995,0.0
russia,1995,224.0
south_africa,1995,29.8
spain,1995,0.0
turkey,1995,0.0
ukraine,1995,2.2
united_states,1995,2.0
venezuela,1995,0.0
zambia,1995,0.0
zimbabwe,1995,10.863
albania,1996,0.0
australia,1996,105.0
botswana,1996,22.095
brazil,1996,25.245
canada,1996,193.0
china,1996,44.0
colombia,1996,27.154
cuba,1996,54.0
dominican_republic,1996,43.56
finland,1996,3.872
germany,1996,0.0
greece,1996,20.558
india,1996,0.0
indonesia,1996,88.0
iran,1996,0.0
kazakhstan,1996,3.5
macedonia,1996,3.0
morocco,1996,0.0
myanmar,1996,0.0
norway,1996,3.119
papua_new_guinea,1996,0.0
philippines,1996,15.0
poland,1996,0.0
russia,1996,232.0
south_africa,1996,33.9
spain,1996,0.0
turkey,1996,0.0
ukraine,1996,1.7
united_states,1996,1.0
venezuela,1996,0.0
zambia,1996,0.0
zimbabwe,1996,9.695
albania,1997,0.0
australia,1997,115.0
botswana,1997,20.157
brazil,1997,31.936
canada,1997,181.0
china,1997,47.0
colombia,1997,31.23
cuba,1997,62.0
dominican_republic,1997,47.73
finland,1997,3.252
germany,1997,0.0
greece,1997,20.996
india,1997,0.0
indonesia,1997,75.0
iran,1997,0.0
kazakhstan,1997,4.0
macedonia,1997,5.3
morocco,1997,0.0
myanmar,1997,0.0
norway,1997,2.725
papua_new_guinea,1997,0.0
philippines,1997,18.0
poland,1997,0.0
russia,1997,235.0
south_africa,1997,34.8
spain,1997,0.0
turkey,1997,0.0
ukraine,1997,0.0
united_states,1997,0.0
venezuela,1997,0.0
zambia,1997,0.0
zimbabwe,1997,9.834
albania,1998,0.0
australia,1998,134.0
botswana,1998,22.851
brazil,1998,36.764
canada,1998,198.0
china,1998,49.0
colombia,1998,29.422
cuba,1998,68.0
dominican_republic,1998,40.311
finland,1998,1.967
germany,1998,0.0
greece,1998,18.544
india,1998,0.0
indonesia,1998,74.0
iran,1998,0.0
kazakhstan,1998,3.6
macedonia,1998,5.8
morocco,1998,0.0
myanmar,1998,0.0
norway,1998,3.219
papua_new_guinea,1998,0.0
philippines,1998,24.0
poland,1998,0.0
russia,1998,235.0
south_africa,1998,36.7
spain,1998,0.0
turkey,1998,0.0
ukraine,1998,0.0
united_states,1998,0.0
venezuela,1998,0.0
zambia,1998,0.0
zimbabwe,1998,10.336
albania,1999,0.0
australia,1999,130.0
botswana,1999,22.898
brazil,1999,43.784
canada,1999,177.0
china,1999,50.0
colombia,1999,39.274
cuba,1999,67.0
dominican_republic,1999,39.997
finland,1999,0.73
germany,1999,0.0
greece,1999,16.556
india,1999,0.0
indonesia,1999,89.0
iran,1999,0.0
kazakhstan,1999,0.003
macedonia,1999,0.1
morocco,1999,0.0
myanmar,1999,0.0
norway,1999,2.965
papua_new_guinea,1999,0.0
philippines,1999,21.0
poland,1999,0.0
russia,1999,261.8
south_africa,1999,36.2
spain,1999,0.0
turkey,1999,0.0
ukraine,1999,0.0
united_states,1999,0.0
venezuela,1999,0.0
zambia,1999,0.0
zimbabwe,1999,9.746
albania,2000,0.0
australia,2000,141.0
botswana,2000,21.446
brazil,2000,45.317
canada,2000,181.0
china,2000,51.0
colombia,2000,58.927
cuba,2000,71.0
dominican_republic,2000,39.943
finland,2000,4.3
germany,2000,0.0
greece,2000,23.365
india,2000,0.0
indonesia,2000,98.0
iran,2000,0.0
kazakhstan,2000,0.284
macedonia,2000,0.0
morocco,2000,0.0
myanmar,2000,0.0
norway,2000,2.536
papua_new_guinea,2000,0.0
philippines,2000,17.0
poland,2000,0.0
russia,2000,266.0
south_africa,2000,36.6
spain,2000,0.0
turkey,2000,0.0
ukraine,2000,0.0
united_states,2000,0.0
venezuela,2000,2.472
zambia,2000,0.0
zimbabwe,2000,6.062
albania,2001,0.0
australia,2001,197.0
botswana,2001,22.454
brazil,2001,45.456
canada,2001,184.0
china,2001,52.0
colombia,2001,53.0
cuba,2001,77.0
dominican_republic,2001,33.419
finland,2001,3.7
germany,2001,0.0
greece,2001,20.742
india,2001,0.0
indonesia,2001,102.0
iran,2001,0.0
kazakhstan,2001,0.0
macedonia,2001,0.0
morocco,2001,0.0
myanmar,2001,0.0
norway,2001,2.8
papua_new_guinea,2001,0.0
philippines,2001,27.0
poland,2001,0.0
russia,2001,272.8
south_africa,2001,36.4
spain,2001,0.0
turkey,2001,0.0
ukraine,2001,1.5
united_states,2001,0.0
venezuela,2001,10.6
zambia,2001,0.0
zimbabwe,2001,3.979
albania,2002,0.0
australia,2002,207.0
botswana,2002,23.896
brazil,2002,44.928
canada,2002,180.0
china,2002,55.0
colombia,2002,58.5
cuba,2002,75.0
dominican_republic,2002,37.521
finland,2002,3.5
germany,2002,0.0
greece,2002,22.7
india,2002,0.0
indonesia,2002,122.0
iran,2002,0.0
kazakhstan,2002,0.0
macedonia,2002,0.0
morocco,2002,0.0
myanmar,2002,0.0
norway,2002,2.052
papua_new_guinea,2002,0.0
philippines,2002,24.0
poland,2002,0.0
russia,2002,267.3
south_africa,2002,38.546
spain,2002,0.0
turkey,2002,0.0
ukraine,2002,0.0
united_states,2002,0.0
venezuela,2002,17.0
zambia,2002,0.0
zimbabwe,2002,8.092
albania,2003,0.0
australia,2003,183.0
botswana,2003,27.4
brazil,2003,45.456
canada,2003,155.0
china,2003,61.1
colombia,2003,70.8
cuba,2003,74.0
dominican_republic,2003,26.486
finland,2003,3.4
germany,2003,0.0
greece,2003,19.1
india,2003,0.0
indonesia,2003,143.9
iran,2003,0.0
kazakhstan,2003,0.0
macedonia,2003,5.6
morocco,2003,0.0
myanmar,2003,0.0
norway,2003,0.0
papua_new_guinea,2003,0.0
philippines,2003,20.0
poland,2003,0.0
russia,2003,291.0
south_africa,2003,40.842
spain,2003,0.0
turkey,2003,0.5
ukraine,2003,0.0
united_states,2003,0.0
venezuela,2003,18.8
zambia,2003,0.0
zimbabwe,2003,6.678
albania,2004,0.0
australia,2004,187.0
botswana,2004,22.292
brazil,2004,44.298
canada,2004,186.694
china,2004,75.6
colombia,2004,75.1
cuba,2004,71.9
dominican_republic,2004,29.484
finland,2004,3.4
germany,2004,0.0
greece,2004,19.0
india,2004,0.0
indonesia,2004,142.7
iran,2004,0.0
kazakhstan,2004,0.0
macedonia,2004,4.9
morocco,2004,0.1
myanmar,2004,0.0
norway,2004,0.382
papua_new_guinea,2004,0.0
philippines,2004,16.973
poland,2004,0.0
russia,2004,315.0
south_africa,2004,39.851
spain,2004,0.0
turkey,2004,0.0
ukraine,2004,6.0
united_states,2004,0.0
venezuela,2004,19.0
zambia,2004,0.0
zimbabwe,2004,9.776
albania,2005,0.7
australia,2005,189.0
botswana,2005,28.212
brazil,2005,74.198
canada,2005,198.932
china,2005,72.7
colombia,2005,89.0
cuba,2005,73.8
dominican_republic,2005,28.669
finland,2005,3.4
germany,2005,0.0
greece,2005,20.4
india,2005,0.0
indonesia,2005,150.0
iran,2005,0.0
kazakhstan,2005,0.5
macedonia,2005,7.8
morocco,2005,0.1
myanmar,2005,0.0
norway,2005,0.342
papua_new_guinea,2005,0.0
philippines,2005,22.56
poland,2005,0.0
russia,2005,277.2
south_africa,2005,42.497
spain,2005,5.38
turkey,2005,0.7
ukraine,2005,6.0
united_states,2005,0.0
venezuela,2005,18.5
zambia,2005,0.0
zimbabwe,2005,9.22
albania,2006,0.09
australia,2006,185.0
botswana,2006,26.762
brazil,2006,82.492
canada,2006,232.948
china,2006,82.1
colombia,2006,94.1
cuba,2006,73.4
dominican_republic,2006,29.665
finland,2006,3.0
germany,2006,0.0
greece,2006,21.7
india,2006,0.0
indonesia,2006,185.6
iran,2006,0.0
kazakhstan,2006,1.0
macedonia,2006,10.9
morocco,2006,0.0
myanmar,2006,0.0
norway,2006,0.32
papua_new_guinea,2006,0.0
philippines,2006,64.705
poland,2006,0.0
russia,2006,277.0
south_africa,2006,41.599
spain,2006,6.398
turkey,2006,1.0
ukraine,2006,12.0
united_states,2006,0.0
venezuela,2006,16.6
zambia,2006,0.0
zimbabwe,2006,8.825
albania,2007,2.197
australia,2007,184.0
botswana,2007,22.844
brazil,2007,38.4
canada,2007,254.915
china,2007,66.4
colombia,2007,49.312
cuba,2007,73.9
dominican_republic,2007,29.13
finland,2007,3.6
germany,2007,0.0
greece,2007,21.2
india,2007,0.0
indonesia,2007,243.5
iran,2007,0.0
kazakhstan,2007,1.2
macedonia,2007,15.0
morocco,2007,0.1
myanmar,2007,0.0
norway,2007,0.378
papua_new_guinea,2007,0.0
philippines,2007,91.367
poland,2007,0.0
russia,2007,279.8
south_africa,2007,37.877
spain,2007,6.63
turkey,2007,2.0
ukraine,2007,12.0
united_states,2007,0.0
venezuela,2007,15.666
zambia,2007,0.0
zimbabwe,2007,8.582
albania,2008,3.5
australia,2008,200.0
botswana,2008,28.94
brazil,2008,67.116
canada,2008,259.651
china,2008,79.5
colombia,2008,41.638
cuba,2008,67.3
dominican_republic,2008,18.782
finland,2008,6.2
germany,2008,0.0
greece,2008,18.6
india,2008,0.0
indonesia,2008,223.0
iran,2008,0.0
kazakhstan,2008,1.6
macedonia,2008,15.0
morocco,2008,0.1
myanmar,2008,0.0
norway,2008,0.377
papua_new_guinea,2008,0.0
philippines,2008,80.645
poland,2008,0.0
russia,2008,266.8
south_africa,2008,31.7
spain,2008,8.136
turkey,2008,1.5
ukraine,2008,8.0
united_states,2008,0.0
venezuela,2008,10.886
zambia,2008,0.8
zimbabwe,2008,6.354
albania,2009,0.55
australia,2009,165.8
botswana,2009,29.616
brazil,2009,56.95
canada,2009,135.037
china,2009,84.8
colombia,2009,51.802
cuba,2009,65.0
dominican_republic,2009,0.0
finland,2009,1.6
germany,2009,0.0
greece,2009,9.6
india,2009,0.0
indonesia,2009,183.9
iran,2009,0.0
kazakhstan,2009,0.0
macedonia,2009,12.0
morocco,2009,0.733
myanmar,2009,0.0
norway,2009,0.336
papua_new_guinea,2009,0.0
philippines,2009,137.35
poland,2009,0.0
russia,2009,261.9
south_africa,2009,34.61
spain,2009,8.029
turkey,2009,1.199
ukraine,2009,0.0
united_states,2009,0.0
venezuela,2009,13.749
zambia,2009,1.5
zimbabwe,2009,4.858
albania,2010,1.954
australia,2010,165.8
botswana,2010,24.931
brazil,2010,66.2
canada,2010,158.376
china,2010,79.8
colombia,2010,49.433
cuba,2010,65.4
dominican_republic,2010,0.0
finland,2010,12.1
germany,2010,0.0
greece,2010,16.1
india,2010,0.0
indonesia,2010,217.3
iran,2010,0.0
kazakhstan,2010,0.0
macedonia,2010,14.2
morocco,2010,0.317
myanmar,2010,0.0
norway,2010,0.348
papua_new_guinea,2010,0.0
philippines,2010,184.33
poland,2010,0.0
russia,2010,270.0
south_africa,2010,39.96
spain,2010,6.296
turkey,2010,1.9
ukraine,2010,0.0
united_states,2010,0.0
venezuela,2010,12.063
zambia,2010,2.809
zimbabwe,2010,6.133
albania,2011,0.914
australia,2011,215.0
botswana,2011,15.675
brazil,2011,74.0
canada,2011,219.612
china,2011,89.8
colombia,2011,37.8
cuba,2011,68.6
dominican_republic,2011,13.528
finland,2011,18.8
germany,2011,0.0
greece,2011,21.7
india,2011,0.0
indonesia,2011,226.3
iran,2011,0.0
kazakhstan,2011,0.0
macedonia,2011,25.6
morocco,2011,0.217
myanmar,2011,0.0
norway,2011,0.339
papua_new_guinea,2011,0.0
philippines,2011,319.354
poland,2011,0.0
russia,2011,270.0
south_africa,2011,43.321
spain,2011,0.0
turkey,2011,4.3
ukraine,2011,0.0
united_states,2011,0.0
venezuela,2011,13.4
zambia,2011,2.869
zimbabwe,2011,7.992
albania,2012,0.7
australia,2012,243.6
botswana,2012,17.948
brazil,2012,87.3
canada,2012,204.461
china,2012,93.3
colombia,2012,51.595
cuba,2012,68.3
dominican_republic,2012,15.186
finland,2012,19.6
germany,2012,0.0
greece,2012,21.6
india,2012,0.0
indonesia,2012,253.4
iran,2012,0.0
kazakhstan,2012,0.0
macedonia,2012,19.2
morocco,2012,0.047
myanmar,2012,0.0
norway,2012,0.351
papua_new_guinea,2012,4.758
philippines,2012,317.621
poland,2012,0.0
russia,2012,268.7
south_africa,2012,45.945
spain,2012,2.398
turkey,2012,3.2
ukraine,2012,0.0
united_states,2012,0.0
venezuela,2012,8.1
zambia,2012,0.0
zimbabwe,2012,5.716
