country,year,numeracy_total
germany,1500,40.0
netherlands,1500,72.0
italy,1520,55.0
portugal,1520,27.0
spain,1520,35.0
portugal,1570,38.0
spain,1570,46.0
japan,1590,81.0
austria,1620,84.0
czech_republic,1620,44.0
germany,1620,78.0
portugal,1620,44.0
spain,1620,70.0
switzerland,1620,87.0
united_kingdom,1620,76.0
sweden,1650,79.0
china,1670,94.0
france,1670,79.0
germany,1670,79.0
hungary,1670,32.0
portugal,1670,58.0
russia,1670,43.0
spain,1670,63.0
argentina,1680,16.0
mexico,1680,42.0
argentina,1690,22.0
mexico,1690,48.0
argentina,1700,28.0
mexico,1700,51.0
argentina,1710,35.0
austria,1710,81.7246
denmark,1710,88.4146
germany,1710,76.8148
mexico,1710,53.0
spain,1710,81.4923
argentina,1720,41.0
austria,1720,85.0645
belgium,1720,72.0
china,1720,99.0
czech_republic,1720,85.0
denmark,1720,97.8009
france,1720,66.4046
germany,1720,73.3304
hungary,1720,80.0378
italy,1720,76.4224
mexico,1720,55.0
portugal,1720,76.3889
russia,1720,50.9591
spain,1720,77.8629
switzerland,1720,66.0
united_kingdom,1720,93.0
argentina,1730,49.0
austria,1730,85.0355
denmark,1730,98.984
france,1730,72.5649
germany,1730,88.9442
hungary,1730,78.7824
italy,1730,79.0265
mexico,1730,57.0
portugal,1730,76.6822
russia,1730,51.4849
argentina,1740,55.0
austria,1740,90.3295
denmark,1740,95.4347
france,1740,76.8617
germany,1740,87.2797
hungary,1740,80.7419
italy,1740,79.5967
mexico,1740,59.0
portugal,1740,76.9755
russia,1740,55.3227
argentina,1750,60.0
austria,1750,91.8438
denmark,1750,96.9568
france,1750,81.8365
germany,1750,89.2835
hungary,1750,84.8781
italy,1750,78.0446
mexico,1750,62.0
portugal,1750,77.2688
russia,1750,56.7059
argentina,1760,64.0
belgium,1760,95.4561
denmark,1760,98.3633
france,1760,84.9982
germany,1760,91.7081
hungary,1760,88.9779
italy,1760,83.857
mexico,1760,63.0
portugal,1760,77.5621
russia,1760,50.6927
argentina,1770,66.0
austria,1770,86.0
belgium,1770,97.1939
brazil,1770,62.0
china,1770,98.0
czech_republic,1770,85.0
denmark,1770,95.5185
egypt,1770,12.931
france,1770,88.5911
germany,1770,88.6842
hungary,1770,66.0
italy,1770,86.1192
mexico,1770,64.0
netherlands,1770,98.7102
norway,1770,93.0
poland,1770,94.0
portugal,1770,77.8554
united_kingdom,1770,93.0
united_states,1770,91.2098
argentina,1780,67.0
austria,1780,97.6579
belgium,1780,97.5398
brazil,1780,67.0
canada,1780,96.0342
egypt,1780,4.16667
france,1780,93.8413
germany,1780,97.5334
ireland,1780,85.7737
mexico,1780,65.0
netherlands,1780,99.8362
portugal,1780,78.1487
switzerland,1780,95.6308
united_kingdom,1780,94.1316
united_states,1780,88.464
uruguay,1780,70.4082
argentina,1790,68.0
austria,1790,97.6426
belgium,1790,96.966
brazil,1790,75.0
canada,1790,92.5027
denmark,1790,99.994
ecuador,1790,47.2973
egypt,1790,6.16197
france,1790,95.5023
germany,1790,97.5182
ireland,1790,70.5574
italy,1790,83.5636
mexico,1790,65.0
netherlands,1790,100.699
portugal,1790,78.442
serbia,1790,19.5313
switzerland,1790,97.7162
united_kingdom,1790,91.8699
united_states,1790,85.9641
uruguay,1790,68.4141
austria,1800,96.2233
belgium,1800,97.9083
brazil,1800,72.0
canada,1800,93.466
croatia,1800,89.0328
czech_republic,1800,84.0
denmark,1800,99.7371
ecuador,1800,52.7174
egypt,1800,7.8125
finland,1800,98.5343
france,1800,94.9004
germany,1800,88.0
hungary,1800,87.6269
ireland,1800,77.0
italy,1800,85.3825
japan,1800,97.7776
mexico,1800,64.0
netherlands,1800,99.7331
norway,1800,95.4716
poland,1800,91.0
romania,1800,78.0066
russia,1800,89.0
serbia,1800,53.1609
slovakia,1800,79.7338
sweden,1800,100.955
switzerland,1800,98.2449
ukraine,1800,64.1153
united_kingdom,1800,91.2588
united_states,1800,85.0587
uruguay,1800,74.6559
argentina,1810,60.9082
austria,1810,97.5697
belgium,1810,98.4564
brazil,1810,75.2838
canada,1810,93.7823
colombia,1810,60.0394
czech_republic,1810,98.0671
denmark,1810,100.0
ecuador,1810,50.2874
egypt,1810,5.66465
finland,1810,98.5072
france,1810,95.893
hungary,1810,91.0843
italy,1810,83.2732
japan,1810,100.0
luxembourg,1810,97.7058
netherlands,1810,100.0
norway,1810,96.1842
romania,1810,85.0317
serbia,1810,43.1548
slovakia,1810,82.5184
slovenia,1810,100.0
sweden,1810,98.6578
switzerland,1810,98.7087
ukraine,1810,69.6385
united_kingdom,1810,92.7917
united_states,1810,85.079
uruguay,1810,77.391
argentina,1820,66.3767
armenia,1820,24.7724
austria,1820,95.3787
azerbaijan,1820,31.1233
belarus,1820,50.2202
belgium,1820,99.1159
brazil,1820,72.3275
canada,1820,94.8358
china,1820,86.413
colombia,1820,60.1504
czech_republic,1820,96.288
denmark,1820,100.0
ecuador,1820,55.9006
egypt,1820,8.43108
estonia,1820,95.618
finland,1820,99.7298
france,1820,96.9724
georgia,1820,44.1119
hungary,1820,88.8328
iceland,1820,100.0
italy,1820,84.8669
kazakhstan,1820,71.9398
kyrgyzstan,1820,64.774
latvia,1820,82.7575
lithuania,1820,58.7517
luxembourg,1820,97.8128
moldova,1820,54.5598
netherlands,1820,99.0808
norway,1820,97.6992
poland,1820,76.9905
romania,1820,86.3958
russia,1820,64.4743
serbia,1820,56.7693
slovakia,1820,81.3791
slovenia,1820,98.638
sweden,1820,99.5424
switzerland,1820,99.0678
tajikistan,1820,63.0789
turkey,1820,21.3797
turkmenistan,1820,62.7273
ukraine,1820,61.0985
united_kingdom,1820,94.5163
united_states,1820,86.9626
uruguay,1820,78.8462
uzbekistan,1820,75.0858
argentina,1830,71.3866
armenia,1830,26.1846
austria,1830,95.3057
azerbaijan,1830,31.9435
belarus,1830,55.357
belgium,1830,98.9966
brazil,1830,66.3575
canada,1830,91.7714
china,1830,85.781
colombia,1830,62.1634
czech_republic,1830,96.9387
denmark,1830,99.0092
ecuador,1830,62.0476
egypt,1830,5.40991
estonia,1830,94.4789
finland,1830,98.9761
france,1830,97.6234
georgia,1830,37.9822
germany,1830,99.0577
hungary,1830,91.8825
iceland,1830,95.8046
india,1830,34.0
italy,1830,88.0517
kazakhstan,1830,73.3172
kyrgyzstan,1830,63.565
latvia,1830,83.747
lithuania,1830,60.7892
luxembourg,1830,96.8605
moldova,1830,62.2995
netherlands,1830,99.4402
norway,1830,97.7246
poland,1830,77.6074
romania,1830,89.8848
russia,1830,69.3495
serbia,1830,59.8486
slovakia,1830,84.4571
slovenia,1830,99.4018
spain,1830,87.7296
sweden,1830,99.5477
switzerland,1830,98.5854
tajikistan,1830,52.9556
turkey,1830,24.5002
turkmenistan,1830,55.3288
ukraine,1830,67.4997
united_kingdom,1830,99.2719
united_states,1830,89.9822
uruguay,1830,80.4348
uzbekistan,1830,66.7441
argentina,1840,72.9639
armenia,1840,29.839
austria,1840,95.6274
azerbaijan,1840,36.2892
belarus,1840,62.818
belgium,1840,98.7685
brazil,1840,68.6016
canada,1840,92.4861
china,1840,82.0
colombia,1840,62.0858
costa_rica,1840,72.9695
czech_republic,1840,96.9886
denmark,1840,99.2614
ecuador,1840,61.9542
egypt,1840,9.08728
estonia,1840,95.9044
finland,1840,99.328
georgia,1840,46.8891
germany,1840,98.8584
hungary,1840,93.049
iceland,1840,98.1784
india,1840,31.0
ireland,1840,92.9292
italy,1840,92.2959
kazakhstan,1840,77.231
kyrgyzstan,1840,70.1715
latvia,1840,83.4665
lithuania,1840,62.2006
luxembourg,1840,96.196
moldova,1840,70.5018
myanmar,1840,65.6747
netherlands,1840,98.9834
norway,1840,98.0841
poland,1840,79.5788
romania,1840,91.3149
russia,1840,76.9371
slovakia,1840,86.8171
slovenia,1840,99.2069
spain,1840,87.2034
sweden,1840,99.3485
switzerland,1840,98.4941
tajikistan,1840,51.479
turkey,1840,29.4741
turkmenistan,1840,56.1641
ukraine,1840,75.4177
united_kingdom,1840,95.7688
united_states,1840,90.2625
uruguay,1840,86.3257
uzbekistan,1840,65.4884
argentina,1850,80.9343
armenia,1850,37.3165
austria,1850,97.9583
azerbaijan,1850,41.9922
belarus,1850,75.1818
belgium,1850,100.0
brazil,1850,73.8688
canada,1850,95.0801
china,1850,87.0145
costa_rica,1850,74.13
croatia,1850,97.9831
czech_republic,1850,99.4573
denmark,1850,99.2495
egypt,1850,9.86355
estonia,1850,97.6845
finland,1850,100.0
france,1850,100.0
georgia,1850,52.0444
germany,1850,99.6675
iceland,1850,97.5108
india,1850,36.0
ireland,1850,92.9925
italy,1850,99.4046
kazakhstan,1850,79.8805
kyrgyzstan,1850,70.8355
latvia,1850,89.182
lithuania,1850,73.8552
luxembourg,1850,97.4789
moldova,1850,82.8806
myanmar,1850,66.2964
netherlands,1850,98.9699
norway,1850,98.4195
poland,1850,88.9046
russia,1850,83.5952
slovenia,1850,99.9357
spain,1850,87.3905
sweden,1850,99.9913
switzerland,1850,100.0
tajikistan,1850,50.9979
turkey,1850,35.0192
turkmenistan,1850,60.2052
ukraine,1850,84.6491
united_kingdom,1850,97.1316
united_states,1850,95.4275
uzbekistan,1850,71.0322
argentina,1860,82.2639
armenia,1860,41.7351
australia,1860,99.6147
austria,1860,98.1537
azerbaijan,1860,38.3567
barbados,1860,96.1737
belarus,1860,78.9482
belgium,1860,100.0
belize,1860,93.4718
china,1860,92.7704
costa_rica,1860,73.5228
czech_republic,1860,98.6924
denmark,1860,99.4159
egypt,1860,14.5081
estonia,1860,97.617
fiji,1860,62.0224
finland,1860,100.0
france,1860,100.0
georgia,1860,65.2755
germany,1860,99.348
grenada,1860,86.2994
guyana,1860,92.5654
iceland,1860,99.8148
india,1860,37.0
indonesia,1860,40.2001
ireland,1860,88.8003
italy,1860,99.458
japan,1860,99.6216
kazakhstan,1860,71.8646
kyrgyzstan,1860,63.1424
latvia,1860,91.3013
lithuania,1860,78.266
luxembourg,1860,97.99
moldova,1860,87.0865
myanmar,1860,72.8871
netherlands,1860,99.5135
new_zealand,1860,98.1061
norway,1860,98.9907
peru,1860,45.0472
poland,1860,89.1971
portugal,1860,89.2473
russia,1860,86.178
south_africa,1860,76.2497
spain,1860,89.0562
sri_lanka,1860,73.0675
sweden,1860,99.7015
switzerland,1860,99.6964
tajikistan,1860,39.9407
thailand,1860,94.2804
trinidad_and_tobago,1860,83.6124
turkey,1860,51.635
turkmenistan,1860,54.4994
ukraine,1860,87.5988
united_kingdom,1860,97.4465
united_states,1860,95.11
uzbekistan,1860,66.2325
argentina,1870,90.6614
australia,1870,99.1189
austria,1870,97.8141
barbados,1870,93.3984
belgium,1870,99.9262
belize,1870,92.1388
bolivia,1870,43.9767
brazil,1870,80.1801
china,1870,95.5806
costa_rica,1870,75.344
czech_republic,1870,98.9022
denmark,1870,99.4252
dominican_republic,1870,58.6854
ecuador,1870,43.3843
egypt,1870,8.859
el_salvador,1870,61.187
fiji,1870,70.1005
finland,1870,98.8603
france,1870,99.6922
germany,1870,99.7187
greece,1870,76.7917
grenada,1870,87.508
guatemala,1870,55.4064
guinea_bissau,1870,43.5962
guyana,1870,89.8971
haiti,1870,54.5451
hungary,1870,100.0
iceland,1870,99.4332
india,1870,38.0
indonesia,1870,59.7369
ireland,1870,86.2415
israel,1870,85.6135
italy,1870,99.2367
japan,1870,98.2384
luxembourg,1870,97.0245
malaysia,1870,79.3032
malta,1870,100.0
mexico,1870,53.8591
myanmar,1870,67.7227
netherlands,1870,100.0
new_zealand,1870,97.8463
nicaragua,1870,59.6972
norway,1870,98.8147
panama,1870,77.0429
peru,1870,66.8882
philippines,1870,48.6688
poland,1870,88.2227
portugal,1870,91.2598
south_africa,1870,78.4285
south_korea,1870,100.0
spain,1870,91.3526
sri_lanka,1870,72.1408
sweden,1870,99.826
switzerland,1870,99.5562
thailand,1870,94.7942
trinidad_and_tobago,1870,83.8151
turkey,1870,48.9625
united_kingdom,1870,97.3455
united_states,1870,95.506
argentina,1880,93.1146
armenia,1880,78.2009
australia,1880,99.8641
austria,1880,99.5512
azerbaijan,1880,72.0665
barbados,1880,96.7093
belarus,1880,88.1002
belgium,1880,100.0
belize,1880,93.6003
bolivia,1880,55.3357
botswana,1880,80.2545
brazil,1880,86.0862
cambodia,1880,93.7831
china,1880,96.3255
colombia,1880,71.2312
costa_rica,1880,82.2302
czech_republic,1880,99.8263
denmark,1880,99.4338
dominican_republic,1880,65.0685
ecuador,1880,51.8918
egypt,1880,12.4023
el_salvador,1880,66.9464
estonia,1880,99.865
fiji,1880,73.5434
finland,1880,100.0
france,1880,100.0
georgia,1880,71.2413
germany,1880,99.98
ghana,1880,62.75
greece,1880,81.0108
grenada,1880,89.8835
guatemala,1880,71.8735
guinea_bissau,1880,52.6358
guyana,1880,94.0968
haiti,1880,60.4915
hungary,1880,99.9634
iceland,1880,98.5387
india,1880,43.0
indonesia,1880,46.2086
iran,1880,40.1339
iraq,1880,50.4341
ireland,1880,90.5612
israel,1880,88.1479
italy,1880,100.0
japan,1880,99.7117
kazakhstan,1880,95.5184
kenya,1880,57.4415
kuwait,1880,22.0468
kyrgyzstan,1880,91.6224
latvia,1880,98.5
lithuania,1880,93.3672
malaysia,1880,80.9326
maldives,1880,87.5371
malta,1880,96.4679
mexico,1880,59.4106
moldova,1880,92.4415
morocco,1880,20.6101
netherlands,1880,99.743
new_zealand,1880,99.1354
nicaragua,1880,63.4713
nigeria,1880,50.0252
panama,1880,82.3161
paraguay,1880,86.7519
peru,1880,73.0094
philippines,1880,58.2728
poland,1880,92.2751
portugal,1880,92.3725
romania,1880,100.0
russia,1880,94.6605
south_africa,1880,79.6404
south_korea,1880,100.0
spain,1880,93.7461
sri_lanka,1880,79.6369
suriname,1880,100.0
swaziland,1880,80.5806
sweden,1880,100.0
switzerland,1880,100.0
tajikistan,1880,82.4439
tanzania,1880,77.2604
thailand,1880,96.2607
togo,1880,72.3889
trinidad_and_tobago,1880,84.6917
tunisia,1880,71.7235
turkey,1880,53.3784
turkmenistan,1880,86.0521
ukraine,1880,94.9794
united_kingdom,1880,97.7782
united_states,1880,95.3721
uruguay,1880,97.4864
uzbekistan,1880,84.3827
algeria,1890,78.8748
armenia,1890,87.2048
australia,1890,99.6548
azerbaijan,1890,82.9983
bahrain,1890,18.3344
barbados,1890,94.6327
belarus,1890,93.1486
belgium,1890,100.0
belize,1890,93.8346
bolivia,1890,59.654
botswana,1890,88.5043
brazil,1890,89.5686
brunei,1890,100.0
bulgaria,1890,98.1447
cambodia,1890,95.1084
cameroon,1890,46.7212
canada,1890,99.5387
chile,1890,87.4219
china,1890,100.0
colombia,1890,79.1708
costa_rica,1890,87.6919
czech_republic,1890,99.908
denmark,1890,99.5851
dominican_republic,1890,69.9505
ecuador,1890,68.9581
egypt,1890,15.8661
el_salvador,1890,66.6077
estonia,1890,99.7506
fiji,1890,74.8646
finland,1890,99.7933
france,1890,99.3288
georgia,1890,84.3613
germany,1890,100.0
ghana,1890,67.3867
greece,1890,85.4973
grenada,1890,90.0083
guatemala,1890,68.6278
guinea_bissau,1890,57.2884
guyana,1890,91.0976
haiti,1890,65.7147
honduras,1890,95.1731
hungary,1890,98.8745
iceland,1890,100.0
india,1890,43.0
indonesia,1890,43.5085
iran,1890,46.946
iraq,1890,46.8328
ireland,1890,94.3443
israel,1890,89.9319
italy,1890,100.0
japan,1890,98.8604
kazakhstan,1890,95.892
kenya,1890,59.207
kuwait,1890,26.5028
kyrgyzstan,1890,93.6279
latvia,1890,99.0737
liberia,1890,70.8149
libya,1890,66.8006
lithuania,1890,96.0654
madagascar,1890,67.1541
malaysia,1890,86.0181
maldives,1890,96.6488
mali,1890,57.5861
malta,1890,96.5604
mauritius,1890,96.9013
mexico,1890,61.6499
moldova,1890,94.1617
morocco,1890,24.7119
new_zealand,1890,94.4727
nicaragua,1890,66.3609
nigeria,1890,56.4973
panama,1890,83.856
paraguay,1890,88.4643
peru,1890,76.3911
philippines,1890,66.6407
poland,1890,94.1698
portugal,1890,94.8325
romania,1890,99.3966
russia,1890,97.2336
south_africa,1890,78.6384
south_korea,1890,99.6173
spain,1890,96.026
sri_lanka,1890,83.6367
suriname,1890,99.9413
swaziland,1890,88.4959
sweden,1890,99.8686
switzerland,1890,100.0
syria,1890,49.0848
tajikistan,1890,86.0695
tanzania,1890,64.1764
thailand,1890,96.8818
the_gambia,1890,49.6178
togo,1890,66.0485
trinidad_and_tobago,1890,83.5003
tunisia,1890,75.7616
turkey,1890,55.6417
turkmenistan,1890,90.2312
uganda,1890,58.6904
ukraine,1890,97.074
united_kingdom,1890,98.7499
united_states,1890,98.6996
uruguay,1890,99.0369
uzbekistan,1890,88.9075
zambia,1890,90.1263
afghanistan,1900,33.04
algeria,1900,83.9531
argentina,1900,96.4098
armenia,1900,94.3104
australia,1900,99.6496
azerbaijan,1900,89.0332
bahrain,1900,21.7817
bangladesh,1900,18.9717
barbados,1900,96.3409
belarus,1900,97.3691
belize,1900,95.9964
benin,1900,52.897
bolivia,1900,70.2565
botswana,1900,93.4952
brazil,1900,85.8721
brunei,1900,100.0
bulgaria,1900,99.5951
burkina_faso,1900,69.064
cambodia,1900,95.0139
cameroon,1900,58.2503
canada,1900,99.953
central_african_republic,1900,64.1494
chile,1900,86.3219
china,1900,100.0
colombia,1900,81.3113
congo_drc,1900,100.0
costa_rica,1900,91.0967
cuba,1900,98.2531
czech_republic,1900,99.7653
dominican_republic,1900,70.6391
ecuador,1900,74.3678
egypt,1900,22.3354
el_salvador,1900,68.2566
estonia,1900,99.6599
fiji,1900,83.3121
finland,1900,100.0
france,1900,100.0
georgia,1900,89.5556
germany,1900,99.7545
ghana,1900,70.9536
greece,1900,89.2971
grenada,1900,92.7406
guatemala,1900,70.4365
guinea_bissau,1900,64.3732
guyana,1900,95.1138
haiti,1900,63.326
honduras,1900,92.1069
hungary,1900,99.7827
iceland,1900,99.0109
india,1900,28.8315
indonesia,1900,86.4775
iran,1900,47.3149
iraq,1900,72.5194
ireland,1900,99.8561
israel,1900,96.3142
italy,1900,99.8181
japan,1900,99.9357
kazakhstan,1900,97.8
kenya,1900,65.5993
kuwait,1900,35.804
kyrgyzstan,1900,94.6627
latvia,1900,99.5659
liberia,1900,76.2554
libya,1900,71.9843
lithuania,1900,98.5226
madagascar,1900,77.6198
maldives,1900,90.0414
mali,1900,64.597
malta,1900,96.7742
mauritius,1900,97.6117
mexico,1900,64.4138
moldova,1900,95.8728
morocco,1900,27.0107
nepal,1900,53.1337
new_zealand,1900,99.3126
nicaragua,1900,67.3434
nigeria,1900,48.9162
norway,1900,100.0
pakistan,1900,14.484
panama,1900,83.8193
paraguay,1900,94.6286
peru,1900,81.9024
philippines,1900,77.8988
poland,1900,100.0
portugal,1900,95.8111
qatar,1900,71.0048
romania,1900,100.0
russia,1900,98.9606
south_africa,1900,82.5779
south_korea,1900,99.8047
spain,1900,96.4477
sri_lanka,1900,83.9868
suriname,1900,99.2978
swaziland,1900,92.6254
sweden,1900,99.9
syria,1900,54.1072
tajikistan,1900,87.4712
tanzania,1900,74.2871
thailand,1900,97.2978
the_gambia,1900,54.1148
togo,1900,74.8722
tonga,1900,99.3232
trinidad_and_tobago,1900,88.5507
tunisia,1900,85.8994
turkey,1900,65.596
turkmenistan,1900,92.5425
uganda,1900,67.3027
ukraine,1900,98.9936
united_kingdom,1900,99.1472
united_states,1900,96.4088
uruguay,1900,98.8979
uzbekistan,1900,90.3577
zambia,1900,92.3285
afghanistan,1910,37.0878
algeria,1910,87.6575
argentina,1910,97.448
armenia,1910,94.2995
australia,1910,99.0842
azerbaijan,1910,91.3299
bahamas,1910,98.327
bahrain,1910,32.8457
bangladesh,1910,23.0227
barbados,1910,97.5733
belarus,1910,97.6755
belize,1910,98.1038
benin,1910,54.3341
bolivia,1910,78.8538
bosnia_and_herzegovina,1910,100.0
botswana,1910,85.7462
brazil,1910,89.6637
brunei,1910,100.0
bulgaria,1910,96.4255
burkina_faso,1910,60.3439
burundi,1910,61.9228
cambodia,1910,94.7064
cameroon,1910,68.6285
canada,1910,99.9561
cape_verde,1910,98.3927
central_african_republic,1910,69.341
chile,1910,91.2965
china,1910,99.8481
colombia,1910,84.9017
congo_drc,1910,100.0
costa_rica,1910,91.0764
cote_d_ivoire,1910,81.8232
cuba,1910,100.0
dominican_republic,1910,77.1035
ecuador,1910,79.6273
egypt,1910,38.4763
el_salvador,1910,74.0981
estonia,1910,99.1384
fiji,1910,88.3014
finland,1910,98.8173
france,1910,100.0
georgia,1910,91.128
germany,1910,100.0
ghana,1910,73.6823
greece,1910,94.3598
grenada,1910,95.1464
guatemala,1910,73.5402
guinea_bissau,1910,66.8139
guyana,1910,96.6541
haiti,1910,67.1837
honduras,1910,91.5459
hungary,1910,99.1427
india,1910,33.3708
indonesia,1910,53.723
iran,1910,54.6419
iraq,1910,71.9857
ireland,1910,100.0
israel,1910,99.145
jamaica,1910,98.0332
japan,1910,98.9177
kazakhstan,1910,96.9
kenya,1910,64.2734
kuwait,1910,41.9645
kyrgyzstan,1910,94.8776
latvia,1910,99.0097
liberia,1910,71.2518
libya,1910,83.7189
lithuania,1910,97.9621
macedonia,1910,100.0
madagascar,1910,81.2594
malaysia,1910,86.1657
maldives,1910,87.8987
mali,1910,67.0369
malta,1910,97.1319
marshall_is,1910,100.0
mauritius,1910,100.0
mexico,1910,80.739
moldova,1910,96.2025
mongolia,1910,100.0
morocco,1910,35.958
nepal,1910,47.5007
new_zealand,1910,98.5419
nicaragua,1910,74.8037
nigeria,1910,48.5802
norway,1910,100.0
pakistan,1910,18.3773
panama,1910,90.7684
paraguay,1910,93.7849
peru,1910,85.0798
philippines,1910,84.2597
poland,1910,99.4525
portugal,1910,96.1505
romania,1910,99.5704
russia,1910,98.4026
slovenia,1910,100.0
south_africa,1910,84.9765
south_korea,1910,100.0
spain,1910,98.2692
sri_lanka,1910,88.056
st_lucia,1910,94.2467
suriname,1910,88.2206
swaziland,1910,90.1375
sweden,1910,100.0
switzerland,1910,100.0
syria,1910,64.6316
tajikistan,1910,89.4335
tanzania,1910,74.4074
thailand,1910,96.7509
the_gambia,1910,57.4512
togo,1910,79.6905
tonga,1910,99.7238
trinidad_and_tobago,1910,92.8778
tunisia,1910,89.3317
turkey,1910,67.621
turkmenistan,1910,93.2768
ukraine,1910,98.1899
united_kingdom,1910,99.6393
united_states,1910,99.0635
uruguay,1910,97.7684
uzbekistan,1910,91.3645
vanuatu,1910,95.8279
vietnam,1910,100.0
zambia,1910,83.884
afghanistan,1920,53.4885
algeria,1920,89.2918
argentina,1920,98.24
armenia,1920,96.6246
australia,1920,98.6827
azerbaijan,1920,93.9327
bahamas,1920,99.6307
bahrain,1920,36.3986
bangladesh,1920,26.8543
belarus,1920,98.2554
benin,1920,59.4458
bolivia,1920,84.4649
bosnia_and_herzegovina,1920,98.9613
botswana,1920,92.3072
brazil,1920,92.247
brunei,1920,100.0
bulgaria,1920,98.55
burkina_faso,1920,68.1475
burundi,1920,64.6231
cambodia,1920,95.2698
cameroon,1920,69.2455
canada,1920,99.6051
cape_verde,1920,95.0882
central_african_republic,1920,71.8292
chile,1920,93.2995
china,1920,98.5866
colombia,1920,89.4017
congo_drc,1920,99.2385
costa_rica,1920,94.6412
cote_d_ivoire,1920,91.2391
cuba,1920,99.5628
dominican_republic,1920,81.969
ecuador,1920,86.312
el_salvador,1920,78.0307
estonia,1920,99.0979
fiji,1920,95.9654
finland,1920,99.502
france,1920,97.4295
georgia,1920,95.2324
ghana,1920,74.4445
greece,1920,95.7974
guatemala,1920,77.2093
guinea_bissau,1920,61.0275
haiti,1920,70.8203
honduras,1920,90.3553
hungary,1920,100.0
india,1920,36.2395
indonesia,1920,57.9842
iran,1920,65.9042
iraq,1920,73.9198
ireland,1920,100.0
israel,1920,99.4689
jamaica,1920,99.5299
japan,1920,99.8962
kazakhstan,1920,97.7619
kenya,1920,71.1926
kuwait,1920,57.6065
kyrgyzstan,1920,96.5662
latvia,1920,99.4094
liberia,1920,76.9563
libya,1920,85.3762
lithuania,1920,99.4154
macedonia,1920,100.0
madagascar,1920,82.0961
malaysia,1920,88.0139
maldives,1920,90.3869
mali,1920,66.6488
malta,1920,98.3329
marshall_is,1920,97.1675
mauritius,1920,100.0
mexico,1920,83.767
moldova,1920,98.7117
mongolia,1920,100.0
morocco,1920,42.7294
nepal,1920,46.7971
new_zealand,1920,98.8588
nicaragua,1920,79.7517
nigeria,1920,54.3044
norway,1920,98.9921
pakistan,1920,21.0377
panama,1920,91.3391
paraguay,1920,95.8131
philippines,1920,86.3877
poland,1920,100.0
romania,1920,99.5977
russia,1920,98.1048
singapore,1920,100.0
slovenia,1920,99.5627
south_africa,1920,91.1917
south_korea,1920,100.0
spain,1920,99.35
sri_lanka,1920,89.5625
st_lucia,1920,93.7554
suriname,1920,98.8065
swaziland,1920,90.5562
sweden,1920,98.3672
switzerland,1920,99.2038
syria,1920,72.8518
tajikistan,1920,93.4228
tanzania,1920,74.9156
thailand,1920,97.8209
the_gambia,1920,55.9917
togo,1920,78.8223
tonga,1920,99.4388
tunisia,1920,92.0473
turkey,1920,66.0657
turkmenistan,1920,95.7354
uganda,1920,70.9606
ukraine,1920,98.0933
united_kingdom,1920,97.6575
united_states,1920,98.1294
uruguay,1920,98.6549
uzbekistan,1920,94.6785
vanuatu,1920,97.1892
vietnam,1920,100.0
zambia,1920,90.9994
afghanistan,1930,43.728
algeria,1930,89.7307
argentina,1930,97.9092
armenia,1930,98.2834
australia,1930,99.234
azerbaijan,1930,95.4384
bahamas,1930,97.6242
bahrain,1930,48.5763
bangladesh,1930,35.1437
belarus,1930,99.5655
benin,1930,64.0878
bolivia,1930,89.2686
bosnia_and_herzegovina,1930,99.5049
botswana,1930,92.9055
brunei,1930,100.0
bulgaria,1930,99.8553
burkina_faso,1930,71.5494
burundi,1930,74.9705
cambodia,1930,94.7753
cameroon,1930,74.0979
canada,1930,99.7128
cape_verde,1930,95.4106
central_african_republic,1930,82.2381
chile,1930,94.4501
china,1930,99.6896
colombia,1930,91.8103
congo_drc,1930,96.7473
costa_rica,1930,95.4361
cote_d_ivoire,1930,93.1312
cuba,1930,100.0
dominican_republic,1930,83.1461
ecuador,1930,91.156
el_salvador,1930,81.4502
estonia,1930,100.0
fiji,1930,97.1242
finland,1930,100.0
france,1930,99.7625
georgia,1930,96.4231
ghana,1930,77.6355
haiti,1930,81.1938
honduras,1930,91.7385
hungary,1930,99.9653
india,1930,45.6636
indonesia,1930,60.6258
iran,1930,65.8892
iraq,1930,70.3426
ireland,1930,100.0
jamaica,1930,96.0787
japan,1930,99.9968
kazakhstan,1930,99.2239
kenya,1930,77.0268
kuwait,1930,64.2032
kyrgyzstan,1930,97.8755
latvia,1930,100.0
liberia,1930,75.365
libya,1930,85.9781
lithuania,1930,98.7982
macedonia,1930,100.0
madagascar,1930,84.7384
malaysia,1930,88.2357
maldives,1930,89.9118
mali,1930,68.7284
marshall_is,1930,96.2518
mauritius,1930,99.0075
mexico,1930,87.9244
moldova,1930,98.9654
mongolia,1930,100.0
morocco,1930,44.9875
nepal,1930,52.3825
new_zealand,1930,99.1375
nicaragua,1930,84.0233
nigeria,1930,56.0988
norway,1930,100.0
pakistan,1930,30.694
panama,1930,93.7109
paraguay,1930,96.1631
philippines,1930,88.9865
poland,1930,100.0
romania,1930,100.0
russia,1930,99.9489
singapore,1930,98.295
slovenia,1930,99.3567
south_africa,1930,89.3689
south_korea,1930,99.1184
spain,1930,99.2067
sri_lanka,1930,93.1134
st_lucia,1930,95.7342
suriname,1930,99.2766
swaziland,1930,90.4233
sweden,1930,99.9992
switzerland,1930,99.6035
syria,1930,79.4538
tajikistan,1930,94.6533
tanzania,1930,77.8114
thailand,1930,97.8678
the_gambia,1930,62.3546
togo,1930,83.2402
tonga,1930,100.0
tunisia,1930,93.0801
turkey,1930,70.447
turkmenistan,1930,97.3324
uganda,1930,77.6357
ukraine,1930,100.0
united_kingdom,1930,99.683
united_states,1930,99.6106
uruguay,1930,98.5176
uzbekistan,1930,96.3345
vanuatu,1930,98.4103
vietnam,1930,100.0
zambia,1930,94.342
afghanistan,1940,45.2793
argentina,1940,97.9864
armenia,1940,100.0
australia,1940,100.0
azerbaijan,1940,99.5512
bahamas,1940,98.8801
bahrain,1940,58.7925
bangladesh,1940,40.5476
belarus,1940,99.0896
benin,1940,72.5268
bolivia,1940,92.9427
bosnia_and_herzegovina,1940,100.0
botswana,1940,97.0872
brunei,1940,100.0
bulgaria,1940,100.0
burkina_faso,1940,76.9773
burundi,1940,79.7205
cameroon,1940,74.7343
canada,1940,100.0
cape_verde,1940,92.5762
central_african_republic,1940,82.9812
chad,1940,84.4262
chile,1940,94.9017
china,1940,100.0
colombia,1940,88.1322
congo_drc,1940,97.8456
costa_rica,1940,96.1505
cote_d_ivoire,1940,92.9281
cuba,1940,100.0
dominican_republic,1940,92.7725
ecuador,1940,94.5724
el_salvador,1940,88.4182
estonia,1940,100.0
ethiopia,1940,95.4338
fiji,1940,99.6521
finland,1940,99.6711
france,1940,100.0
georgia,1940,99.5938
ghana,1940,80.7245
haiti,1940,84.1741
honduras,1940,93.6967
hungary,1940,99.1407
india,1940,53.7201
indonesia,1940,64.0536
ireland,1940,100.0
jamaica,1940,98.5718
japan,1940,100.0
kazakhstan,1940,100.0
kenya,1940,86.8686
kyrgyzstan,1940,100.0
latvia,1940,99.9198
liberia,1940,81.5613
libya,1940,87.8596
lithuania,1940,100.0
macedonia,1940,99.6397
madagascar,1940,85.9438
maldives,1940,77.824
mali,1940,64.5941
marshall_is,1940,100.0
mauritius,1940,96.7122
mexico,1940,90.7224
moldova,1940,100.0
mongolia,1940,100.0
nepal,1940,58.1066
new_zealand,1940,100.0
nicaragua,1940,83.9542
niger,1940,86.8167
norway,1940,99.961
pakistan,1940,47.8934
poland,1940,100.0
romania,1940,100.0
russia,1940,100.0
singapore,1940,100.0
slovenia,1940,100.0
south_africa,1940,92.709
south_korea,1940,100.0
spain,1940,95.8522
sri_lanka,1940,95.6958
st_lucia,1940,96.2107
swaziland,1940,94.1381
sweden,1940,100.0
switzerland,1940,100.0
syria,1940,82.2703
tajikistan,1940,99.1388
the_gambia,1940,63.26
togo,1940,86.1308
tonga,1940,100.0
turkmenistan,1940,100.0
uganda,1940,79.9442
ukraine,1940,99.8166
united_kingdom,1940,100.0
united_states,1940,100.0
uruguay,1940,98.6001
uzbekistan,1940,99.9037
vanuatu,1940,98.119
vietnam,1940,100.0
yemen,1940,60.6534
zambia,1940,94.813
zimbabwe,1940,100.0
afghanistan,1950,52.302
argentina,1950,98.4567
australia,1950,99.4538
bahamas,1950,99.1321
bahrain,1950,91.9477
benin,1950,77.7669
bolivia,1950,94.5022
bosnia_and_herzegovina,1950,99.9777
botswana,1950,99.2308
brunei,1950,99.8535
burkina_faso,1950,78.2551
burundi,1950,87.9137
canada,1950,100.0
cape_verde,1950,98.1246
chad,1950,73.8231
china,1950,98.3896
colombia,1950,90.7167
congo_drc,1950,98.3785
cote_d_ivoire,1950,92.8777
cuba,1950,100.0
ecuador,1950,92.8226
ethiopia,1950,86.4969
fiji,1950,99.6003
finland,1950,99.9125
france,1950,99.6476
gabon,1950,100.0
hungary,1950,98.7009
indonesia,1950,72.9832
ireland,1950,99.9234
jamaica,1950,98.0281
japan,1950,99.8307
kazakhstan,1950,100.0
kenya,1950,88.0415
kyrgyzstan,1950,100.0
lithuania,1950,100.0
macedonia,1950,99.7825
maldives,1950,84.9901
marshall_is,1950,99.4862
mexico,1950,94.3905
micronesia,1950,99.576
moldova,1950,99.7943
mongolia,1950,99.4209
nepal,1950,68.7195
new_zealand,1950,99.8009
niger,1950,74.5763
norway,1950,100.0
panama,1950,96.8584
poland,1950,96.1617
romania,1950,100.0
russia,1950,100.0
singapore,1950,99.8595
slovenia,1950,99.2717
south_africa,1950,94.7676
south_korea,1950,99.1899
sri_lanka,1950,97.5521
st_lucia,1950,97.2717
swaziland,1950,94.6445
sweden,1950,100.0
switzerland,1950,99.8799
tonga,1950,100.0
turkey,1950,89.2661
uganda,1950,81.3303
united_kingdom,1950,100.0
united_states,1950,99.7713
uruguay,1950,98.99
vanuatu,1950,97.9222
vietnam,1950,100.0
yemen,1950,62.0108
zimbabwe,1950,97.8363
australia,1960,99.4302
bahamas,1960,99.5827
bahrain,1960,100.0
bolivia,1960,95.7514
bosnia_and_herzegovina,1960,99.5363
botswana,1960,99.1906
burundi,1960,89.3891
canada,1960,99.9333
cape_verde,1960,98.1335
chad,1960,68.2122
china,1960,100.0
cote_d_ivoire,1960,92.5126
ecuador,1960,93.4183
ethiopia,1960,83.5069
finland,1960,100.0
france,1960,99.945
gabon,1960,98.2603
hungary,1960,100.0
ireland,1960,99.7488
jamaica,1960,98.2627
japan,1960,98.9941
kazakhstan,1960,99.6947
kenya,1960,88.6804
kyrgyzstan,1960,99.7722
lithuania,1960,99.6843
macedonia,1960,100.0
marshall_is,1960,100.0
mexico,1960,90.9353
micronesia,1960,100.0
moldova,1960,99.6792
mongolia,1960,99.7715
new_zealand,1960,100.0
niger,1960,70.4686
norway,1960,100.0
panama,1960,97.782
romania,1960,100.0
russia,1960,99.7648
singapore,1960,99.9491
slovenia,1960,99.7236
south_korea,1960,100.0
st_lucia,1960,98.0027
sweden,1960,99.954
switzerland,1960,99.6482
turkey,1960,89.9859
uganda,1960,85.2485
united_kingdom,1960,99.7899
united_states,1960,98.1128
vanuatu,1960,98.2086
vietnam,1960,99.3144
yemen,1960,65.741
zimbabwe,1960,93.4641
bahrain,1970,100.0
gabon,1970,98.9323
micronesia,1970,98.636
singapore,1970,100.0
