country,year,working_week
germany,1800,72.0
united_kingdom,1810,66.0
united_kingdom,1819,60.0
germany,1820,80.0
germany,1825,75.0
germany,1830,90.0
united_states,1830,65.4
germany,1831,90.0
united_kingdom,1831,66.0
germany,1832,90.0
germany,1833,90.0
germany,1834,90.0
germany,1835,90.0
germany,1836,90.0
germany,1837,90.0
ireland,1837,60.0
germany,1838,90.0
ireland,1838,60.0
germany,1839,90.0
ireland,1839,60.0
united_kingdom,1839,60.0
germany,1840,90.0
ireland,1840,60.0
united_kingdom,1840,60.0
united_states,1840,68.4
germany,1841,90.0
ireland,1841,60.0
germany,1842,90.0
ireland,1842,60.0
germany,1843,90.0
ireland,1843,60.0
germany,1844,90.0
ireland,1844,60.0
germany,1845,90.0
ireland,1845,60.0
united_kingdom,1845,66.0
united_states,1845,69.0
germany,1846,90.0
ireland,1846,60.0
germany,1847,90.0
ireland,1847,60.0
germany,1848,90.0
ireland,1848,60.0
germany,1849,90.0
ireland,1849,60.0
united_kingdom,1849,60.0
germany,1850,90.0
ireland,1850,60.0
united_kingdom,1850,65.0
united_states,1850,69.0
germany,1851,90.0
ireland,1851,60.0
united_kingdom,1851,60.125
germany,1852,90.0
ireland,1852,60.0
germany,1853,90.0
ireland,1853,60.0
germany,1854,90.0
ireland,1854,60.0
germany,1855,90.0
ireland,1855,60.0
united_states,1855,66.6
germany,1856,90.0
ireland,1856,60.0
germany,1857,90.0
ireland,1857,60.0
germany,1858,90.0
ireland,1858,60.0
germany,1859,90.0
ireland,1859,60.0
germany,1860,81.0
ireland,1860,60.0
united_kingdom,1860,60.2625
united_states,1860,66.0
germany,1861,81.0
ireland,1861,60.0
united_kingdom,1861,58.5
germany,1862,81.0
ireland,1862,60.25
germany,1863,81.0
ireland,1863,59.625
germany,1864,81.0
ireland,1864,59.625
germany,1865,81.0
ireland,1865,59.75
united_states,1865,64.2
germany,1866,81.0
ireland,1866,59.5625
united_kingdom,1866,60.16667
germany,1867,81.0
ireland,1867,59.25
united_kingdom,1867,64.5
germany,1868,81.0
ireland,1868,59.33333
germany,1869,81.0
ireland,1869,59.33333
australia,1870,56.18
austria,1870,64.3
belgium,1870,72.19
canada,1870,57.24
cuba,1870,59.2
denmark,1870,66.825
france,1870,66.05
germany,1870,57.0
hungary,1870,64.3
ireland,1870,59.33333
italy,1870,63.26
mexico,1870,60.6
netherlands,1870,65.01
new_zealand,1870,57.2
south_africa,1870,59.4
spain,1870,64.71
sweden,1870,72.0
switzerland,1870,65.39
united_kingdom,1870,57.53571
united_states,1870,63.0
denmark,1871,66.3
germany,1871,57.0
ireland,1871,58.75
united_kingdom,1871,61.29167
denmark,1872,66.588
germany,1872,57.0
ireland,1872,58.0
denmark,1873,64.95
germany,1873,57.0
ireland,1873,56.16667
denmark,1874,64.2
germany,1874,57.0
ireland,1874,56.0
australia,1875,54.7
belgium,1875,70.73
canada,1875,58.13
denmark,1875,64.05
france,1875,66.01
germany,1875,65.0
ireland,1875,55.95833
italy,1875,63.35
netherlands,1875,64.2
spain,1875,63.7
sweden,1875,66.0
switzerland,1875,64.23
united_kingdom,1875,56.73
united_states,1875,61.8
denmark,1876,64.05
germany,1876,65.0
ireland,1876,55.95833
denmark,1877,63.225
germany,1877,65.0
ireland,1877,55.46875
united_kingdom,1877,56.0
denmark,1878,63.225
germany,1878,65.0
ireland,1878,55.46875
denmark,1879,63.225
germany,1879,65.0
ireland,1879,55.46875
australia,1880,53.26
belgium,1880,69.3
canada,1880,59.04
denmark,1880,63.225
france,1880,65.98
germany,1880,61.875
ireland,1880,55.09375
italy,1880,63.44
netherlands,1880,63.41
spain,1880,62.7
sweden,1880,65.0
switzerland,1880,63.1
united_kingdom,1880,54.13889
united_states,1880,61.8
denmark,1881,63.225
germany,1881,61.875
ireland,1881,55.09375
denmark,1882,64.308
germany,1882,61.875
ireland,1882,55.09375
denmark,1883,63.0
germany,1883,61.875
ireland,1883,54.90625
united_kingdom,1883,54.0
canada,1884,59.7
denmark,1884,62.85
germany,1884,61.875
ireland,1884,54.90625
spain,1884,63.47025
australia,1885,51.86
belgium,1885,67.91
canada,1885,59.7
denmark,1885,62.85
france,1885,65.94
germany,1885,63.5
ireland,1885,54.90625
italy,1885,63.53
netherlands,1885,62.63
spain,1885,61.73
sweden,1885,62.21
switzerland,1885,61.99
united_kingdom,1885,56.42
united_states,1885,61.8
canada,1886,58.5
denmark,1886,62.85
germany,1886,63.5
ireland,1886,54.9625
united_kingdom,1886,53.62037
canada,1887,59.0
denmark,1887,62.85
germany,1887,63.5
ireland,1887,54.9625
canada,1888,58.8
denmark,1888,62.7
germany,1888,63.5
ireland,1888,54.9625
canada,1889,59.4
denmark,1889,62.4
germany,1889,59.5
ireland,1889,54.9625
australia,1890,50.5
belgium,1890,66.54
canada,1890,60.9
denmark,1890,62.4
france,1890,65.91
germany,1890,61.6
ireland,1890,54.9625
italy,1890,63.62
netherlands,1890,61.86
spain,1890,60.77
sweden,1890,63.0
switzerland,1890,62.98571
united_kingdom,1890,53.69444
united_states,1890,60.0
denmark,1891,62.25
france,1891,65.38
germany,1891,61.6
ireland,1891,54.15
switzerland,1891,62.67143
united_states,1891,59.7
denmark,1892,63.144
germany,1892,61.6
ireland,1892,54.10833
switzerland,1892,62.62857
united_states,1892,59.8
denmark,1893,62.1
germany,1893,61.6
ireland,1893,54.04583
switzerland,1893,62.54286
united_states,1893,59.7
denmark,1894,61.725
germany,1894,61.6
ireland,1894,54.06667
switzerland,1894,62.38571
united_states,1894,59.1
australia,1895,49.17
belgium,1895,65.21
canada,1895,61.85
denmark,1895,61.725
france,1895,65.88
germany,1895,60.58333
ireland,1895,54.06667
italy,1895,63.71
netherlands,1895,61.1
spain,1895,59.83
sweden,1895,57.71
switzerland,1895,61.75714
united_kingdom,1895,56.12
united_states,1895,59.5
denmark,1896,61.5
germany,1896,60.58333
ireland,1896,54.05417
switzerland,1896,61.57857
united_states,1896,59.2
denmark,1897,60.6
germany,1897,60.58333
ireland,1897,53.97083
switzerland,1897,61.24286
united_states,1897,59.1
denmark,1898,59.904
germany,1898,60.58333
ireland,1898,53.8125
switzerland,1898,61.22857
united_states,1898,59.3
denmark,1899,58.8
germany,1899,60.58333
ireland,1899,53.8125
spain,1899,59.625
switzerland,1899,61.02857
united_states,1899,59.1
australia,1900,48.14
austria,1900,58.6
bahamas,1900,56.0
belgium,1900,64.17
belize,1900,54.0
canada,1900,62.63
cuba,1900,59.4
denmark,1900,58.725
dominican_republic,1900,60.0
france,1900,65.85
germany,1900,58.25
hungary,1900,58.6
ireland,1900,53.7625
italy,1900,63.78
jamaica,1900,55.0
mexico,1900,69.0
netherlands,1900,60.0
new_zealand,1900,49.8
norway,1900,66.0
portugal,1900,64.4
south_africa,1900,58.5
spain,1900,59.08
sweden,1900,60.0
switzerland,1900,61.02857
united_kingdom,1900,52.6369
united_states,1900,59.0
australia,1901,48.93
canada,1901,58.4
denmark,1901,58.725
germany,1901,58.25
ireland,1901,53.7625
netherlands,1901,60.0
switzerland,1901,60.63571
united_states,1901,58.7
australia,1902,48.93
canada,1902,58.4
denmark,1902,58.65
germany,1902,58.25
ireland,1902,53.6875
netherlands,1902,60.0
switzerland,1902,60.63571
united_states,1902,58.3
australia,1903,48.93
canada,1903,58.3
denmark,1903,58.65
france,1903,61.20476
germany,1903,58.25
ireland,1903,53.6875
netherlands,1903,63.55
switzerland,1903,60.63571
united_states,1903,57.9
australia,1904,48.93
canada,1904,57.9
denmark,1904,59.184
germany,1904,58.25
ireland,1904,53.55
netherlands,1904,62.875
spain,1904,57.325
switzerland,1904,60.63571
united_states,1904,57.7
australia,1905,48.93
canada,1905,57.7
denmark,1905,58.65
germany,1905,57.0
ireland,1905,53.55
netherlands,1905,62.4
sweden,1905,59.0
switzerland,1905,60.35714
united_states,1905,57.7
australia,1906,48.93
canada,1906,58.0
denmark,1906,57.375
france,1906,59.51667
germany,1906,57.0
ireland,1906,53.525
netherlands,1906,61.75
switzerland,1906,59.42857
united_kingdom,1906,57.38374
united_states,1906,57.3
australia,1907,48.93
canada,1907,57.6
denmark,1907,56.55
germany,1907,57.0
netherlands,1907,61.2
switzerland,1907,58.67143
united_states,1907,57.3
australia,1908,48.93
canada,1908,57.4
denmark,1908,56.55
germany,1908,57.0
netherlands,1908,61.55
switzerland,1908,58.34286
united_states,1908,56.8
australia,1909,48.93
canada,1909,56.7
denmark,1909,57.504
germany,1909,57.0
netherlands,1909,61.1
spain,1909,58.82833
switzerland,1909,58.18571
united_states,1909,56.8
australia,1910,48.93
canada,1910,56.7
denmark,1910,56.4
france,1910,59.39
germany,1910,56.3
netherlands,1910,60.98571
spain,1910,57.72
switzerland,1910,57.92857
united_kingdom,1910,51.67708
united_states,1910,56.6
australia,1911,48.93
canada,1911,57.4
denmark,1911,55.425
germany,1911,56.3
italy,1911,60.0
netherlands,1911,60.9
spain,1911,54.84
switzerland,1911,57.8
united_states,1911,56.4
australia,1912,48.93
canada,1912,56.6
denmark,1912,55.35
germany,1912,56.3
italy,1912,60.0
netherlands,1912,60.85714
spain,1912,56.4
switzerland,1912,57.77143
united_states,1912,56.0
australia,1913,48.93
belgium,1913,62.0
canada,1913,56.3
denmark,1913,55.35
france,1913,56.83714
germany,1913,56.3
italy,1913,60.0
netherlands,1913,60.85
spain,1913,56.88
sweden,1913,58.35656
switzerland,1913,57.70714
united_states,1913,55.5
australia,1914,48.93
canada,1914,56.3
denmark,1914,56.484
germany,1914,56.3
italy,1914,60.0
netherlands,1914,60.8
spain,1914,57.97667
sweden,1914,54.86664
switzerland,1914,57.63571
united_kingdom,1914,51.70445
united_states,1914,55.2
australia,1915,48.87
canada,1915,56.3
italy,1915,60.0
netherlands,1915,60.45
spain,1915,56.76
sweden,1915,55.80694
switzerland,1915,57.60714
united_states,1915,55.0
australia,1916,48.77
canada,1916,56.1
italy,1916,66.0
netherlands,1916,60.25
spain,1916,56.28
sweden,1916,55.90689
switzerland,1916,57.52143
united_states,1916,54.9
australia,1917,48.33
canada,1917,55.6
italy,1917,66.0
netherlands,1917,59.85
spain,1917,56.16
sweden,1917,53.69143
switzerland,1917,57.16429
united_states,1917,54.6
australia,1918,48.1
canada,1918,54.9
italy,1918,66.0
netherlands,1918,58.45
spain,1918,56.94667
sweden,1918,51.98003
switzerland,1918,55.77857
united_states,1918,53.6
australia,1919,47.88
belgium,1919,50.0
canada,1919,52.9
denmark,1919,54.0
germany,1919,47.66667
italy,1919,48.0
netherlands,1919,56.51
spain,1919,53.7
sweden,1919,49.70006
switzerland,1919,52.35714
united_states,1919,52.3
australia,1920,47.41
belgium,1920,51.6
canada,1920,51.8
denmark,1920,48.0
france,1920,48.0
germany,1920,47.66667
italy,1920,48.0
netherlands,1920,50.08286
spain,1920,49.26
sweden,1920,43.78996
switzerland,1920,48.54286
united_kingdom,1920,47.375
united_states,1920,51.0
australia,1921,47.07
belgium,1921,46.1
canada,1921,50.6
denmark,1921,48.0
germany,1921,47.66667
italy,1921,45.0
netherlands,1921,46.65429
spain,1921,48.2
sweden,1921,41.01466
switzerland,1921,48.54286
united_states,1921,50.7
australia,1922,46.22
belgium,1922,51.3
canada,1922,50.7
denmark,1922,48.0
germany,1922,47.66667
italy,1922,46.84615
netherlands,1922,47.68286
sweden,1922,43.14908
switzerland,1922,48.54286
united_states,1922,49.2
australia,1923,46.38
belgium,1923,50.3
canada,1923,50.4
denmark,1923,48.0
germany,1923,47.66667
italy,1923,47.30769
netherlands,1923,48.17571
sweden,1923,43.81706
switzerland,1923,47.37162
united_states,1923,49.2
australia,1924,46.7
belgium,1924,47.5
canada,1924,50.5
denmark,1924,48.0
germany,1924,58.25
italy,1924,47.30769
netherlands,1924,48.32571
sweden,1924,46.28399
switzerland,1924,47.72629
united_kingdom,1924,46.15969
united_states,1924,46.9
australia,1925,46.66
belgium,1925,47.1
canada,1925,50.8
denmark,1925,48.0
germany,1925,56.0
italy,1925,49.15385
netherlands,1925,48.32571
spain,1925,48.10252
sweden,1925,45.62129
switzerland,1925,47.4733
united_states,1925,48.2
australia,1926,46.44
belgium,1926,47.8
canada,1926,50.6
denmark,1926,48.0
germany,1926,50.5
italy,1926,48.0
netherlands,1926,48.02571
sweden,1926,46.75597
switzerland,1926,47.42606
united_kingdom,1926,47.16071
united_states,1926,48.1
australia,1927,45.55
belgium,1927,49.0
denmark,1927,48.0
estonia,1927,50.79
finland,1927,46.6
germany,1927,50.0
italy,1927,46.15385
japan,1927,54.60125
netherlands,1927,48.32571
new_zealand,1927,45.74603
poland,1927,46.4875
sweden,1927,47.55165
switzerland,1927,47.43418
united_states,1927,47.7
australia,1928,45.28
belgium,1928,49.2
denmark,1928,48.0
estonia,1928,51.81
finland,1928,46.6
germany,1928,45.93187
italy,1928,41.53846
japan,1928,54.88875
netherlands,1928,48.21857
new_zealand,1928,45.74603
poland,1928,46.36667
south_africa,1928,46.4
sweden,1928,45.03674
switzerland,1928,47.60548
united_kingdom,1928,47.58125
united_states,1928,47.9
australia,1929,45.38
austria,1929,48.158
belgium,1929,48.6
denmark,1929,48.0
estonia,1929,50.19
finland,1929,44.35
germany,1929,46.14375
hungary,1929,53.235
italy,1929,42.0
japan,1929,54.64312
netherlands,1929,47.91857
new_zealand,1929,45.77778
poland,1929,45.78333
south_africa,1929,47.2
sweden,1929,47.5355
switzerland,1929,47.97909
united_states,1929,48.3
australia,1930,45.34
austria,1930,48.122
belgium,1930,45.9
denmark,1930,48.0
estonia,1930,49.86
finland,1930,45.03437
germany,1930,44.03187
hungary,1930,52.3875
italy,1930,40.38461
japan,1930,54.535
south_africa,1930,47.2
spain,1930,48.2137
sweden,1930,46.68041
switzerland,1930,46.97952
united_kingdom,1930,47.59167
united_states,1930,43.9
australia,1931,45.86
austria,1931,47.83
belgium,1931,44.8
denmark,1931,48.0
estonia,1931,49.11
finland,1931,41.6
france,1931,46.21905
germany,1931,42.03719
hungary,1931,51.19625
ireland,1931,47.06667
italy,1931,40.95261
japan,1931,53.92625
new_zealand,1931,45.68889
poland,1931,43.88333
south_africa,1931,47.3
sweden,1931,45.09137
switzerland,1931,46.47974
united_states,1931,40.4
australia,1932,45.51
austria,1932,45.69783
belgium,1932,40.99
denmark,1932,48.0
estonia,1932,47.49
finland,1932,45.10312
germany,1932,41.68219
hungary,1932,49.87875
ireland,1932,46.98889
italy,1932,41.30669
japan,1932,53.9025
south_africa,1932,47.3
sweden,1932,42.24952
switzerland,1932,45.28026
united_states,1932,38.2
australia,1933,45.115
austria,1933,44.46417
belgium,1933,38.9
denmark,1933,48.0
estonia,1933,47.7
finland,1933,43.65
germany,1933,44.04912
hungary,1933,50.47
ireland,1933,46.81564
italy,1933,37.45467
japan,1933,54.6525
new_zealand,1933,45.75
poland,1933,42.02083
south_africa,1933,47.2
sweden,1933,44.90104
switzerland,1933,46.27983
united_kingdom,1933,47.59167
united_states,1933,38.4
australia,1934,45.36
austria,1934,47.16483
belgium,1934,40.9
denmark,1934,48.0
estonia,1934,47.88
finland,1934,46.46875
germany,1934,44.99875
hungary,1934,51.97375
ireland,1934,46.6
italy,1934,38.98214
japan,1934,55.0825
south_africa,1934,47.2
spain,1934,46.6
sweden,1934,46.79896
switzerland,1934,46.27983
united_states,1934,35.05
australia,1935,45.36
austria,1935,47.91633
belgium,1935,43.4
denmark,1935,48.0
estonia,1935,48.27
finland,1935,44.8
germany,1935,45.50219
hungary,1935,52.3025
ireland,1935,46.6
italy,1935,37.4011
japan,1935,54.93875
new_zealand,1935,45.75
poland,1935,43.12083
south_africa,1935,47.2
spain,1935,47.8
sweden,1935,47.20104
switzerland,1935,46.47974
united_states,1935,37.05
australia,1936,45.26
austria,1936,47.58183
belgium,1936,42.9
denmark,1936,48.0
estonia,1936,48.51
finland,1936,46.49375
germany,1936,46.40656
hungary,1936,51.96
ireland,1936,46.8
italy,1936,38.23352
japan,1936,54.725
south_africa,1936,47.2
sweden,1936,47.31458
switzerland,1936,46.67965
united_kingdom,1936,47.59167
united_states,1936,40.15
australia,1937,45.08
austria,1937,45.969
belgium,1937,47.29667
canada,1937,48.8
denmark,1937,48.0
estonia,1937,48.78
finland,1937,45.0
france,1937,40.4
germany,1937,46.71719
hungary,1937,51.46
ireland,1937,46.8
italy,1937,39.43956
japan,1937,59.46
netherlands,1937,47.1
new_zealand,1937,42.51403
norway,1937,45.5
poland,1937,43.94583
south_africa,1937,47.2
sweden,1937,47.2
switzerland,1937,47.1
united_kingdom,1937,47.59167
united_states,1937,38.6
australia,1938,44.91
belgium,1938,43.6
canada,1938,47.3
denmark,1938,48.0
estonia,1938,49.14
finland,1938,45.9
france,1938,38.8
germany,1938,49.6
hungary,1938,50.89
ireland,1938,44.2
italy,1938,40.48077
japan,1938,59.64
netherlands,1938,47.7
new_zealand,1938,42.40278
norway,1938,44.7
poland,1938,44.10833
south_africa,1938,47.2
sweden,1938,46.3
switzerland,1938,46.3
united_kingdom,1938,46.3
united_states,1938,35.6
australia,1939,44.74
belgium,1939,42.8
canada,1939,48.1
denmark,1939,48.0
finland,1939,45.1
france,1939,40.7
germany,1939,46.91571
hungary,1939,49.23571
ireland,1939,44.6
italy,1939,39.93269
japan,1939,56.76
mexico,1939,45.16
netherlands,1939,48.1
new_zealand,1939,42.40278
norway,1939,45.4
poland,1939,44.725
south_africa,1939,46.9
sweden,1939,45.6
switzerland,1939,47.1
united_kingdom,1939,47.18782
united_states,1939,37.7
argentina,1940,45.58
australia,1940,44.22
canada,1940,50.9
finland,1940,44.8
hungary,1940,50.09571
ireland,1940,44.4
japan,1940,56.7
mexico,1940,43.6
netherlands,1940,44.7
new_zealand,1940,42.11111
norway,1940,43.4
south_africa,1940,46.9
sweden,1940,46.6
switzerland,1940,47.3
united_kingdom,1940,47.18782
united_states,1940,38.1
australia,1941,43.91
canada,1941,51.5
finland,1941,44.2
france,1941,37.8
hungary,1941,50.32
ireland,1941,43.5
japan,1941,57.0
mexico,1941,45.6
netherlands,1941,45.7
new_zealand,1941,41.11111
norway,1941,44.1
south_africa,1941,45.3
sweden,1941,47.0
switzerland,1941,47.0
united_kingdom,1941,47.18782
united_states,1941,40.6
australia,1942,43.77
canada,1942,51.3
egypt,1942,55.0
finland,1942,45.1
france,1942,40.9
hungary,1942,51.65143
ireland,1942,43.1
japan,1942,57.48
mexico,1942,45.56
netherlands,1942,48.5
new_zealand,1942,41.33333
norway,1942,43.7
south_africa,1942,45.3
sweden,1942,47.2
switzerland,1942,46.8
united_kingdom,1942,47.18782
united_states,1942,42.9
argentina,1943,45.76
australia,1943,43.62
canada,1943,50.4
egypt,1943,51.5
finland,1943,45.7
france,1943,47.7
hungary,1943,53.03286
ireland,1943,43.3
israel,1943,49.7
japan,1943,58.02
mexico,1943,45.84
netherlands,1943,49.8
new_zealand,1943,41.46683
norway,1943,43.0
south_africa,1943,45.3
sweden,1943,47.3
switzerland,1943,47.1
united_kingdom,1943,49.9
united_states,1943,44.9
argentina,1944,47.23333
australia,1944,43.62
canada,1944,49.1
egypt,1944,50.5
finland,1944,45.6
france,1944,42.6
ireland,1944,43.6
israel,1944,49.2
japan,1944,61.02
mexico,1944,46.32
new_zealand,1944,41.46683
norway,1944,42.2
south_africa,1944,45.05
sweden,1944,47.2
switzerland,1944,47.4
united_kingdom,1944,48.2
united_states,1944,45.2
argentina,1945,46.66667
australia,1945,43.59
canada,1945,47.6
egypt,1945,50.5
finland,1945,44.9
france,1945,42.1
hungary,1945,49.44286
ireland,1945,44.4
israel,1945,49.2
japan,1945,59.52
mexico,1945,45.92186
netherlands,1945,46.8
new_zealand,1945,41.28906
norway,1945,41.3
south_africa,1945,44.925
sweden,1945,47.4
switzerland,1945,47.6
united_kingdom,1945,47.0
united_states,1945,43.4
australia,1946,43.59
canada,1946,42.7
china,1946,58.14
egypt,1946,51.0
finland,1946,44.3
france,1946,43.3
germany,1946,39.7
hungary,1946,51.23571
ireland,1946,44.7
mexico,1946,45.72814
netherlands,1946,48.8
new_zealand,1946,40.0
norway,1946,43.1
south_africa,1946,44.925
sweden,1946,46.8
switzerland,1946,47.8
united_kingdom,1946,46.0
united_states,1946,40.4
australia,1947,43.57
austria,1947,37.93846
canada,1947,42.5
china,1947,57.51
egypt,1947,51.5
finland,1947,44.3
france,1947,44.6
germany,1947,39.1
hungary,1947,52.25143
ireland,1947,44.6
israel,1947,48.9
italy,1947,44.0
japan,1947,48.0
netherlands,1947,48.8
new_zealand,1947,40.0
norway,1947,43.8
portugal,1947,41.55333
south_africa,1947,44.525
switzerland,1947,47.9
united_kingdom,1947,44.7
united_states,1947,40.4
australia,1948,39.97167
austria,1948,41.23846
canada,1948,42.2
egypt,1948,52.0
finland,1948,45.0
france,1948,44.6
germany,1948,42.4
ireland,1948,44.6
italy,1948,43.725
japan,1948,47.4
mexico,1948,46.2005
netherlands,1948,48.7
new_zealand,1948,40.0
norway,1948,44.2
portugal,1948,39.36444
south_africa,1948,44.025
switzerland,1948,47.7
united_kingdom,1948,44.9
united_states,1948,40.1
australia,1949,39.95833
austria,1949,42.87692
bolivia,1949,45.03809
canada,1949,42.3
egypt,1949,50.5
finland,1949,44.1
france,1949,43.8
germany,1949,46.5
ireland,1949,44.9
israel,1949,44.4
italy,1949,43.835
japan,1949,46.8
malta,1949,49.34722
netherlands,1949,48.9
norway,1949,44.0
portugal,1949,40.145
south_africa,1949,43.925
switzerland,1949,47.4
united_kingdom,1949,45.0
united_states,1949,39.2
australia,1950,39.95333
austria,1950,44.07692
bolivia,1950,45.70714
canada,1950,42.3
cyprus,1950,44.61111
egypt,1950,50.0
finland,1950,44.3
france,1950,44.4
germany,1950,48.2
ireland,1950,44.9
italy,1950,43.835
japan,1950,48.0
malta,1950,49.13426
netherlands,1950,48.8
norway,1950,44.4
portugal,1950,39.65833
south_africa,1950,43.7
switzerland,1950,47.5
taiwan,1950,62.76923
united_kingdom,1950,45.7
united_states,1950,40.5
australia,1951,39.95167
austria,1951,43.93846
bolivia,1951,49.47857
canada,1951,41.8
cyprus,1951,45.77778
egypt,1951,50.0
finland,1951,44.6
france,1951,44.8
germany,1951,47.4
ireland,1951,44.6
italy,1951,44.33
japan,1951,49.2
malta,1951,48.56018
myanmar,1951,44.4
netherlands,1951,48.5
norway,1951,44.3
philippines,1951,48.0
portugal,1951,38.94667
south_africa,1951,43.7
switzerland,1951,47.8
taiwan,1951,60.76154
united_kingdom,1951,45.6
united_states,1951,40.7
vietnam,1951,48.0
australia,1952,39.95
austria,1952,43.36154
bolivia,1952,47.28452
canada,1952,41.5
cyprus,1952,46.2037
egypt,1952,50.5
finland,1952,44.0
france,1952,44.2
germany,1952,47.5
ireland,1952,44.8
israel,1952,44.8
italy,1952,44.33
japan,1952,49.2
malta,1952,48.87963
myanmar,1952,44.42857
netherlands,1952,48.6
norway,1952,44.0
philippines,1952,48.0
portugal,1952,39.30467
south_africa,1952,43.7
switzerland,1952,47.7
taiwan,1952,57.83077
united_kingdom,1952,45.7
united_states,1952,40.7
australia,1953,39.95
austria,1953,44.0
canada,1953,41.3
cyprus,1953,42.0
finland,1953,44.1
france,1953,44.0
germany,1953,47.9
guatemala,1953,46.2
haiti,1953,45.8
ireland,1953,45.1
israel,1953,46.0
italy,1953,44.55
japan,1953,49.8
malta,1953,49.0
myanmar,1953,44.71429
netherlands,1953,48.9
philippines,1953,44.0
portugal,1953,36.1
singapore,1953,50.6
south_africa,1953,43.7
sri_lanka,1953,51.0
sweden,1953,40.61539
switzerland,1953,47.7
taiwan,1953,50.53846
united_kingdom,1953,45.9
united_states,1953,40.5
austria,1954,44.5
canada,1954,40.7
cyprus,1954,44.0
egypt,1954,50.0
finland,1954,44.2
france,1954,44.6
germany,1954,48.7
guatemala,1954,45.4
haiti,1954,45.8
india,1954,46.00926
ireland,1954,45.0
israel,1954,45.7
italy,1954,44.66
japan,1954,48.5
malta,1954,48.8
myanmar,1954,44.47143
netherlands,1954,48.9
philippines,1954,46.0
portugal,1954,38.2
singapore,1954,49.8
sri_lanka,1954,48.0
sweden,1954,40.84615
switzerland,1954,47.7
taiwan,1954,50.4
united_kingdom,1954,46.3
united_states,1954,39.7
algeria,1955,44.23667
austria,1955,45.5
brazil,1955,44.26154
canada,1955,41.0
cyprus,1955,45.0
egypt,1955,50.0
finland,1955,44.0
france,1955,44.7
germany,1955,48.8
guatemala,1955,45.4
haiti,1955,43.8
india,1955,46.3
ireland,1955,45.1
israel,1955,44.9
italy,1955,44.66
japan,1955,48.4
malta,1955,49.0
myanmar,1955,44.34286
netherlands,1955,49.1
portugal,1955,38.4
singapore,1955,47.7
sri_lanka,1955,52.8
sweden,1955,40.61539
switzerland,1955,47.7
taiwan,1955,55.2
turkey,1955,46.0
united_kingdom,1955,46.4
united_states,1955,40.7
algeria,1956,44.63667
austria,1956,45.4
brazil,1956,45.16154
canada,1956,41.0
colombia,1956,59.0
cyprus,1956,45.0
ecuador,1956,47.46296
egypt,1956,51.0
el_salvador,1956,48.3
finland,1956,44.2
france,1956,45.4
germany,1956,47.8
guatemala,1956,45.7
haiti,1956,43.8
india,1956,46.2
ireland,1956,44.8
italy,1956,44.11
japan,1956,50.2
malta,1956,48.5
myanmar,1956,42.325
netherlands,1956,49.0
philippines,1956,43.6
portugal,1956,41.7
singapore,1956,47.4
sri_lanka,1956,51.6
sweden,1956,40.15385
switzerland,1956,47.7
taiwan,1956,57.0
turkey,1956,46.0
united_kingdom,1956,46.0
united_states,1956,40.4
algeria,1957,43.98
austria,1957,44.9
brazil,1957,45.13846
canada,1957,40.4
colombia,1957,52.0
cyprus,1957,45.0
ecuador,1957,46.0
egypt,1957,50.0
el_salvador,1957,45.7
finland,1957,43.2
france,1957,45.7
germany,1957,46.4
guatemala,1957,46.3
haiti,1957,45.0
ireland,1957,44.7
italy,1957,44.165
japan,1957,50.2
malta,1957,48.0
myanmar,1957,44.6
netherlands,1957,48.7
new_zealand,1957,40.31482
norway,1957,44.6
peru,1957,44.5
philippines,1957,43.0
portugal,1957,41.5
singapore,1957,46.7
south_africa,1957,45.4
sri_lanka,1957,51.6
sweden,1957,40.15385
switzerland,1957,47.4
taiwan,1957,56.4
turkey,1957,43.0
united_kingdom,1957,45.8
united_states,1957,39.8
austria,1958,55.1
brazil,1958,45.9
canada,1958,40.2
colombia,1958,52.0
cyprus,1958,40.0
ecuador,1958,47.0
egypt,1958,52.0
el_salvador,1958,45.8
finland,1958,42.6
france,1958,45.1
germany,1958,45.5
guatemala,1958,46.2
haiti,1958,45.2
ireland,1958,45.1
italy,1958,44.11
japan,1958,50.2
malta,1958,47.8
netherlands,1958,48.6
new_zealand,1958,40.31667
norway,1958,44.8
peru,1958,44.1
philippines,1958,42.4
portugal,1958,42.5
singapore,1958,45.9
south_africa,1958,45.6
sri_lanka,1958,49.8
sweden,1958,39.46154
switzerland,1958,46.8
taiwan,1958,57.0
united_kingdom,1958,45.3
united_states,1958,39.2
austria,1959,44.0
brazil,1959,46.03846
canada,1959,40.7
colombia,1959,53.0
cyprus,1959,44.0
egypt,1959,50.0
el_salvador,1959,45.2
finland,1959,43.3
france,1959,44.9
germany,1959,45.8
guatemala,1959,46.2
haiti,1959,45.2
ireland,1959,45.3
italy,1959,44.275
japan,1959,50.5
malta,1959,47.2
netherlands,1959,48.9
new_zealand,1959,39.86111
norway,1959,43.4
philippines,1959,43.0
singapore,1959,46.1
south_africa,1959,45.1
sri_lanka,1959,52.2
switzerland,1959,48.6
taiwan,1959,57.0
united_kingdom,1959,46.1
united_states,1959,40.3
austria,1960,43.5
canada,1960,40.4
colombia,1960,51.0
cyprus,1960,43.0
ecuador,1960,44.0
egypt,1960,49.0
el_salvador,1960,45.6
finland,1960,44.4
france,1960,45.7
germany,1960,45.6
greece,1960,44.2
guatemala,1960,45.6
haiti,1960,45.2
hungary,1960,41.72308
ireland,1960,45.4
israel,1960,42.3463
italy,1960,44.385
japan,1960,47.8
malta,1960,46.5
mexico,1960,46.3
myanmar,1960,43.73333
netherlands,1960,48.8
new_zealand,1960,40.4
norway,1960,39.3
panama,1960,46.0
peru,1960,45.3
philippines,1960,44.2
portugal,1960,42.3
singapore,1960,46.4
spain,1960,43.5
sri_lanka,1960,51.0
sweden,1960,38.53846
switzerland,1960,46.1
taiwan,1960,56.4
united_kingdom,1960,47.4
united_states,1960,39.7
austria,1961,43.3
belgium,1961,41.4
brazil,1961,46.66154
canada,1961,40.6
colombia,1961,50.0
cyprus,1961,47.0
ecuador,1961,44.0
egypt,1961,48.0
el_salvador,1961,44.9
finland,1961,44.6
france,1961,46.0
germany,1961,45.3
greece,1961,44.7
guatemala,1961,45.6
hungary,1961,41.33077
ireland,1961,45.2
israel,1961,42.20926
italy,1961,44.44
japan,1961,47.0
malta,1961,47.0
mexico,1961,46.2
myanmar,1961,43.5375
netherlands,1961,46.5
new_zealand,1961,40.2
norway,1961,38.5
panama,1961,45.0
peru,1961,45.8
philippines,1961,44.6
poland,1961,41.91
portugal,1961,44.3
singapore,1961,46.6
south_africa,1961,44.8
spain,1961,43.5
sri_lanka,1961,53.4
sweden,1961,38.07692
switzerland,1961,45.8
taiwan,1961,55.8
thailand,1961,50.6
united_kingdom,1961,46.8
united_states,1961,39.8
austria,1962,42.6
belgium,1962,41.0
canada,1962,40.7
colombia,1962,51.0
cyprus,1962,45.0
ecuador,1962,46.0
egypt,1962,47.0
el_salvador,1962,45.8
finland,1962,42.9
france,1962,46.2
germany,1962,44.7
greece,1962,44.1
guatemala,1962,45.0
hungary,1962,41.12308
ireland,1962,44.6
israel,1962,41.97037
italy,1962,44.0
japan,1962,45.8
malta,1962,47.0
mexico,1962,46.4
myanmar,1962,44.4125
netherlands,1962,46.5
new_zealand,1962,40.2
norway,1962,38.6
panama,1962,47.0
peru,1962,45.8
philippines,1962,44.9
poland,1962,42.35
portugal,1962,44.2
singapore,1962,47.8
south_africa,1962,45.3
spain,1962,44.6
sri_lanka,1962,54.6
sweden,1962,38.07692
switzerland,1962,45.6
taiwan,1962,55.2
thailand,1962,47.8
united_kingdom,1962,46.2
united_states,1962,40.4
australia,1963,42.8
austria,1963,42.5
belgium,1963,41.2
canada,1963,40.8
colombia,1963,50.0
cyprus,1963,44.0
ecuador,1963,45.0
egypt,1963,44.0
el_salvador,1963,45.9
finland,1963,44.1
france,1963,46.3
germany,1963,44.3
greece,1963,43.4
guatemala,1963,45.6
hungary,1963,41.21538
ireland,1963,44.6
israel,1963,41.62037
italy,1963,44.0
japan,1963,45.5
malta,1963,46.5
mexico,1963,46.2
myanmar,1963,45.075
netherlands,1963,46.6
new_zealand,1963,40.5
norway,1963,38.4
panama,1963,47.0
peru,1963,46.4
philippines,1963,43.6
poland,1963,43.56
portugal,1963,44.3
singapore,1963,47.7
south_africa,1963,45.8
south_korea,1963,50.3
spain,1963,44.8
sri_lanka,1963,52.8
sweden,1963,37.61539
switzerland,1963,45.5
taiwan,1963,55.2
thailand,1963,47.4
united_kingdom,1963,46.8
united_states,1963,40.5
australia,1964,43.4
austria,1964,42.7
belgium,1964,40.9
canada,1964,41.0
colombia,1964,50.0
cyprus,1964,44.0
ecuador,1964,45.0
egypt,1964,44.0
el_salvador,1964,45.6
finland,1964,44.0
france,1964,46.1
germany,1964,43.6
greece,1964,43.9
guatemala,1964,45.7
hungary,1964,41.35385
ireland,1964,44.1
israel,1964,42.32222
italy,1964,43.56
japan,1964,45.2
malta,1964,46.5
mexico,1964,45.6
myanmar,1964,44.4
netherlands,1964,46.1
new_zealand,1964,40.7
norway,1964,38.7
panama,1964,45.0
peru,1964,47.3
philippines,1964,43.4
poland,1964,43.285
portugal,1964,44.4
singapore,1964,47.3
south_africa,1964,46.2
south_korea,1964,56.0
spain,1964,44.2
sri_lanka,1964,52.8
sweden,1964,37.38461
switzerland,1964,45.4
taiwan,1964,55.2
thailand,1964,45.7
united_kingdom,1964,46.9
united_states,1964,40.7
austria,1965,38.7
belgium,1965,40.8
canada,1965,41.0
colombia,1965,50.0
cyprus,1965,46.0
ecuador,1965,44.0
egypt,1965,53.0
el_salvador,1965,47.3
finland,1965,44.0
france,1965,45.6
germany,1965,44.1
greece,1965,43.8
guatemala,1965,46.1
hungary,1965,41.21538
ireland,1965,44.0
israel,1965,42.34444
italy,1965,43.285
japan,1965,44.3
malta,1965,46.8
mexico,1965,45.5
myanmar,1965,45.0
netherlands,1965,46.1
new_zealand,1965,40.7
norway,1965,38.3
panama,1965,43.0
peru,1965,48.4
philippines,1965,45.6
poland,1965,43.45
portugal,1965,44.8
singapore,1965,47.2
south_africa,1965,46.1
south_korea,1965,57.0
spain,1965,44.4
sri_lanka,1965,52.8
sweden,1965,37.15385
switzerland,1965,44.9
taiwan,1965,54.6
thailand,1965,45.7
united_kingdom,1965,46.1
united_states,1965,41.2
australia,1966,43.5
austria,1966,38.7
belgium,1966,40.4
canada,1966,40.8
colombia,1966,50.0
cyprus,1966,44.0
ecuador,1966,44.0
egypt,1966,62.0
el_salvador,1966,47.7
finland,1966,42.1
france,1966,45.9
germany,1966,43.7
greece,1966,43.3
guatemala,1966,46.0
hungary,1966,41.37692
ireland,1966,43.8
italy,1966,43.34
japan,1966,44.6
luxembourg,1966,44.8
malta,1966,46.2
mexico,1966,46.1
myanmar,1966,45.6
netherlands,1966,46.1
new_zealand,1966,40.6
norway,1966,38.1
panama,1966,43.0
peru,1966,46.5
philippines,1966,46.7
poland,1966,43.23
portugal,1966,44.5
sierra_leone,1966,41.1
singapore,1966,47.4
south_africa,1966,46.4
south_korea,1966,57.4
spain,1966,44.4
sri_lanka,1966,52.8
sweden,1966,37.15385
switzerland,1966,44.8
taiwan,1966,54.6
thailand,1966,46.2
trinidad_and_tobago,1966,45.4
united_kingdom,1966,45.0
united_states,1966,41.4
australia,1967,43.7
austria,1967,38.4
belgium,1967,39.6
canada,1967,40.3
colombia,1967,50.0
cyprus,1967,46.0
ecuador,1967,45.0
egypt,1967,49.0
el_salvador,1967,48.4
finland,1967,39.8
france,1967,45.4
germany,1967,42.0
greece,1967,43.6
guatemala,1967,46.2
hungary,1967,41.16923
ireland,1967,43.2
israel,1967,39.23333
italy,1967,43.56
japan,1967,44.8
luxembourg,1967,43.9
malta,1967,46.2
mexico,1967,43.5
myanmar,1967,44.4
netherlands,1967,45.3
new_zealand,1967,40.2
norway,1967,37.8
panama,1967,42.0
peru,1967,47.4
philippines,1967,46.7
poland,1967,43.45
portugal,1967,45.4
sierra_leone,1967,42.2
singapore,1967,47.4
south_africa,1967,45.9
south_korea,1967,53.8
spain,1967,44.1
sri_lanka,1967,52.8
sweden,1967,36.46154
switzerland,1967,44.7
syria,1967,44.6
taiwan,1967,54.6
thailand,1967,51.3
trinidad_and_tobago,1967,44.4
united_kingdom,1967,45.3
united_states,1967,40.6
australia,1968,43.7
austria,1968,38.6
belgium,1968,39.5
canada,1968,40.3
colombia,1968,50.0
cyprus,1968,46.0
el_salvador,1968,47.7
finland,1968,39.1
france,1968,45.3
germany,1968,43.0
greece,1968,43.7
guatemala,1968,46.0
hungary,1968,39.99231
ireland,1968,43.7
israel,1968,41.33519
italy,1968,43.56
japan,1968,44.6
luxembourg,1968,44.6
malta,1968,46.2
mexico,1968,45.6
myanmar,1968,45.6
netherlands,1968,45.3
new_zealand,1968,40.2
norway,1968,36.7
panama,1968,43.0
peru,1968,47.1
portugal,1968,44.7
sierra_leone,1968,44.2
singapore,1968,48.3
south_africa,1968,46.1
south_korea,1968,57.6
spain,1968,44.1
sri_lanka,1968,56.4
sweden,1968,35.76923
switzerland,1968,44.6
syria,1968,47.0
taiwan,1968,54.0
trinidad_and_tobago,1968,45.2
united_kingdom,1968,45.8
united_states,1968,40.7
australia,1969,44.1
austria,1969,38.6
belarus,1969,39.43
belgium,1969,39.1
canada,1969,40.0
cyprus,1969,45.0
denmark,1969,37.5
ecuador,1969,49.0
el_salvador,1969,48.4
finland,1969,38.9
france,1969,45.4
germany,1969,43.8
greece,1969,43.8
guatemala,1969,46.2
guyana,1969,46.6
hungary,1969,37.93846
ireland,1969,42.9
israel,1969,42.38333
italy,1969,43.065
japan,1969,43.9
luxembourg,1969,45.0
malta,1969,45.3
mexico,1969,45.6
myanmar,1969,43.5375
netherlands,1969,45.1
new_zealand,1969,40.5
norway,1969,35.6
panama,1969,43.4
poland,1969,39.92308
sierra_leone,1969,42.4
singapore,1969,49.2
south_korea,1969,56.3
spain,1969,44.1
sri_lanka,1969,55.2
switzerland,1969,44.7
syria,1969,48.8
thailand,1969,47.8
united_kingdom,1969,45.7
united_states,1969,40.6
algeria,1970,42.4
australia,1970,44.0
austria,1970,37.8
belarus,1970,39.2
belgium,1970,39.9
canada,1970,40.1
cyprus,1970,46.0
denmark,1970,36.2
ecuador,1970,48.0
egypt,1970,55.0
el_salvador,1970,48.0
finland,1970,38.3
france,1970,44.8
germany,1970,44.0
greece,1970,44.6
guatemala,1970,45.9
guyana,1970,46.3
hungary,1970,38.56154
ireland,1970,40.1
israel,1970,42.1
italy,1970,39.0
japan,1970,44.8
luxembourg,1970,44.0
malta,1970,44.2
mexico,1970,44.9
myanmar,1970,46.2
netherlands,1970,44.2
new_zealand,1970,40.7
norway,1970,35.2
panama,1970,42.3
poland,1970,39.69231
portugal,1970,44.8
sierra_leone,1970,45.1
singapore,1970,48.7
south_africa,1970,47.0
south_korea,1970,52.5
spain,1970,44.5
sri_lanka,1970,46.0
sweden,1970,40.8
switzerland,1970,44.7
syria,1970,48.0
united_kingdom,1970,44.9
united_states,1970,40.0
venezuela,1970,44.4
algeria,1971,41.1
australia,1971,43.5
austria,1971,37.1
belarus,1971,39.1
belgium,1971,39.7
bolivia,1971,39.2
canada,1971,39.7
cyprus,1971,45.0
denmark,1971,35.8
ecuador,1971,48.0
egypt,1971,55.0
el_salvador,1971,47.5
finland,1971,38.5
france,1971,44.5
germany,1971,43.0
greece,1971,44.1
guatemala,1971,46.3
guyana,1971,47.0
hungary,1971,38.26154
ireland,1971,42.3
israel,1971,41.7
italy,1971,38.65
japan,1971,42.6
luxembourg,1971,43.6
mali,1971,42.3
malta,1971,43.4
mexico,1971,44.8
myanmar,1971,45.6
netherlands,1971,43.8
new_zealand,1971,40.4
norway,1971,34.8
panama,1971,44.7
poland,1971,38.07692
portugal,1971,43.63
sierra_leone,1971,41.5
singapore,1971,49.4
south_africa,1971,46.3
south_korea,1971,51.9
spain,1971,43.9
sri_lanka,1971,45.5
sweden,1971,40.2
switzerland,1971,44.6
syria,1971,44.9
united_kingdom,1971,43.6
united_states,1971,39.9
venezuela,1971,43.3
algeria,1972,40.7
australia,1972,43.11
austria,1972,36.4
belarus,1972,40.4
belgium,1972,38.7
bolivia,1972,40.2
brunei,1972,50.2
canada,1972,40.0
cyprus,1972,44.0
denmark,1972,35.4
ecuador,1972,48.0
egypt,1972,54.0
el_salvador,1972,46.4
finland,1972,38.2
france,1972,44.018
germany,1972,42.7
greece,1972,44.6
guatemala,1972,46.6
guyana,1972,46.3
hungary,1972,37.89231
ireland,1972,42.3
israel,1972,42.8
italy,1972,38.9
japan,1972,42.3
luxembourg,1972,42.4
mali,1972,43.3
malta,1972,42.4
mexico,1972,45.9
myanmar,1972,45.0
netherlands,1972,43.4
new_zealand,1972,39.813
norway,1972,34.4
panama,1972,43.8
philippines,1972,44.2
poland,1972,39.0
portugal,1972,44.7
sierra_leone,1972,42.8
singapore,1972,49.5
south_africa,1972,45.9
south_korea,1972,51.6
spain,1972,44.9
sri_lanka,1972,46.5
sweden,1972,39.2
switzerland,1972,44.4
syria,1972,47.1
united_kingdom,1972,44.1
united_states,1972,40.5
venezuela,1972,43.6
algeria,1973,40.8
australia,1973,43.6
austria,1973,36.0
belarus,1973,40.3
belgium,1973,37.6
bolivia,1973,40.2
brunei,1973,50.2
canada,1973,39.6
cyprus,1973,43.0
denmark,1973,33.5
ecuador,1973,49.0
egypt,1973,55.0
el_salvador,1973,47.0
finland,1973,38.0
france,1973,43.6
germany,1973,42.8
greece,1973,43.4
guatemala,1973,47.6
guyana,1973,46.4
hungary,1973,37.52308
ireland,1973,42.4
israel,1973,39.2
italy,1973,38.35
japan,1973,42.03
luxembourg,1973,42.3
mali,1973,44.2
malta,1973,42.5
mexico,1973,45.6
myanmar,1973,46.2
netherlands,1973,43.0
netherlands_antilles,1973,40.2
new_zealand,1973,39.8
norway,1973,34.0
panama,1973,43.1
philippines,1973,43.6
poland,1973,38.76923
portugal,1973,44.7
sierra_leone,1973,49.6
singapore,1973,48.8
south_africa,1973,46.8
south_korea,1973,51.2
spain,1973,44.2
sri_lanka,1973,46.5
sweden,1973,38.85
switzerland,1973,44.93
syria,1973,46.3
united_kingdom,1973,44.7
united_states,1973,40.7
united_states_virgin_islands,1973,40.3
venezuela,1973,43.8
algeria,1974,41.6
australia,1974,42.2
austria,1974,36.0
belarus,1974,40.4
belgium,1974,36.6
bolivia,1974,42.6
brunei,1974,49.6
canada,1974,38.9
cyprus,1974,43.0
denmark,1974,34.2
ecuador,1974,51.0
egypt,1974,59.0
el_salvador,1974,48.2
finland,1974,38.4
france,1974,42.9
germany,1974,41.9
greece,1974,43.8
guatemala,1974,48.2
guyana,1974,47.8
hungary,1974,37.26923
ireland,1974,41.8
israel,1974,39.7
italy,1974,38.35
japan,1974,40.0
luxembourg,1974,42.4
mali,1974,44.6
malta,1974,41.5
mexico,1974,45.5
myanmar,1974,45.6
netherlands,1974,41.9
netherlands_antilles,1974,40.9
new_zealand,1974,40.1
norway,1974,33.5
panama,1974,45.7
peru,1974,47.2
philippines,1974,44.8
poland,1974,38.30769
portugal,1974,42.8
san_marino,1974,35.9
sierra_leone,1974,46.6
singapore,1974,47.9
south_africa,1974,46.9
south_korea,1974,49.9
spain,1974,43.8
sri_lanka,1974,49.0
sweden,1974,38.7
switzerland,1974,44.8
syria,1974,44.7
united_kingdom,1974,44.0
united_states,1974,40.0
united_states_virgin_islands,1974,38.8
venezuela,1974,43.7
algeria,1975,41.6
australia,1975,41.3
austria,1975,33.9
bahamas,1975,33.9
belarus,1975,40.4
belgium,1975,34.8
bolivia,1975,43.1
brunei,1975,49.3
canada,1975,38.6
cyprus,1975,43.0
denmark,1975,33.1
ecuador,1975,51.0
egypt,1975,59.0
el_salvador,1975,44.3
estonia,1975,41.0
finland,1975,38.4
france,1975,41.7
germany,1975,40.4
greece,1975,42.7
guatemala,1975,47.2
guyana,1975,48.2
hungary,1975,37.33846
ireland,1975,41.5
israel,1975,40.3
italy,1975,38.4
japan,1975,38.8
luxembourg,1975,40.8
malta,1975,44.7
mexico,1975,45.6
myanmar,1975,45.6
netherlands,1975,41.2
netherlands_antilles,1975,41.3
new_zealand,1975,39.8
norway,1975,33.5
panama,1975,45.5
peru,1975,46.1
philippines,1975,45.3
poland,1975,37.84615
portugal,1975,41.9
san_marino,1975,35.3
sierra_leone,1975,43.8
singapore,1975,48.4
south_africa,1975,46.6
south_korea,1975,50.5
spain,1975,42.7
sri_lanka,1975,46.0
st_lucia,1975,42.5
sweden,1975,38.4
switzerland,1975,44.5
syria,1975,43.2
united_kingdom,1975,42.7
united_states,1975,39.5
united_states_virgin_islands,1975,41.1
venezuela,1975,42.3
algeria,1976,43.8
australia,1976,41.3
austria,1976,34.4
belarus,1976,40.315
belgium,1976,35.8
bolivia,1976,46.1
brazil,1976,45.7
brunei,1976,50.7
canada,1976,38.7
cyprus,1976,45.0
denmark,1976,33.3
ecuador,1976,50.0
egypt,1976,56.0
el_salvador,1976,44.3
finland,1976,38.2
france,1976,41.6
germany,1976,41.4
greece,1976,41.9
guatemala,1976,47.3
guyana,1976,48.8
hungary,1976,37.91539
ireland,1976,42.3
israel,1976,40.3
italy,1976,38.35
japan,1976,40.2
luxembourg,1976,40.6
malta,1976,41.0
mexico,1976,45.6
myanmar,1976,46.2
netherlands,1976,41.3
netherlands_antilles,1976,40.0
new_zealand,1976,39.3
norway,1976,32.6
panama,1976,45.9
peru,1976,48.1
philippines,1976,43.7
poland,1976,38.30769
portugal,1976,40.1
san_marino,1976,33.5
sierra_leone,1976,41.5
singapore,1976,48.4
south_africa,1976,46.1
south_korea,1976,52.5
spain,1976,41.6
sri_lanka,1976,44.0
st_lucia,1976,47.5
sweden,1976,38.25
switzerland,1976,44.4
syria,1976,47.1
united_kingdom,1976,43.5
united_states,1976,40.1
united_states_virgin_islands,1976,37.4
venezuela,1976,43.1
algeria,1977,44.4
australia,1977,41.3
austria,1977,33.9
bahamas,1977,37.4
belarus,1977,40.4
belgium,1977,35.1
bolivia,1977,46.9
brazil,1977,45.6
brunei,1977,50.3
canada,1977,38.7
cyprus,1977,44.0
denmark,1977,32.7
ecuador,1977,51.0
el_salvador,1977,44.3
finland,1977,38.4
france,1977,41.3
germany,1977,41.7
greece,1977,41.0
guatemala,1977,48.5
guyana,1977,46.9
hungary,1977,37.73077
ireland,1977,42.6
israel,1977,38.8
italy,1977,38.5
japan,1977,40.3
luxembourg,1977,38.9
malta,1977,41.0
mexico,1977,45.5
myanmar,1977,46.2
netherlands,1977,41.2
netherlands_antilles,1977,40.0
new_zealand,1977,39.0
norway,1977,31.7
panama,1977,45.9
peru,1977,45.4
poland,1977,38.07692
portugal,1977,39.8
sierra_leone,1977,40.5
singapore,1977,48.8
south_africa,1977,46.5
south_korea,1977,52.9
spain,1977,43.4
sri_lanka,1977,45.0
sweden,1977,37.95
switzerland,1977,44.6
syria,1977,46.7
united_kingdom,1977,43.6
united_states,1977,40.3
venezuela,1977,43.7
australia,1978,41.7
austria,1978,33.4
belarus,1978,40.4
belgium,1978,35.2
bolivia,1978,47.7
brunei,1978,49.8
canada,1978,38.8
cuba,1978,43.1
cyprus,1978,44.0
denmark,1978,32.6
ecuador,1978,53.0
el_salvador,1978,44.6
finland,1978,38.5
france,1978,41.0
germany,1978,41.6
greece,1978,41.2
guatemala,1978,47.5
guyana,1978,45.6
hungary,1978,37.36154
ireland,1978,42.3
israel,1978,38.0
italy,1978,38.612
japan,1978,40.6
luxembourg,1978,39.8
malta,1978,41.0
mexico,1978,47.045
myanmar,1978,44.4
netherlands,1978,41.1
netherlands_antilles,1978,40.0
new_zealand,1978,38.9
norway,1978,31.3
panama,1978,45.4
peru,1978,45.8
poland,1978,37.61539
portugal,1978,39.2
san_marino,1978,34.3
sierra_leone,1978,40.2
singapore,1978,49.0
south_africa,1978,47.0
south_korea,1978,52.9
spain,1978,43.1
sri_lanka,1978,50.0
sweden,1978,37.75
switzerland,1978,44.4
united_kingdom,1978,43.5
united_states,1978,40.4
united_states_virgin_islands,1978,40.9
venezuela,1978,43.9
argentina,1979,44.16923
australia,1979,42.1
austria,1979,33.6
bahamas,1979,43.4
belarus,1979,40.4
belgium,1979,35.4
bolivia,1979,45.16
brazil,1979,45.5
brunei,1979,50.0
canada,1979,38.8
cuba,1979,42.1
cyprus,1979,43.0
denmark,1979,33.1
ecuador,1979,47.0
el_salvador,1979,44.6
finland,1979,41.0
france,1979,40.8
germany,1979,41.8
greece,1979,41.2
guatemala,1979,47.4
guyana,1979,48.4
hungary,1979,37.13077
ireland,1979,42.4
israel,1979,39.3
italy,1979,38.25
japan,1979,40.6
luxembourg,1979,40.5
malta,1979,41.0
mexico,1979,47.09
netherlands,1979,41.0
new_zealand,1979,38.6
norway,1979,31.0
panama,1979,46.0
peru,1979,45.7
poland,1979,37.61539
portugal,1979,41.43
san_marino,1979,33.8
sierra_leone,1979,40.2
singapore,1979,48.5
south_africa,1979,47.7
south_korea,1979,52.0
spain,1979,42.1
sri_lanka,1979,48.0
st_lucia,1979,45.18462
sweden,1979,37.7
switzerland,1979,44.2
united_kingdom,1979,43.2
united_states,1979,40.2
united_states_virgin_islands,1979,40.9
argentina,1980,43.08461
australia,1980,37.4
austria,1980,36.72692
bangladesh,1980,47.9
belgium,1980,33.4
bolivia,1980,46.8
brunei,1980,47.1
canada,1980,38.5
costa_rica,1980,49.8
cuba,1980,42.4
cyprus,1980,41.0
denmark,1980,32.6
ecuador,1980,45.0
el_salvador,1980,44.6
fiji,1980,45.0
finland,1980,33.2
france,1980,40.6
germany,1980,41.6
greece,1980,40.7
guatemala,1980,45.1
guyana,1980,44.0
hungary,1980,37.10769
ireland,1980,41.1
israel,1980,38.3
italy,1980,38.65
japan,1980,41.2
luxembourg,1980,40.0
malaysia,1980,47.0
malta,1980,40.0
mexico,1980,47.7
myanmar,1980,37.0
netherlands,1980,40.8
netherlands_antilles,1980,40.0
new_zealand,1980,39.6
norway,1980,38.2
peru,1980,45.6
philippines,1980,46.2
poland,1980,36.69231
portugal,1980,39.0
samoa,1980,41.0
san_marino,1980,36.6
singapore,1980,48.6
south_africa,1980,48.4
south_korea,1980,53.1
spain,1980,38.5
sri_lanka,1980,45.3
sweden,1980,37.6
switzerland,1980,43.916
united_kingdom,1980,41.9
united_states,1980,39.7
united_states_virgin_islands,1980,41.1
venezuela,1980,44.1
argentina,1981,41.63077
australia,1981,37.4
austria,1981,36.48461
bangladesh,1981,47.9
belgium,1981,33.8
bolivia,1981,46.3
brazil,1981,44.9
brunei,1981,47.8
canada,1981,38.5
costa_rica,1981,48.5
croatia,1981,42.73846
cuba,1981,42.2
cyprus,1981,41.0
denmark,1981,32.2
ecuador,1981,45.0
el_salvador,1981,44.3
fiji,1981,45.0
finland,1981,32.8
france,1981,40.3
germany,1981,41.1
greece,1981,39.5
guatemala,1981,46.1
guyana,1981,40.0
hungary,1981,37.08461
ireland,1981,41.6
israel,1981,39.0
italy,1981,38.75
japan,1981,41.0
luxembourg,1981,41.2
malaysia,1981,46.9
malta,1981,40.0
mexico,1981,47.6
myanmar,1981,37.5
netherlands,1981,40.6
new_zealand,1981,39.6
norway,1981,37.8
panama,1981,45.5
peru,1981,45.0
philippines,1981,47.6
poland,1981,33.92308
portugal,1981,38.8
samoa,1981,40.0
san_marino,1981,35.1
singapore,1981,48.7
slovenia,1981,37.1
south_africa,1981,48.2
south_korea,1981,53.7
spain,1981,37.8
sri_lanka,1981,52.6
sweden,1981,37.4
switzerland,1981,43.8
united_kingdom,1981,42.0
united_states,1981,39.8
united_states_virgin_islands,1981,42.3
uruguay,1981,40.27
venezuela,1981,46.7
argentina,1982,41.83846
australia,1982,36.1
austria,1982,36.51923
bangladesh,1982,50.5
belgium,1982,33.6
bolivia,1982,46.34
brunei,1982,48.1
canada,1982,37.7
chile,1982,43.3
costa_rica,1982,48.0
cuba,1982,41.8
cyprus,1982,41.0
denmark,1982,32.5
ecuador,1982,45.0
egypt,1982,58.0
el_salvador,1982,44.1
fiji,1982,44.0
finland,1982,32.5
france,1982,39.4
germany,1982,40.7
greece,1982,38.6
guatemala,1982,45.7
guyana,1982,34.93
hungary,1982,35.51539
ireland,1982,40.5
israel,1982,38.1
italy,1982,38.5
japan,1982,40.9
luxembourg,1982,41.2
malaysia,1982,46.2
malta,1982,40.0
mexico,1982,46.5
myanmar,1982,38.0
netherlands,1982,40.6
netherlands_antilles,1982,42.6
new_zealand,1982,39.6
norway,1982,37.9
panama,1982,45.8
peru,1982,45.4
philippines,1982,48.9
poland,1982,34.38461
portugal,1982,38.8
romania,1982,39.5
san_marino,1982,35.7
singapore,1982,48.3
south_africa,1982,47.1
south_korea,1982,53.7
spain,1982,38.0
sri_lanka,1982,46.5
sweden,1982,37.6
switzerland,1982,43.7
united_kingdom,1982,41.0
united_states,1982,38.9
united_states_virgin_islands,1982,42.3
uruguay,1982,38.91
argentina,1983,41.05385
australia,1983,35.5
austria,1983,36.3
bangladesh,1983,50.5
belgium,1983,33.5
bolivia,1983,47.07
brunei,1983,46.0
canada,1983,38.4
chile,1983,43.2
costa_rica,1983,49.3
croatia,1983,42.55385
cuba,1983,43.1
cyprus,1983,41.0
denmark,1983,33.0
ecuador,1983,44.0
el_salvador,1983,44.04
fiji,1983,44.0
finland,1983,32.4
france,1983,38.9
germany,1983,40.5
greece,1983,38.5
guatemala,1983,46.5
guyana,1983,45.92
hungary,1983,35.16923
ireland,1983,40.8
israel,1983,38.0
italy,1983,38.5
japan,1983,41.1
luxembourg,1983,41.0
malaysia,1983,45.2
malta,1983,40.0
mexico,1983,46.8
myanmar,1983,38.0
netherlands,1983,40.5
netherlands_antilles,1983,43.5
new_zealand,1983,39.5
norway,1983,37.8
panama,1983,45.9
paraguay,1983,34.38461
peru,1983,47.8
philippines,1983,46.5
poland,1983,35.07692
portugal,1983,38.6
romania,1983,39.0
singapore,1983,48.9
slovenia,1983,36.7
south_africa,1983,46.2
south_korea,1983,54.4
spain,1983,37.4
sri_lanka,1983,48.9
sweden,1983,37.7
switzerland,1983,43.2
thailand,1983,43.73077
turkey,1983,35.2
united_kingdom,1983,41.5
united_states,1983,40.1
united_states_virgin_islands,1983,41.4
uruguay,1983,39.51
venezuela,1983,43.3
argentina,1984,41.16923
australia,1984,36.2
austria,1984,36.63461
bangladesh,1984,51.8
belgium,1984,33.7
bolivia,1984,46.76
brunei,1984,46.9
canada,1984,38.5
chile,1984,43.6
cuba,1984,43.2
cyprus,1984,41.0
denmark,1984,33.0
ecuador,1984,44.0
el_salvador,1984,44.04
fiji,1984,44.0
finland,1984,32.3
france,1984,38.7
germany,1984,41.0
greece,1984,38.2
guatemala,1984,48.7
hungary,1984,33.94615
ireland,1984,41.1
israel,1984,38.5
italy,1984,38.85
japan,1984,41.7
kenya,1984,43.0
luxembourg,1984,39.7
malaysia,1984,45.6
malta,1984,40.0
mexico,1984,47.3
myanmar,1984,38.0
netherlands,1984,40.3
new_zealand,1984,40.4
norway,1984,37.8
panama,1984,45.4
paraguay,1984,43.38461
peru,1984,45.9
philippines,1984,45.9
poland,1984,35.07692
portugal,1984,38.6
romania,1984,39.5
san_marino,1984,34.9
singapore,1984,48.6
south_africa,1984,46.5
south_korea,1984,54.3
spain,1984,36.5
sri_lanka,1984,48.6
sweden,1984,38.1
switzerland,1984,43.1
thailand,1984,45.11539
turkey,1984,35.4
united_kingdom,1984,41.7
united_states,1984,40.7
united_states_virgin_islands,1984,42.7
uruguay,1984,40.35
venezuela,1984,40.1
argentina,1985,41.46923
australia,1985,36.9
austria,1985,36.69231
bahamas,1985,41.6
belgium,1985,33.1
bolivia,1985,44.9
brazil,1985,44.6
brunei,1985,46.4
canada,1985,38.6
chile,1985,43.1
costa_rica,1985,42.5
croatia,1985,42.66923
cuba,1985,43.4
cyprus,1985,41.0
denmark,1985,32.1
egypt,1985,56.0
el_salvador,1985,44.0
fiji,1985,44.0
finland,1985,32.3
france,1985,38.6
germany,1985,40.7
greece,1985,39.3
guatemala,1985,45.37
hungary,1985,33.50769
ireland,1985,41.1
israel,1985,38.6
japan,1985,41.5
kenya,1985,42.0
luxembourg,1985,40.2
macau_china,1985,52.7
malta,1985,40.0
mexico,1985,46.4
moldova,1985,34.9
myanmar,1985,38.0
netherlands,1985,40.3
netherlands_antilles,1985,42.2
new_zealand,1985,40.7
norway,1985,38.2
panama,1985,44.8
paraguay,1985,40.61539
peru,1985,44.8
philippines,1985,47.0
poland,1985,35.30769
portugal,1985,40.8
romania,1985,39.5
san_marino,1985,34.5
singapore,1985,46.5
slovenia,1985,37.1
south_africa,1985,45.9
south_korea,1985,53.8
spain,1985,36.3
sri_lanka,1985,47.4
sweden,1985,38.3
switzerland,1985,43.0
thailand,1985,48.80308
turkey,1985,35.2
united_kingdom,1985,43.7
united_states,1985,40.5
united_states_virgin_islands,1985,41.7
uruguay,1985,39.41
venezuela,1985,40.6
argentina,1986,43.49769
australia,1986,37.1
austria,1986,36.38077
bahamas,1986,37.4
belgium,1986,33.0
bolivia,1986,46.9
canada,1986,38.4
chile,1986,44.3
costa_rica,1986,43.0
cuba,1986,43.4
cyprus,1986,41.0
denmark,1986,32.8
egypt,1986,57.0
el_salvador,1986,44.0
fiji,1986,44.0
finland,1986,33.4
france,1986,38.7
germany,1986,40.4
greece,1986,39.1
guatemala,1986,47.71
hungary,1986,33.34615
india,1986,45.7
ireland,1986,41.4
israel,1986,38.8
jamaica,1986,34.54
japan,1986,41.1
kenya,1986,43.0
luxembourg,1986,40.5
malta,1986,40.0
mexico,1986,46.4
moldova,1986,34.9
myanmar,1986,38.5
netherlands,1986,40.1
netherlands_antilles,1986,43.4
new_zealand,1986,39.6
norway,1986,38.4
paraguay,1986,37.84615
peru,1986,48.5
philippines,1986,48.2
poland,1986,34.84615
portugal,1986,39.8
romania,1986,39.5
san_marino,1986,34.4
singapore,1986,47.7
south_africa,1986,46.4
south_korea,1986,54.7
spain,1986,36.7
sri_lanka,1986,47.3
sweden,1986,38.3
switzerland,1986,42.6
thailand,1986,49.97769
turkey,1986,35.9
united_kingdom,1986,43.7
united_states,1986,40.7
united_states_virgin_islands,1986,41.9
uruguay,1986,43.4
venezuela,1986,40.7
argentina,1987,41.51
australia,1987,37.3
austria,1987,35.76923
bahamas,1987,42.8
belgium,1987,33.0
bolivia,1987,47.51
canada,1987,38.7
chile,1987,44.1
costa_rica,1987,45.8
cuba,1987,43.0
cyprus,1987,41.0
denmark,1987,32.1
egypt,1987,59.0
el_salvador,1987,44.0
fiji,1987,43.0
finland,1987,32.1
france,1987,38.7
germany,1987,40.1
greece,1987,39.2
guatemala,1987,44.92
hungary,1987,34.08461
india,1987,46.1
ireland,1987,41.1
israel,1987,38.3
jamaica,1987,35.63
japan,1987,41.3
jordan,1987,57.39231
kenya,1987,41.0
luxembourg,1987,40.8
malta,1987,40.0
mexico,1987,44.2
moldova,1987,35.0
myanmar,1987,39.0
netherlands,1987,39.9
new_zealand,1987,40.2
norway,1987,37.2
peru,1987,47.4
philippines,1987,49.4
poland,1987,34.84615
portugal,1987,40.3
romania,1987,39.5
san_marino,1987,31.7
singapore,1987,48.4
south_africa,1987,47.1
south_korea,1987,54.0
spain,1987,35.4
sri_lanka,1987,51.5
sudan,1987,56.80385
sweden,1987,38.4
switzerland,1987,42.4
thailand,1987,48.82615
turkey,1987,36.3
united_kingdom,1987,43.8
united_states,1987,41.0
united_states_virgin_islands,1987,42.2
uruguay,1987,44.2
venezuela,1987,40.2
argentina,1988,36.88
australia,1988,37.9
austria,1988,35.95385
belgium,1988,33.4
canada,1988,38.9
chile,1988,44.0
costa_rica,1988,45.7
croatia,1988,42.71538
cuba,1988,42.6
cyprus,1988,41.0
denmark,1988,31.8
egypt,1988,63.0
el_salvador,1988,44.0
fiji,1988,43.0
finland,1988,32.1
france,1988,38.8
germany,1988,40.0
greece,1988,41.1
hungary,1988,33.99231
india,1988,46.4
ireland,1988,41.9
israel,1988,38.3
jamaica,1988,37.4
japan,1988,41.8
jordan,1988,58.13077
kenya,1988,43.0
luxembourg,1988,41.2
macau_china,1988,53.2
malta,1988,40.0
mexico,1988,44.9
moldova,1988,35.2
myanmar,1988,40.0
netherlands,1988,39.8
netherlands_antilles,1988,40.2
new_zealand,1988,39.9
norway,1988,37.7
paraguay,1988,36.92308
peru,1988,48.5
philippines,1988,49.5
poland,1988,35.53846
portugal,1988,40.9
romania,1988,39.5
singapore,1988,47.4
slovenia,1988,36.2
south_africa,1988,47.2
south_korea,1988,52.6
spain,1988,35.8
sri_lanka,1988,49.2
sudan,1988,56.80385
sweden,1988,38.5
switzerland,1988,41.9
thailand,1988,50.27538
turkey,1988,48.7
united_kingdom,1988,44.3
united_states,1988,41.1
united_states_virgin_islands,1988,40.4
uruguay,1988,42.8
argentina,1989,41.08
australia,1989,39.06667
austria,1989,35.22692
belgium,1989,33.6
bolivia,1989,46.95
canada,1989,38.7
chile,1989,43.2
cooks,1989,35.0
costa_rica,1989,45.3
cyprus,1989,41.0
denmark,1989,31.8
egypt,1989,57.0
el_salvador,1989,44.0
fiji,1989,43.0
finland,1989,31.8
france,1989,38.8
germany,1989,39.9
greece,1989,41.1
guatemala,1989,41.01
hungary,1989,32.90769
india,1989,46.4
ireland,1989,41.7
israel,1989,39.3
jamaica,1989,39.16
japan,1989,41.4
jordan,1989,58.15385
kenya,1989,42.0
luxembourg,1989,40.3
macau_china,1989,52.9
mexico,1989,45.1
moldova,1989,34.3
myanmar,1989,38.5
netherlands,1989,39.85
new_zealand,1989,40.5
norway,1989,37.7
paraguay,1989,39.69231
peru,1989,46.7
philippines,1989,49.9
poland,1989,34.61539
portugal,1989,41.0
romania,1989,39.5
san_marino,1989,36.7
singapore,1989,48.6
south_africa,1989,47.5
south_korea,1989,50.7
spain,1989,36.8
sri_lanka,1989,50.5
sweden,1989,38.45
switzerland,1989,41.7
thailand,1989,48.2
turkey,1989,49.9
united_kingdom,1989,44.5
united_states,1989,41.0
united_states_virgin_islands,1989,41.7
uruguay,1989,43.8
argentina,1990,44.3
australia,1990,37.7
austria,1990,35.74615
belgium,1990,33.4
bolivia,1990,47.53
canada,1990,38.2
chile,1990,44.9
china,1990,41.93077
costa_rica,1990,47.9
cyprus,1990,41.0
denmark,1990,31.5
egypt,1990,56.0
el_salvador,1990,44.3
fiji,1990,43.0
finland,1990,38.21
france,1990,38.79
germany,1990,39.2
greece,1990,41.1
guatemala,1990,44.0
hungary,1990,33.11539
india,1990,46.5
ireland,1990,41.5
israel,1990,39.1
jamaica,1990,39.043
japan,1990,40.0
jordan,1990,57.9
kazakhstan,1990,34.19077
kenya,1990,43.0
luxembourg,1990,39.9
macau_china,1990,52.8
mexico,1990,45.4
moldova,1990,33.6
netherlands,1990,39.8
new_zealand,1990,41.1
norway,1990,37.7
paraguay,1990,43.61539
peru,1990,47.49
philippines,1990,44.9
poland,1990,33.0
portugal,1990,41.0
romania,1990,39.5
san_marino,1990,36.4
singapore,1990,48.5
south_africa,1990,45.4
south_korea,1990,49.8
spain,1990,36.7
sri_lanka,1990,49.3
sudan,1990,56.69308
sweden,1990,38.5
switzerland,1990,41.6
thailand,1990,48.32
tonga,1990,41.1
turkey,1990,42.0
united_kingdom,1990,42.3
united_states,1990,40.8
united_states_virgin_islands,1990,42.4
uruguay,1990,43.2
argentina,1991,43.8
australia,1991,38.1
austria,1991,35.46923
bahamas,1991,40.7
belgium,1991,32.7
bolivia,1991,44.04
canada,1991,37.9
chile,1991,45.3
colombia,1991,47.55
costa_rica,1991,48.8
cyprus,1991,41.0
denmark,1991,31.5
dominican_republic,1991,42.0
egypt,1991,58.0
el_salvador,1991,44.9
fiji,1991,43.0
finland,1991,38.0
france,1991,38.74
germany,1991,38.9
greece,1991,41.1
guatemala,1991,46.33
hungary,1991,32.63077
iceland,1991,41.0
india,1991,46.5
ireland,1991,40.7
israel,1991,40.4
jamaica,1991,38.6
japan,1991,38.8
jordan,1991,57.43846
kazakhstan,1991,33.96
kenya,1991,43.0
luxembourg,1991,39.8
macau_china,1991,52.4
mexico,1991,45.6
moldova,1991,29.8
myanmar,1991,38.5
netherlands,1991,39.9
new_zealand,1991,40.7
norway,1991,38.7
paraguay,1991,39.23077
peru,1991,44.86
philippines,1991,44.6
poland,1991,31.61538
portugal,1991,40.7
romania,1991,39.0
san_marino,1991,35.8
singapore,1991,48.7
south_africa,1991,44.9
south_korea,1991,49.3
spain,1991,36.6
sri_lanka,1991,49.4
suriname,1991,43.0
sweden,1991,38.5
switzerland,1991,41.5
thailand,1991,48.19
turkey,1991,44.9
united_kingdom,1991,41.3
united_states,1991,40.7
united_states_virgin_islands,1991,41.4
uruguay,1991,42.8
venezuela,1991,38.85
argentina,1992,43.7
australia,1992,37.6
austria,1992,35.46923
bahamas,1992,42.2
belarus,1992,33.0
belgium,1992,32.3
bolivia,1992,45.2
brazil,1992,42.8
bulgaria,1992,36.3
canada,1992,38.3
chile,1992,43.6
china,1992,46.35
colombia,1992,47.1
costa_rica,1992,49.4
cyprus,1992,41.0
czech_republic,1992,39.7
denmark,1992,31.5
dominican_republic,1992,43.0
egypt,1992,52.0
el_salvador,1992,46.2
estonia,1992,31.1
finland,1992,38.0
france,1992,38.75
germany,1992,37.6
greece,1992,41.1
guyana,1992,33.81
hungary,1992,31.47692
iceland,1992,42.4
india,1992,46.4
ireland,1992,40.5
isle_of_man,1992,38.8
israel,1992,40.9
jamaica,1992,38.19
japan,1992,37.7
jordan,1992,58.36154
kazakhstan,1992,33.78923
kenya,1992,43.0
lithuania,1992,40.1
luxembourg,1992,40.5
macau_china,1992,51.2
mexico,1992,45.5
moldova,1992,27.6
myanmar,1992,38.0
netherlands,1992,39.9
new_zealand,1992,41.2
norway,1992,38.6
paraguay,1992,36.46154
peru,1992,41.88
philippines,1992,44.5
poland,1992,39.15
portugal,1992,39.3
romania,1992,39.0
russia,1992,39.15
san_marino,1992,36.7
singapore,1992,48.7
slovenia,1992,36.65
south_africa,1992,44.7
south_korea,1992,48.7
spain,1992,36.3
sri_lanka,1992,51.8
sudan,1992,56.19231
suriname,1992,43.0
sweden,1992,38.4
switzerland,1992,41.4
thailand,1992,45.32
turkey,1992,46.2
united_kingdom,1992,41.5
united_states,1992,41.0
united_states_virgin_islands,1992,42.0
uruguay,1992,43.5
venezuela,1992,39.0
argentina,1993,44.0
australia,1993,38.0
austria,1993,35.30769
bahamas,1993,40.5
belarus,1993,32.6
belgium,1993,32.4
bolivia,1993,44.02
brazil,1993,42.5
bulgaria,1993,36.2
canada,1993,38.6
chile,1993,43.6
colombia,1993,48.1
cooks,1993,36.0
costa_rica,1993,49.7
cyprus,1993,41.0
czech_republic,1993,39.74
denmark,1993,31.5
dominican_republic,1993,45.0
egypt,1993,59.0
el_salvador,1993,47.0
estonia,1993,31.412
finland,1993,38.0
france,1993,38.62
germany,1993,38.0
greece,1993,42.0
hungary,1993,33.3
iceland,1993,42.6
india,1993,46.6
ireland,1993,40.4
isle_of_man,1993,37.8
israel,1993,41.1
italy,1993,40.4
jamaica,1993,39.26
japan,1993,37.6
jordan,1993,58.29231
kazakhstan,1993,31.59462
kenya,1993,43.0
lithuania,1993,39.71
luxembourg,1993,40.6
macau_china,1993,48.5
malta,1993,46.25
mexico,1993,45.0
moldova,1993,22.6
myanmar,1993,37.5
netherlands,1993,38.94
new_zealand,1993,41.7
nicaragua,1993,44.07
norway,1993,38.4
paraguay,1993,39.23077
peru,1993,46.6
philippines,1993,44.0
poland,1993,38.35
portugal,1993,37.6
romania,1993,39.5
russia,1993,43.45
san_marino,1993,38.4
singapore,1993,49.2
slovakia,1993,41.6
slovenia,1993,40.6
south_africa,1993,45.3
south_korea,1993,48.9
spain,1993,36.2
sri_lanka,1993,53.0
sweden,1993,38.5
switzerland,1993,41.4
thailand,1993,48.18
turkey,1993,41.9
united_kingdom,1993,41.3
united_states,1993,41.4
united_states_virgin_islands,1993,43.5
uruguay,1993,43.1
venezuela,1993,38.95
argentina,1994,44.3
australia,1994,38.1
austria,1994,35.51539
bahamas,1994,40.7
belarus,1994,32.5
belgium,1994,33.0
bolivia,1994,45.337
canada,1994,38.9
chile,1994,44.6
colombia,1994,47.7
costa_rica,1994,48.4
cyprus,1994,40.0
czech_republic,1994,40.24
dominican_republic,1994,44.0
egypt,1994,60.0
el_salvador,1994,47.5
estonia,1994,33.02
finland,1994,38.2
france,1994,38.68
germany,1994,38.3
greece,1994,42.0
hungary,1994,33.62308
iceland,1994,42.4
india,1994,46.5
ireland,1994,40.7
isle_of_man,1994,40.6
israel,1994,41.7
italy,1994,40.5
jamaica,1994,38.37
japan,1994,37.8
jordan,1994,58.61539
kenya,1994,43.0
lithuania,1994,39.97
macau_china,1994,48.1
mexico,1994,45.23
moldova,1994,22.3
netherlands,1994,39.0
new_zealand,1994,41.6
nicaragua,1994,45.6
norway,1994,38.6
paraguay,1994,39.23077
peru,1994,57.91
philippines,1994,44.4
poland,1994,41.8
portugal,1994,38.0
romania,1994,38.5
russia,1994,43.95
san_marino,1994,37.4
singapore,1994,49.3
slovakia,1994,32.30769
slovenia,1994,40.5
south_africa,1994,45.8
south_korea,1994,48.7
spain,1994,36.5
sri_lanka,1994,52.6
sweden,1994,37.3
switzerland,1994,41.4
thailand,1994,48.21
tonga,1994,38.5
turkey,1994,42.3
united_kingdom,1994,41.6
united_states,1994,42.0
united_states_virgin_islands,1994,42.7
uruguay,1994,43.7
venezuela,1994,39.65
argentina,1995,45.15
australia,1995,38.7
austria,1995,36.1
bangladesh,1995,46.0
belgium,1995,32.9
belize,1995,40.0
bolivia,1995,45.397
brazil,1995,42.4
canada,1995,38.5
chile,1995,44.1
colombia,1995,47.2
costa_rica,1995,48.5
croatia,1995,36.5
cuba,1995,39.0
cyprus,1995,40.0
czech_republic,1995,40.4
dominican_republic,1995,44.0
egypt,1995,57.0
el_salvador,1995,45.8
estonia,1995,33.12
finland,1995,38.0
france,1995,38.71
germany,1995,37.4
greece,1995,42.0
hungary,1995,33.94615
iceland,1995,42.9
ireland,1995,40.8
isle_of_man,1995,41.6
israel,1995,41.8
italy,1995,40.7
jamaica,1995,39.05
japan,1995,38.2
jordan,1995,58.45385
kenya,1995,43.0
latvia,1995,38.7
lithuania,1995,39.95
macau_china,1995,48.1
malta,1995,46.9
mexico,1995,45.4
moldova,1995,22.2
netherlands,1995,38.9
new_zealand,1995,42.1
nicaragua,1995,45.7
norway,1995,38.4
paraguay,1995,40.84615
peru,1995,43.0
philippines,1995,44.6
poland,1995,41.7
portugal,1995,38.0
romania,1995,39.0
russia,1995,44.6
san_marino,1995,38.5
singapore,1995,49.3
slovakia,1995,32.53846
slovenia,1995,40.7
south_africa,1995,45.8
south_korea,1995,49.2
spain,1995,36.7
suriname,1995,41.0
sweden,1995,37.8
switzerland,1995,41.4
thailand,1995,49.41
turkey,1995,46.1
united_kingdom,1995,42.2
united_states,1995,41.6
united_states_virgin_islands,1995,41.7
uruguay,1995,42.0
venezuela,1995,35.4
albania,1996,32.26154
argentina,1996,46.3
australia,1996,40.2
austria,1996,36.6
belgium,1996,32.7
bolivia,1996,44.677
brazil,1996,43.3
canada,1996,38.4
chile,1996,44.9
colombia,1996,47.5
costa_rica,1996,49.3
croatia,1996,36.89231
cuba,1996,39.0
cyprus,1996,42.0
czech_republic,1996,40.5
dominican_republic,1996,44.86
egypt,1996,57.0
el_salvador,1996,45.79
estonia,1996,33.12
finland,1996,38.1
france,1996,38.67
germany,1996,37.4
greece,1996,42.0
hungary,1996,34.17692
iceland,1996,43.0
india,1996,46.7
ireland,1996,40.4
isle_of_man,1996,39.8
israel,1996,42.1
italy,1996,40.5
jamaica,1996,38.96
japan,1996,38.2
jordan,1996,58.66154
kenya,1996,43.0
latvia,1996,40.6
lithuania,1996,38.61
macau_china,1996,48.61
malta,1996,48.7
mexico,1996,45.5
moldova,1996,22.8
netherlands,1996,38.7
netherlands_antilles,1996,40.0
new_zealand,1996,41.8
nicaragua,1996,46.25
norway,1996,38.5
paraguay,1996,40.15385
peru,1996,49.23
philippines,1996,44.0
poland,1996,42.7
portugal,1996,39.0
romania,1996,38.0
russia,1996,31.9
san_marino,1996,39.5
singapore,1996,49.4
slovakia,1996,32.53846
slovenia,1996,40.4
south_africa,1996,45.4
south_korea,1996,48.4
spain,1996,37.1
suriname,1996,40.7
sweden,1996,30.93
switzerland,1996,41.4
thailand,1996,49.44
turkey,1996,47.6
ukraine,1996,24.46154
united_kingdom,1996,41.9
united_states,1996,41.6
united_states_virgin_islands,1996,41.5
uruguay,1996,41.6
venezuela,1996,43.7
albania,1997,32.26154
argentina,1997,46.5
australia,1997,38.6
austria,1997,36.9
belgium,1997,33.1
brazil,1997,42.6
canada,1997,39.3
chile,1997,44.2
colombia,1997,47.5
costa_rica,1997,49.2
croatia,1997,37.00769
cuba,1997,40.0
cyprus,1997,39.0
czech_republic,1997,40.9
dominican_republic,1997,45.905
egypt,1997,54.0
el_salvador,1997,49.4
estonia,1997,33.63
finland,1997,39.6
france,1997,38.62
germany,1997,37.5
greece,1997,42.0
hungary,1997,34.33846
iceland,1997,42.7
ireland,1997,40.5
isle_of_man,1997,41.65
italy,1997,40.5
jamaica,1997,38.25
japan,1997,37.5
jordan,1997,58.73077
kenya,1997,44.0
latvia,1997,39.6
lithuania,1997,38.56
macau_china,1997,48.7
malta,1997,49.65
mexico,1997,46.2
moldova,1997,22.7
myanmar,1997,39.0
netherlands,1997,38.7
netherlands_antilles,1997,40.2
new_zealand,1997,41.4
nicaragua,1997,44.58
norway,1997,38.4
paraguay,1997,45.23077
peru,1997,47.74
philippines,1997,44.3
poland,1997,42.11
portugal,1997,38.45
romania,1997,38.0
russia,1997,32.3
san_marino,1997,39.1
singapore,1997,49.5
slovakia,1997,31.84615
slovenia,1997,40.1
south_africa,1997,45.5
south_korea,1997,47.8
spain,1997,37.1
sweden,1997,38.2
switzerland,1997,41.4
thailand,1997,49.05
turkey,1997,45.8
ukraine,1997,24.46154
united_kingdom,1997,42.0
united_states,1997,42.0
united_states_virgin_islands,1997,42.7
uruguay,1997,42.8
albania,1998,32.23846
argentina,1998,46.5
australia,1998,39.9
austria,1998,35.8
belgium,1998,32.9
brazil,1998,43.0
canada,1998,38.6
chile,1998,43.7
colombia,1998,47.1
costa_rica,1998,49.4
croatia,1998,36.82308
cuba,1998,41.0
cyprus,1998,39.93333
czech_republic,1998,40.8
dominican_republic,1998,46.97
ecuador,1998,43.64
el_salvador,1998,48.2
estonia,1998,33.03
finland,1998,38.4
france,1998,38.60867
germany,1998,37.7
greece,1998,42.0
hungary,1998,34.38461
iceland,1998,41.4
india,1998,46.5
ireland,1998,40.4
isle_of_man,1998,41.3
israel,1998,42.03
italy,1998,40.5
jamaica,1998,39.56
japan,1998,37.4
jordan,1998,58.06154
latvia,1998,40.6
lithuania,1998,37.425
macau_china,1998,48.8
malta,1998,47.05
mexico,1998,45.0
moldova,1998,22.7
myanmar,1998,39.5
netherlands,1998,37.55
netherlands_antilles,1998,40.6
new_zealand,1998,41.4
nicaragua,1998,45.68
norway,1998,38.3
paraguay,1998,40.15385
peru,1998,48.45
philippines,1998,43.7
poland,1998,41.9
portugal,1998,37.2
romania,1998,38.0
russia,1998,33.3
san_marino,1998,38.6
singapore,1998,48.4
slovakia,1998,32.07692
slovenia,1998,40.4
south_korea,1998,46.1
spain,1998,37.1
sweden,1998,38.2
switzerland,1998,41.4
thailand,1998,50.53
turkey,1998,47.7
ukraine,1998,25.61538
united_kingdom,1998,41.8
united_states,1998,41.7
uruguay,1998,45.7
albania,1999,32.12308
argentina,1999,46.4
austria,1999,36.7
belgium,1999,34.4
bolivia,1999,43.9
canada,1999,38.7
chile,1999,43.2
colombia,1999,46.8
costa_rica,1999,49.1
croatia,1999,41.53
cuba,1999,41.0
cyprus,1999,40.5
czech_republic,1999,40.98
dominican_republic,1999,46.22
egypt,1999,57.0
el_salvador,1999,47.3
estonia,1999,33.8
finland,1999,38.1
france,1999,37.6
germany,1999,37.5
greece,1999,43.0
hungary,1999,34.52308
iceland,1999,42.7
india,1999,46.6
indonesia,1999,43.1
ireland,1999,39.9
isle_of_man,1999,40.7
israel,1999,43.9
italy,1999,40.6
jamaica,1999,40.32
jordan,1999,54.0
latvia,1999,40.35
lithuania,1999,39.1
macau_china,1999,48.8
malta,1999,41.0
mexico,1999,45.5
moldova,1999,22.7
myanmar,1999,39.5
netherlands,1999,38.6
new_zealand,1999,38.1
nicaragua,1999,47.76
norway,1999,36.6
paraguay,1999,31.38462
peru,1999,49.61
philippines,1999,44.3
poland,1999,41.3
portugal,1999,37.1
romania,1999,40.9
russia,1999,33.19
san_marino,1999,38.8
singapore,1999,49.2
slovakia,1999,32.53846
slovenia,1999,40.5
south_korea,1999,50.1
spain,1999,36.3
sri_lanka,1999,53.8
sweden,1999,33.92
switzerland,1999,41.3
turkey,1999,48.3
ukraine,1999,25.38462
united_kingdom,1999,41.2
united_states,1999,41.55
uruguay,1999,45.7
albania,2000,32.12308
argentina,2000,46.1
australia,2000,38.03
austria,2000,36.6
belgium,2000,35.7
bolivia,2000,47.0
brazil,2000,33.4
bulgaria,2000,32.9
canada,2000,38.8
chile,2000,43.6
colombia,2000,46.0
costa_rica,2000,48.9
croatia,2000,41.33
cuba,2000,41.0
cyprus,2000,40.2
czech_republic,2000,40.69
dominican_republic,2000,45.35
egypt,2000,55.0
el_salvador,2000,50.0
estonia,2000,33.9
finland,2000,38.0
france,2000,36.32
germany,2000,37.9
greece,2000,43.0
hungary,2000,34.52308
iceland,2000,43.5
india,2000,47.2
indonesia,2000,43.4
ireland,2000,39.5
isle_of_man,2000,39.2
israel,2000,44.7
italy,2000,40.5
jamaica,2000,39.81
jordan,2000,59.07692
latvia,2000,41.0
lithuania,2000,38.98
luxembourg,2000,44.5
macau_china,2000,48.2
malta,2000,40.0
mexico,2000,44.4
moldova,2000,24.4
myanmar,2000,40.0
netherlands,2000,38.6
netherlands_antilles,2000,39.9
new_zealand,2000,37.0
nicaragua,2000,47.04
norway,2000,36.5
paraguay,2000,44.07692
peru,2000,49.05
philippines,2000,45.0
poland,2000,41.2
portugal,2000,37.0
romania,2000,40.9
san_marino,2000,33.69
singapore,2000,50.0
slovakia,2000,32.76923
slovenia,2000,40.3
south_korea,2000,49.3
spain,2000,36.1
sri_lanka,2000,53.0
st_lucia,2000,41.69231
state_of_palestine,2000,48.1
sweden,2000,34.29
switzerland,2000,41.3
taiwan,2000,45.85385
turkey,2000,51.3
ukraine,2000,33.0
united_kingdom,2000,41.3
united_states,2000,41.3
united_states_virgin_islands,2000,43.9
uruguay,2000,45.7
albania,2001,31.96154
argentina,2001,45.4
australia,2001,38.2
austria,2001,36.5
belgium,2001,36.6
bolivia,2001,39.8
brazil,2001,33.8
bulgaria,2001,33.2
canada,2001,38.2
chile,2001,43.6
costa_rica,2001,49.0
croatia,2001,41.33
cuba,2001,41.0
cyprus,2001,40.5
czech_republic,2001,40.9
dominican_republic,2001,45.05
egypt,2001,54.0
el_salvador,2001,45.0
estonia,2001,33.8
finland,2001,37.8
france,2001,35.65
germany,2001,37.8
greece,2001,43.0
hungary,2001,33.96923
iceland,2001,43.5
india,2001,46.7
indonesia,2001,42.8
ireland,2001,39.6
isle_of_man,2001,37.9
israel,2001,43.9
italy,2001,40.5
jamaica,2001,39.8
jersey,2001,40.6
jordan,2001,59.53846
latvia,2001,41.2
lithuania,2001,38.94667
luxembourg,2001,39.5
macau_china,2001,48.0
malta,2001,40.0
mexico,2001,44.0
moldova,2001,26.6
myanmar,2001,40.0
netherlands,2001,38.6
new_zealand,2001,37.4
nicaragua,2001,47.27
norway,2001,36.5
panama,2001,45.1
paraguay,2001,43.15385
peru,2001,54.65
philippines,2001,45.4
poland,2001,41.0
portugal,2001,36.9
romania,2001,40.8
san_marino,2001,34.15
singapore,2001,48.7
slovakia,2001,33.0
slovenia,2001,34.9
south_korea,2001,48.3
spain,2001,36.3
sri_lanka,2001,53.7
st_lucia,2001,36.88461
state_of_palestine,2001,46.4
sweden,2001,38.2
switzerland,2001,41.2
taiwan,2001,42.55385
turkey,2001,51.4
ukraine,2001,29.53846
united_kingdom,2001,41.3
united_states,2001,40.3
united_states_virgin_islands,2001,43.7
uruguay,2001,37.38461
albania,2002,31.86923
argentina,2002,44.1
armenia,2002,41.0
australia,2002,38.2
austria,2002,36.8
belgium,2002,37.1
belize,2002,32.0
bolivia,2002,45.4
brazil,2002,44.2
bulgaria,2002,33.0
canada,2002,38.3
chile,2002,44.1
colombia,2002,46.5
costa_rica,2002,50.0
croatia,2002,41.33
cuba,2002,40.0
cyprus,2002,40.0
czech_republic,2002,40.83
dominican_republic,2002,44.02
egypt,2002,55.0
el_salvador,2002,52.0
estonia,2002,34.0
finland,2002,37.6
france,2002,35.31
germany,2002,37.6
greece,2002,43.0
hungary,2002,33.99231
iceland,2002,42.3
india,2002,46.9
indonesia,2002,43.3
ireland,2002,39.4
isle_of_man,2002,39.8
israel,2002,44.4
italy,2002,39.4
jamaica,2002,39.14
jordan,2002,59.07692
latvia,2002,40.4
lithuania,2002,38.8
luxembourg,2002,40.0
macau_china,2002,47.8
malta,2002,38.7
mexico,2002,45.2
moldova,2002,27.7
myanmar,2002,40.0
netherlands,2002,38.5
new_zealand,2002,37.9
nicaragua,2002,50.77
norway,2002,36.7
panama,2002,45.4
paraguay,2002,49.38461
peru,2002,53.6
philippines,2002,45.8
poland,2002,41.1
portugal,2002,36.8
romania,2002,40.6
russia,2002,40.7
san_marino,2002,40.3
singapore,2002,49.0
slovakia,2002,31.84615
slovenia,2002,36.0
south_korea,2002,47.7
spain,2002,36.0
sri_lanka,2002,49.0
st_lucia,2002,39.15385
state_of_palestine,2002,45.7
sweden,2002,37.9
switzerland,2002,41.2
taiwan,2002,43.29231
turkey,2002,51.9
ukraine,2002,30.46154
united_kingdom,2002,41.0
united_states,2002,40.5
united_states_virgin_islands,2002,42.8
uruguay,2002,37.15385
albania,2003,31.96154
argentina,2003,44.84
armenia,2003,44.7
australia,2003,38.1
austria,2003,36.9
belgium,2003,36.2
bolivia,2003,43.21
brazil,2003,44.24
bulgaria,2003,33.0
canada,2003,38.1
chile,2003,43.3
china,2003,46.4
colombia,2003,46.4
costa_rica,2003,49.0
croatia,2003,41.4
cuba,2003,40.0
cyprus,2003,40.1
czech_republic,2003,40.41
dominican_republic,2003,44.79
egypt,2003,57.0
el_salvador,2003,46.0
estonia,2003,33.7
finland,2003,37.5
france,2003,35.564
germany,2003,37.7
greece,2003,43.0
guyana,2003,45.0
hungary,2003,34.17692
iceland,2003,41.11
india,2003,47.1
indonesia,2003,44.0
ireland,2003,39.2
isle_of_man,2003,38.6
israel,2003,43.9
italy,2003,39.2
jamaica,2003,38.95
jordan,2003,59.07692
latvia,2003,40.4
lithuania,2003,38.89333
luxembourg,2003,40.6
macau_china,2003,47.2
malta,2003,39.4
mexico,2003,44.5
moldova,2003,29.7
myanmar,2003,40.0
netherlands,2003,38.5
new_zealand,2003,38.0
norway,2003,36.3
panama,2003,46.2
paraguay,2003,46.61539
peru,2003,55.95
philippines,2003,46.2
poland,2003,41.2
portugal,2003,36.4
romania,2003,40.3
russia,2003,39.3
san_marino,2003,38.4
singapore,2003,49.2
slovakia,2003,31.61538
slovenia,2003,36.7
south_korea,2003,47.6
spain,2003,36.0
sri_lanka,2003,51.1
st_lucia,2003,39.92308
state_of_palestine,2003,47.1
sweden,2003,37.5
switzerland,2003,41.2
taiwan,2003,43.45385
turkey,2003,52.2
ukraine,2003,31.38462
united_kingdom,2003,40.9
united_states,2003,40.4
united_states_virgin_islands,2003,46.4
uruguay,2003,38.07692
albania,2004,32.26154
argentina,2004,44.4
armenia,2004,45.4
australia,2004,38.1
austria,2004,35.9
belgium,2004,34.0
belize,2004,31.5
bolivia,2004,46.4
brazil,2004,44.24
bulgaria,2004,34.0
canada,2004,37.9
chile,2004,43.0
china,2004,46.9
colombia,2004,46.3
costa_rica,2004,47.4
croatia,2004,41.03
cuba,2004,41.0
cyprus,2004,40.0
czech_republic,2004,40.52
dominican_republic,2004,43.16
ecuador,2004,44.62
egypt,2004,56.0
el_salvador,2004,47.0
estonia,2004,34.0
ethiopia,2004,39.0
finland,2004,37.5
france,2004,36.0
germany,2004,37.6
greece,2004,43.3
hungary,2004,34.73077
iceland,2004,41.1
india,2004,47.0
indonesia,2004,43.64
ireland,2004,39.2
isle_of_man,2004,39.6
israel,2004,44.0
italy,2004,35.83
jamaica,2004,39.07
jordan,2004,59.76923
latvia,2004,40.6
lithuania,2004,39.04
luxembourg,2004,40.2
macau_china,2004,47.4
malta,2004,40.2
mexico,2004,44.8
moldova,2004,30.3
myanmar,2004,40.0
netherlands,2004,38.5
new_zealand,2004,38.45
norway,2004,36.3
panama,2004,45.9
peru,2004,53.7
philippines,2004,46.4
poland,2004,41.2
portugal,2004,36.1
romania,2004,41.6
russia,2004,36.49
san_marino,2004,36.9
singapore,2004,49.8
slovakia,2004,32.76923
slovenia,2004,36.1
south_korea,2004,47.4
spain,2004,35.8
sri_lanka,2004,50.7
state_of_palestine,2004,46.3
sweden,2004,37.5
switzerland,2004,41.2
taiwan,2004,43.98461
turkey,2004,52.1
ukraine,2004,32.76923
united_kingdom,2004,41.0
united_states,2004,40.8
united_states_virgin_islands,2004,43.7
uruguay,2004,39.0
argentina,2005,45.3
armenia,2005,50.8
australia,2005,37.9
austria,2005,35.2
belgium,2005,33.2
belize,2005,31.5
bolivia,2005,45.2
brazil,2005,44.1
bulgaria,2005,34.0
canada,2005,37.9
chile,2005,42.0
china,2005,51.1
colombia,2005,47.1
costa_rica,2005,46.7
croatia,2005,41.2
cuba,2005,41.0
cyprus,2005,39.9
czech_republic,2005,40.47
dominican_republic,2005,42.95
ecuador,2005,45.0
egypt,2005,57.0
el_salvador,2005,48.0
estonia,2005,33.7
ethiopia,2005,28.0
finland,2005,37.8
france,2005,36.3
germany,2005,37.6
greece,2005,43.2
hungary,2005,34.66154
iceland,2005,42.2
india,2005,47.2
indonesia,2005,43.3
ireland,2005,39.0
isle_of_man,2005,39.7
israel,2005,44.0
italy,2005,36.1
jamaica,2005,38.53
japan,2005,38.5
jordan,2005,58.38461
latvia,2005,40.9
lithuania,2005,38.81333
luxembourg,2005,42.09
macau_china,2005,47.5
malta,2005,39.2
mexico,2005,46.55
moldova,2005,30.4
myanmar,2005,40.0
netherlands,2005,38.5
new_zealand,2005,38.0
norway,2005,36.9
panama,2005,45.9
peru,2005,54.8
philippines,2005,45.92
poland,2005,42.0
portugal,2005,36.6
romania,2005,41.4
russia,2005,34.7
san_marino,2005,33.69
singapore,2005,50.2
slovakia,2005,32.76923
slovenia,2005,37.1
south_korea,2005,46.9
spain,2005,36.2
sri_lanka,2005,49.6
state_of_palestine,2005,49.1
sweden,2005,37.94
switzerland,2005,41.2
taiwan,2005,43.56923
turkey,2005,53.7
ukraine,2005,32.76923
united_kingdom,2005,40.6
united_states,2005,40.7
united_states_virgin_islands,2005,43.7
uruguay,2005,39.0
armenia,2006,52.83
australia,2006,37.6
austria,2006,35.6
belgium,2006,35.3
belize,2006,34.1
bolivia,2006,46.7
brazil,2006,43.9
bulgaria,2006,34.0
canada,2006,37.9
chile,2006,42.0
china,2006,50.4
colombia,2006,49.5
costa_rica,2006,46.1
croatia,2006,41.0
cuba,2006,42.0
cyprus,2006,40.4
czech_republic,2006,40.57
dominican_republic,2006,42.08
ecuador,2006,45.0
egypt,2006,56.0
el_salvador,2006,50.0
estonia,2006,33.8
finland,2006,37.8
france,2006,36.37
germany,2006,37.9
greece,2006,42.9
guyana,2006,45.0
hungary,2006,34.59231
iceland,2006,42.7
india,2006,46.9
ireland,2006,38.8
isle_of_man,2006,39.0
israel,2006,43.9
italy,2006,36.1
jamaica,2006,37.8
japan,2006,38.7
jordan,2006,59.07692
latvia,2006,40.4
lithuania,2006,38.55
luxembourg,2006,39.3
macau_china,2006,47.2
malta,2006,40.3
mexico,2006,45.4
moldova,2006,29.5
myanmar,2006,40.0
netherlands,2006,37.6
new_zealand,2006,37.8
norway,2006,36.8
panama,2006,45.6
peru,2006,54.1
philippines,2006,46.2
poland,2006,41.4
portugal,2006,36.8
romania,2006,40.3
russia,2006,34.5
san_marino,2006,33.46
singapore,2006,50.51
slovakia,2006,32.76923
slovenia,2006,39.9
south_korea,2006,46.0
spain,2006,36.5
sri_lanka,2006,49.2
state_of_palestine,2006,49.3
sweden,2006,37.7
switzerland,2006,41.2
taiwan,2006,43.22308
turkey,2006,54.0
ukraine,2006,32.76923
united_kingdom,2006,40.7
united_states,2006,41.1
united_states_virgin_islands,2006,43.8
uruguay,2006,39.0
armenia,2007,47.34
australia,2007,37.7
austria,2007,35.6
belgium,2007,35.0
belize,2007,31.5
bolivia,2007,46.66803
brazil,2007,43.9
bulgaria,2007,34.0
canada,2007,38.0
chile,2007,41.7
china,2007,49.4
colombia,2007,49.27
costa_rica,2007,47.6
croatia,2007,40.6
cuba,2007,41.0
czech_republic,2007,40.48
dominican_republic,2007,42.69
ecuador,2007,46.0
egypt,2007,56.0
el_salvador,2007,48.0
estonia,2007,33.4
finland,2007,37.7
france,2007,36.53
germany,2007,38.4
greece,2007,43.0
guyana,2007,55.0
hungary,2007,34.2
iceland,2007,42.2
ireland,2007,39.1
isle_of_man,2007,38.6
israel,2007,43.9
italy,2007,36.3
jamaica,2007,37.94
japan,2007,38.7
latvia,2007,38.7
lithuania,2007,38.665
luxembourg,2007,40.9
macau_china,2007,47.3
malta,2007,39.4
mexico,2007,45.5
moldova,2007,31.3
myanmar,2007,40.0
netherlands,2007,37.0
new_zealand,2007,37.5
norway,2007,36.7
panama,2007,45.6
paraguay,2007,53.0
peru,2007,54.5
poland,2007,40.9
portugal,2007,35.9
romania,2007,41.6
russia,2007,35.0
san_marino,2007,33.46
singapore,2007,50.6
slovakia,2007,32.76923
slovenia,2007,35.1
south_korea,2007,45.4
spain,2007,36.1
sri_lanka,2007,53.0
state_of_palestine,2007,50.3
sweden,2007,37.6
switzerland,2007,41.2
taiwan,2007,43.22308
turkey,2007,51.8
ukraine,2007,33.0
united_kingdom,2007,40.9
united_states,2007,41.2
united_states_virgin_islands,2007,42.2
uruguay,2007,40.0
venezuela,2007,40.41
armenia,2008,46.0
australia,2008,37.7475
austria,2008,35.5
brazil,2008,43.6
canada,2008,37.2
cayman_islands,2008,41.8
chile,2008,40.3
costa_rica,2008,47.4
croatia,2008,40.6
cuba,2008,41.0
el_salvador,2008,53.0
estonia,2008,33.2
finland,2008,38.2
france,2008,36.65
germany,2008,38.4
greece,2008,42.7
hungary,2008,34.33846
iceland,2008,43.0
ireland,2008,38.9
isle_of_man,2008,38.3
israel,2008,43.6
italy,2008,35.9
japan,2008,38.2
latvia,2008,37.1
lithuania,2008,39.8
luxembourg,2008,37.55
macau_china,2008,47.7
malta,2008,39.36078
mexico,2008,46.4
moldova,2008,31.4
myanmar,2008,40.0
netherlands,2008,37.6
new_zealand,2008,37.3
norway,2008,36.6
panama,2008,43.02615
paraguay,2008,54.5
peru,2008,53.4
poland,2008,40.9
portugal,2008,36.1
romania,2008,41.4
russia,2008,34.0
san_marino,2008,33.23
slovakia,2008,32.30769
slovenia,2008,40.5
south_korea,2008,43.74
spain,2008,36.0
sri_lanka,2008,48.9
state_of_palestine,2008,46.9
sweden,2008,37.6
switzerland,2008,41.2
taiwan,2008,42.62308
turkey,2008,52.8
ukraine,2008,32.53846
united_kingdom,2008,41.6
united_states,2008,40.8
united_states_virgin_islands,2008,43.3
uruguay,2008,41.6
venezuela,2008,40.43
